id,target_air,target_value,target_phase
284fcd5ae21e,0,12950.0,0
ec6c942190a7,0,2125.0,0
95b4c501c386,0,4100.0,0
9d976eac25ba,0,1250.0,0
1e0fb1acc8b6,1,11250.0,1
62a448b6f6b2,0,12825.0,3
4dbe031c5809,1,16050.0,3
a31a9c361fb2,0,5300.0,2
515fc61798d5,1,2300.0,1
8665b401306e,1,26150.0,3
822af92596be,0,1675.0,1
62f5982cb3b5,0,5825.0,1
f9451e4d81fe,1,2200.0,3
47584cac5262,0,3600.0,3
a61fa0cbfb84,1,3025.0,0
abd51188770a,0,425.0,0
f906eaca8aca,0,6050.0,2
db4c189e668c,1,2300.0,2
ae9bc73f1647,1,11675.0,3
7111ad5a8eb1,0,0.0,0
9def893e24af,1,5900.0,1
785a923310da,0,7500.0,3
62fbc010ee8c,0,3850.0,2
a08541bed527,0,4150.0,0
43d0a54a3f17,1,500.0,3
f8175da77249,0,2500.0,2
e3d995b4d742,0,2975.0,1
3b52fe1d1401,1,2300.0,3
58caf3e25b30,0,2700.0,2
39de513066d2,1,2200.0,1
81480b26c427,1,550.0,2
cf6f6c843058,1,725.0,2
9185cd15eeb1,1,14975.0,0
1871b8ef1997,1,4800.0,3
b580003d8ec6,1,3600.0,3
d654bec935c3,1,2650.0,1
027ccd6f3bd1,1,4300.0,0
5b69bf30b796,0,750.0,3
785ace6c59cc,0,3000.0,3
62813fb29835,1,5525.0,0
a4cd4fc33fd0,0,1275.0,0
63d7eaadff2f,1,5400.0,3
c46dc6a026f4,1,16875.0,1
9920e044b205,1,3650.0,1
a54b3a34345d,0,13325.0,0
cdedce180981,1,3325.0,1
d8a814692df8,0,7900.0,2
86eb690f7e71,1,9800.0,3
c1d95fd394c3,1,3000.0,2
97ee8df7a9e0,1,0.0,1
8d7a11840e57,0,18600.0,1
1f4fcd29579c,1,300.0,2
e53e99c5f5db,0,7250.0,3
09ff15243104,0,6125.0,2
e663a5e641ba,0,6525.0,1
eaecb458b340,1,1600.0,2
5bfeb3d4b01f,1,225.0,0
d1eef844c186,0,10100.0,2
4b4ebf9b7b0a,0,1325.0,2
e32bd4d4ebdd,1,2400.0,2
9103f34ec672,0,1100.0,1
fce788871c0e,0,14450.0,2
dab11c469a12,1,800.0,1
9726b75cb5b8,0,1800.0,0
f36e27a48dc7,1,5075.0,2
89517c20045d,0,3425.0,0
ad5b86cf491b,0,850.0,1
7cc71f425944,1,2725.0,2
9924239c72f3,0,4475.0,2
dc9b8e8db8bb,1,21875.0,1
8057a9a5217e,1,9075.0,2
68ae68cc7ca6,0,9900.0,3
23828e523907,1,1725.0,3
02a26e316603,1,2400.0,2
14239cc9641e,0,3900.0,2
bfb04eeed77b,0,50.0,1
40179b1d0603,1,1050.0,0
8dbd6e44ee2c,0,3375.0,2
201530882e16,1,30575.0,0
e673f4e54205,1,2100.0,3
4650b3634b3c,1,6800.0,0
4f103e2ee0af,1,8350.0,0
b5adbe1f5b8f,0,6000.0,3
22988a11c59e,1,950.0,1
d4e051037600,1,8400.0,1
e815658b5dce,1,22275.0,2
203cccabd821,0,1200.0,3
251101e2c3a8,1,3975.0,1
b6d7c50db7cb,0,4175.0,0
566c036a62e7,0,2975.0,3
26e6cf0f9611,1,21800.0,1
2f163ebfdd4d,0,850.0,2
7fdd472ed7bc,1,7550.0,3
147b495730e2,0,36325.0,0
f9623f1d71f8,1,1475.0,2
0f431bac5919,0,2175.0,2
c5660e8f0c67,0,17525.0,0
e5c1f6577811,0,4325.0,2
670929bfed71,0,5200.0,0
83df6acbd334,0,4825.0,2
5847a9cd033a,1,1800.0,1
287d6d40aaf8,1,11525.0,3
dcd11977ddbf,1,3950.0,2
19d29a4ad6ff,0,10500.0,0
5b83d8b35f27,1,650.0,3
bb791b97ac53,1,6675.0,3
1efed1d89ccb,1,7825.0,1
af37666af72b,1,3200.0,2
4ed3041b3d71,0,3500.0,2
e88751405a64,0,225.0,1
8910eead88a5,0,2675.0,3
f9b97e5c4404,1,1725.0,0
b9c4cff3ecac,0,11375.0,0
92dc402eb597,0,20525.0,0
9d8f9de3e7b0,1,7000.0,1
6e2638232e26,0,1250.0,2
f7d45fe546ae,1,0.0,2
c794a9800497,0,5900.0,2
310e46a33c18,0,3400.0,1
b3bdacc58f61,1,700.0,0
3f0644ea8127,0,3650.0,3
8fefed47159d,0,1125.0,2
18db6a0c9633,0,4925.0,3
438d61aadb3f,0,10025.0,1
b6570c5153a9,1,15850.0,0
9e8835e87bd4,1,18850.0,1
d515b78279ac,1,3550.0,2
a1f800b722a8,1,2300.0,1
d9c953b13efc,0,6850.0,3
bceb41535fca,0,10975.0,1
940e04d227f5,1,350.0,0
290343d2aad9,0,6050.0,2
11270b85652d,0,1200.0,0
e2eea9e1b5f9,1,37725.0,3
88cf8c8b6e06,0,25375.0,2
9b530a630e2b,1,425.0,1
8d94db80c015,1,1725.0,1
1cffc1b4d3b5,0,5775.0,3
b6d161a0e4df,1,5525.0,1
afe0a6130dc4,1,16425.0,3
f0956174b454,0,600.0,3
badb5824eddc,0,11650.0,3
fbe4105bc9dd,0,10675.0,1
904e1cee16dd,0,8675.0,3
63adff998365,0,18425.0,0
8679f0b785c6,0,8750.0,1
2c0751343b5a,0,12200.0,1
61eea7477bd4,0,1225.0,0
314becb962c1,0,1150.0,0
ebb9cce994f5,1,3625.0,3
5650a68ce63d,0,1525.0,1
2c15e5912823,0,3525.0,0
f24542ae34e0,1,2150.0,2
2689dceb3e46,1,1250.0,2
ae655611a969,1,17700.0,0
24823816ce82,0,625.0,1
74a1c42aea1b,0,2075.0,0
f9cf0a7a800d,1,6700.0,3
7dfce7626033,0,18750.0,3
04531540fe23,0,3550.0,2
079b197b04e7,0,29100.0,0
7f93cc8675e6,1,40200.0,1
8bd2f275d1af,0,1000.0,0
bf8b48d72c7c,1,4825.0,2
5960be0d47af,1,1875.0,3
3ec8738fdde0,1,400.0,1
d0650bccd6b6,0,32700.0,1
bfef73151aef,0,825.0,1
35181e5c748d,0,5925.0,0
35d84f8c371a,0,9275.0,2
098a10307cf9,0,14950.0,0
84d7a83ec3a8,1,50.0,3
59dd1fcfc7a3,0,3925.0,1
77445650293d,1,1200.0,0
8e68e7d29edf,0,4600.0,1
424f1b3ef2a5,1,7450.0,1
047c49ffb8be,1,600.0,3
7ffc3e391a58,0,2000.0,1
6a839016d5fe,1,1750.0,2
43f288589cc0,1,1525.0,1
4c425d8eb05f,0,3500.0,0
11f98531896e,1,10625.0,0
3ed02503d3f8,0,6100.0,1
291d41e1d8f3,0,14400.0,2
96c4269be4a2,0,5400.0,0
1a3e240c9562,1,8425.0,2
2f72ece21aaa,1,20525.0,1
6601264fbaef,1,13750.0,3
ba1948f46219,0,1500.0,2
34256282fddf,1,2400.0,0
b3e9e00dbef7,0,550.0,1
13de5c17e360,1,700.0,2
e0566ac56473,0,1825.0,2
1cb5372c42ea,1,1600.0,3
e0d87912573b,0,2500.0,0
29cd46b1ed5a,0,1575.0,3
6e52e4840183,1,2200.0,2
069ac781aa25,0,30750.0,1
10e6b0c71417,1,7625.0,3
8a809f947fba,1,12175.0,2
6c102238ebc4,1,13750.0,3
a8bffad0d0a2,0,13050.0,2
c65df29b406c,0,14225.0,3
154864886597,0,14450.0,3
5159e7d1108e,1,3550.0,0
105573e7a49e,1,5725.0,1
d393a412b8fc,0,12825.0,1
0e7304d45fb0,1,10725.0,2
59698adf4497,1,12300.0,0
4d0abff8f245,1,5025.0,0
5dddd115f01d,1,3650.0,1
97a9ea659f5d,0,4225.0,0
b7b1ce5dfd92,1,5250.0,3
78779476c365,1,30075.0,2
33689aad46a3,1,7800.0,3
52a785da8980,0,2800.0,3
99ae02bacabc,1,6450.0,3
374eda188bfb,1,1600.0,0
6b3fa268e66a,1,12350.0,2
e505fc5d0e23,1,6900.0,1
17da4ac97d31,1,1800.0,0
ee5517f1d2c9,0,18775.0,3
b47af6d2a2fe,0,1250.0,1
55bcb4fc5a54,0,18300.0,2
db58c884b24a,1,3075.0,1
32a8daf4fe9d,0,250.0,3
81f9ea1aece3,1,4375.0,1
cf113a123cb9,0,300.0,0
a3137f050875,0,12125.0,2
91304602011c,1,300.0,3
b343d3101d3e,1,300.0,2
a55c5bd1a22b,1,28850.0,1
147cadb897fa,0,1750.0,3
c18df251f1bd,1,1875.0,1
f376d5f9621b,1,31650.0,3
7d67551f9aab,0,3300.0,0
91baac880c6f,1,1825.0,3
cd9684ac1520,0,14250.0,0
1c77f8640011,1,7125.0,3
e25d6ca2a540,0,65125.0,1
96ebd6f5a52b,0,27025.0,3
90b3a809ec0a,0,9025.0,2
873f8cab659a,0,16600.0,2
1b676db0fdc3,0,1525.0,1
cef69c0b965d,0,21900.0,3
335ea22a5ef7,0,6175.0,2
de7759dd9491,1,7900.0,3
3e8656d84c59,1,7325.0,0
d3ef40b8fa68,0,8225.0,0
3cc0289bd556,1,6050.0,0
6a29c4eb6a88,0,21500.0,0
9dcdb1ce1c8d,1,9525.0,0
a627f60f88cc,0,2950.0,1
bbd81192ae9d,0,1950.0,0
4d3636299eb4,0,3050.0,3
69757c6fa7a5,1,14700.0,0
ffa2acaa13bb,1,10550.0,2
0afb31f47ebd,0,14225.0,3
4bd2e9a93ff5,0,2175.0,2
0cfa59da59c6,0,2600.0,2
ba7d3ed046da,0,5600.0,3
22e3b55785cb,1,350.0,1
29aae0672fb7,1,4675.0,1
0fc64f6b36fc,0,8600.0,0
f9d83b101115,0,2175.0,3
240db22ff903,1,13925.0,2
7bdd06e3469a,1,5025.0,1
9bfc0eb219cb,0,6450.0,1
ac91da3b1c1a,1,2050.0,0
561985cd679e,0,4100.0,2
cbff6454a0e7,0,3875.0,2
2b7b3192f43c,1,3925.0,3
9982555ce931,1,1875.0,2
cde9034c83c8,1,3700.0,1
30060b99ee7e,0,275.0,3
08b3b45e8e27,0,5400.0,1
7f5e7eed86d8,1,11300.0,1
b882eb7489a8,1,11600.0,2
c7c6caaa57af,0,24725.0,2
d5330365832a,0,4475.0,1
ae89e9feb40f,0,17800.0,2
10461d6a3bf5,0,14150.0,3
9ab1c8e302e5,0,2025.0,2
8c0e09954dcc,0,23150.0,1
b8bfdc77e0d4,0,5025.0,1
e470954790df,0,2650.0,0
e411b81ec975,0,3600.0,0
1ded677762cf,0,1950.0,2
aa181d11e9d2,0,1125.0,1
2f61e0f11e60,1,10225.0,2
1ec993607324,0,8075.0,3
c95f980f0b76,0,9000.0,0
dc2aad09d8d9,0,4650.0,0
f0cfbcc0d3c6,1,800.0,0
dfb4a058997a,1,19375.0,2
ab297bf0ad4f,1,3900.0,0
1d0e67d696f8,1,1975.0,2
0c792d8c6f82,1,775.0,1
e928d4698f22,1,1925.0,3
700ad6605bf3,0,1225.0,3
f95f8e78186a,1,2825.0,0
86c631742838,1,700.0,3
ad4b3c5e3c99,0,16825.0,1
31d7bb104bf6,0,20500.0,2
b187a9313c61,0,1625.0,0
3c74c03f9fce,0,41475.0,0
60589765a428,1,900.0,0
c4872470df72,0,3300.0,2
dba2b6f8bf72,0,11775.0,1
08989f8812e8,1,8450.0,2
9ca7ea5135c2,0,4775.0,0
c924bafb0842,0,4300.0,2
9fad3fdd09be,1,2700.0,3
ecb93d4d123a,0,5500.0,3
30f2d8e78e15,1,7575.0,1
1f3c5b15499b,1,8600.0,0
729e1ac4462d,0,10425.0,1
fce98a26e2d0,1,2125.0,1
7c367eef0324,1,1800.0,0
926a310bda5b,0,2275.0,1
74ab1105ae65,1,12350.0,1
fe1fc5a4d50e,0,950.0,2
8a40ec29a5e1,1,4775.0,3
4c70145fae8f,1,2600.0,1
b6bce4be66be,1,2800.0,1
4b26a31597c4,0,17825.0,0
7edf7b83b854,0,5500.0,0
12831850f75f,0,6800.0,3
5b13c9629edc,1,6875.0,2
8bee21d6bab3,1,8600.0,2
02975055fc32,1,300.0,1
af5143f9fea2,0,15250.0,0
e4cedf6702ce,0,350.0,2
a9ecc0d0a11e,1,4300.0,1
f11c07fb7f59,1,6350.0,2
5d95115c700d,0,2400.0,2
f5f97c74a1a9,0,3625.0,3
6c1aba160947,1,1575.0,1
c8fdad96b2bb,0,3300.0,1
449f3aa8eda5,1,1925.0,3
35316b5b2dac,1,3325.0,2
1fdf29b90238,1,1600.0,3
b0fa15bdbc19,0,850.0,1
d01214a5a9be,1,1800.0,2
c866927e3201,1,6075.0,3
64ec8740323a,0,16875.0,2
484f6aff9503,1,2275.0,0
fe56b024fb68,1,700.0,2
3f51bd950ba3,0,4050.0,3
8e9a11a2062c,0,4225.0,0
c2763be3ffd7,0,8300.0,2
a3c4cd2ba4de,0,3725.0,0
6cb5c1fb86e8,1,600.0,1
4078232d0c2d,1,500.0,3
91da00cf1e3e,0,17050.0,1
477384597a66,1,8825.0,0
99d708a0f444,1,10775.0,0
cb9477d3f764,1,20850.0,0
83910ebabd9e,0,48975.0,1
8e4f1e53d928,1,1800.0,3
678fdf52785c,0,650.0,0
c7565c2d7668,1,9475.0,2
4ff18746f22a,0,1450.0,1
8c0318a8b4b2,1,7200.0,1
a91026e57d8c,0,2625.0,2
d224a3cc0550,0,1100.0,0
b80c255f35cb,1,6375.0,2
cca5639c68cc,1,1200.0,2
afc2019608b0,0,1700.0,0
ef9b5cb90a7b,0,9475.0,0
c80bbac74e53,1,2450.0,2
5d921c22c348,1,13000.0,1
fb7ac5e9f0be,0,47050.0,2
9e6d31131957,1,825.0,3
93ce2bc6d165,0,2075.0,3
c9992edd463c,1,10875.0,0
8e1ddeb58023,1,750.0,3
bccca7c693a7,1,575.0,1
32a89046a580,1,2725.0,1
20875ad59131,1,7125.0,0
28c2405fb8e3,0,4625.0,0
31af53f3ad1d,1,13500.0,1
1bc985db98b7,0,1100.0,1
0eeb4a7063e9,0,20525.0,0
0a1cad60d593,1,12600.0,1
e5e2e8d4e925,0,850.0,2
9c1a2c94e381,0,9800.0,1
2cb932abad3a,0,1725.0,2
0673273bfee4,1,1375.0,2
8e22b6f30f44,0,1600.0,2
cdaeabced1c3,0,1000.0,1
9a091552da70,0,2600.0,2
daff9438bc54,0,20600.0,2
a8c780b6e85f,1,24300.0,1
ccafa4c279b4,0,13150.0,0
f3314855ff00,0,1600.0,2
06996bc00cbf,1,5600.0,3
941fa3a7913a,1,2050.0,2
6b6f56c31698,0,25875.0,0
60d7b5bfab2b,0,17500.0,3
93e1dc1a6991,0,1900.0,0
dcaa9590572f,1,5500.0,3
8697a35a29d6,0,2000.0,0
7818b5720675,0,12750.0,0
e57ff8d5fdab,1,4375.0,2
db45d5abec51,1,850.0,2
a4346c55b521,0,9950.0,3
e234ecd22a68,1,9725.0,0
572cbf3c20a5,0,3950.0,1
c4c674ded45b,0,5600.0,3
724aecda02f4,1,5200.0,1
79cb001d9e44,1,5000.0,1
615aa07bb59d,1,2025.0,1
b985f6a3dd57,1,22325.0,1
478462ea0f19,0,4175.0,0
fc05b855ab27,1,32950.0,0
5968f8032cab,0,15300.0,3
e196faa2eb61,1,5200.0,3
77da956f6a3f,1,1600.0,0
8ee9bee8c6f4,0,32475.0,0
2a964cfd68e1,1,100.0,0
11d751135d6e,0,2025.0,2
63b13229d147,0,31250.0,3
1b896e69593a,1,6675.0,0
f63cb7949dfb,1,2150.0,3
b0edf467eca7,1,4925.0,1
7c6cb0681538,0,1375.0,2
10c238d9964b,1,625.0,3
ff8606cae5ba,1,4475.0,3
d3a00bd0a735,0,6775.0,2
3e73372e18cb,0,18225.0,2
f65be8040575,1,8075.0,1
b97912cb9e78,0,26175.0,1
2bff5b23ba61,1,17600.0,2
02332f5916b6,1,400.0,3
e80b45d459c5,1,2875.0,1
77ee351f9ed9,0,2500.0,0
7c3243910503,1,17225.0,1
4ef1521ffc2d,1,2100.0,1
3c6b2ba15880,1,19500.0,1
48a5e6aac1db,1,5500.0,1
03a407fc5ede,1,26100.0,2
0ec0dea4dd82,0,3075.0,0
fd59a08c8031,0,2775.0,3
7b654c3aafb4,0,2850.0,3
3926aae8152a,1,10800.0,3
e0130074410d,0,21925.0,0
054621b7c261,1,24625.0,3
6dc372128dfe,1,1600.0,1
8ce4f6c745ba,1,16775.0,1
7e48003bda2f,1,10025.0,2
dfc12446882f,1,4025.0,2
a3900bbc7cdf,0,1625.0,2
69e0f04993e1,0,500.0,0
80c10a83d29d,0,9525.0,3
52c29a43ca55,0,18250.0,2
7f6641449614,1,20600.0,1
a0453611a782,0,1200.0,0
70155da48033,1,3050.0,2
9a383fbe78bd,0,20350.0,0
c2bd42868e20,1,1300.0,1
e13cf131218a,1,1375.0,1
1b081986a342,0,8075.0,0
a8388f8e88b8,1,4150.0,3
b0eb30bbfc7f,0,775.0,2
6566ec73675d,1,16850.0,2
d55919246962,0,4625.0,3
a01a99b92c13,1,6425.0,3
be44e6738786,1,13450.0,2
7a4b922bb75a,1,8050.0,0
ea347601418a,0,1500.0,0
24e30e024444,0,10050.0,2
9ca6f6f3a7d1,1,4075.0,3
f176acc83d64,0,100.0,0
7ffc382c2a3d,1,9225.0,2
b443792ea05f,0,12500.0,3
5b0d59cb4986,1,4075.0,1
6d58653d7897,1,1300.0,3
19bc75d4501e,0,2400.0,3
3b247c786212,1,4475.0,0
e4f1a7504bf7,1,3775.0,2
c97b2e9c304f,0,1575.0,1
041c906ea319,0,3600.0,0
d26aa1a7a5e0,1,3675.0,3
9a31cb26810d,0,11600.0,0
0ab544b0314b,1,975.0,2
8302ec598f8d,1,4000.0,3
a69feadb3bb7,0,2400.0,1
8f12e42f9dc9,1,3475.0,1
bf3d89b80d1f,0,150.0,3
952f3aa38ab5,1,325.0,0
680780a279ae,1,1475.0,3
307dd7aef12d,0,400.0,3
1472cc6018c8,1,5925.0,1
56b07d34386c,0,5750.0,0
6e25a9fb56c5,1,2700.0,1
c9d63cea28fe,1,2125.0,1
d85cccb6de24,1,10075.0,2
371e2d933aa6,1,10750.0,1
07131cdf26da,1,1600.0,3
978a96bc8c4a,1,1725.0,3
4694d902b93e,1,2825.0,0
c86f6bfc5a95,0,1125.0,1
05575a3df894,1,19075.0,2
cf3c1cd0dc23,0,12025.0,1
632450b0b5d4,1,750.0,1
f7e33dd395d1,1,12775.0,3
cd087e025329,1,8500.0,1
f9620f7966a4,0,11625.0,1
5b1f317de213,0,600.0,3
9f8c65a91f05,0,100.0,1
983cc6c7bc70,0,1300.0,3
7a653d400594,1,8450.0,2
391bf9c3043e,1,21275.0,3
b008753ddd42,0,625.0,3
7f984bbde4d1,1,33975.0,3
525d7f85e1e9,0,2125.0,0
d71d9c2b37ce,0,750.0,2
0bea43072e25,0,3700.0,0
ff59f15daac2,1,6875.0,1
7f3d90ad35e2,0,6925.0,0
6c5a27dd5468,0,3075.0,0
6ba50152b3b6,0,11825.0,3
e99d6eb19c3b,1,19125.0,3
ff214a1d4e77,0,4350.0,0
3bf124fb27bf,1,775.0,2
6b052826667f,0,28650.0,1
c3e19031991d,1,700.0,3
cfcf56fa828c,0,4900.0,0
d64f08140da5,1,5400.0,2
2707f51bcadc,1,15725.0,3
69d44c2afedb,0,1875.0,2
7607851456c0,1,13800.0,1
903c40b38669,1,21550.0,1
3f0e8c5b7f4c,0,3150.0,3
66d93f8f58bd,0,7575.0,1
ec65f483b62c,0,1200.0,2
e394de06d1c6,0,8375.0,2
677db2432b61,1,250.0,1
d0f9c338a49f,0,14425.0,0
2c8d109171aa,1,3725.0,2
4428e6ebc361,1,14175.0,1
cf783e6136de,1,22850.0,2
a4a47dd596af,0,11125.0,3
a8f03980eb43,0,6300.0,1
038b4add22e2,1,11275.0,3
84ab2f46d410,0,6250.0,3
d9d53e3064cb,0,3000.0,0
79c4382d3aa0,0,4675.0,2
93ce405f8189,0,6600.0,3
620dff584624,0,1150.0,1
189dd7b2993b,0,2050.0,3
e76d78455515,0,2025.0,1
6e32402276fe,1,1850.0,1
019a80f351fe,0,2450.0,3
f5b2ebcde535,1,2800.0,1
3794c001727c,1,4400.0,0
d5bacd2536ff,1,20700.0,1
7df884769c48,1,13900.0,2
c144dcd84724,1,17425.0,1
03d30b15a39d,0,6925.0,3
1c1730f5ea7a,1,2025.0,3
4b7dbcfc839a,0,46350.0,2
ed91161fb75a,0,6700.0,2
22fc43591615,0,4850.0,3
c0add5b1d401,1,20225.0,0
6e95e8ec95fc,0,20900.0,1
bfaccc520fa3,0,225.0,2
bbb136a6bce1,1,22700.0,3
952d6014e915,0,34000.0,1
5f36db581a8d,1,1425.0,1
3cf9379bacd6,0,1750.0,2
01d9b487e62d,0,28275.0,0
c70e1be5a7a7,1,9100.0,1
8f508040c353,1,9800.0,3
e9c63c51a126,1,21225.0,2
e31cc72d0f59,1,2875.0,3
fd4de9096a38,1,850.0,0
a77783a6943e,1,14425.0,1
d6e1a572ba13,0,2150.0,3
54f2c9997455,0,14775.0,0
4adbe508f86a,0,2125.0,2
a1b97e345cbe,1,250.0,0
c27d1c3f1f55,0,1525.0,2
2a24851e6e92,1,19050.0,2
d04f2c90df89,1,1650.0,3
f5e9e7c424b1,0,150.0,0
d9170ba6baa6,1,4150.0,1
2589036d7c67,0,6400.0,3
3b1956713f70,1,5425.0,2
85eb1149785a,1,7200.0,3
c31de92728db,0,44500.0,2
4ad10a77f392,1,2750.0,1
0be95a893009,0,425.0,0
add293f5d398,0,800.0,3
4a4677018f25,0,1400.0,1
d05aabadf3f2,1,1200.0,2
3fd44f63fbdf,0,1950.0,2
8853a70ca4f9,0,3475.0,2
6bf33ddc8d78,1,15025.0,1
62e99c4ca082,1,1000.0,1
9e04e730b525,1,2325.0,0
5df29dccbda1,1,1825.0,2
e603bad85d46,0,5725.0,3
673c9d816c38,0,1350.0,2
01b2e86538ba,1,2800.0,2
667806bae2bf,0,725.0,3
c9c33e808db8,0,22625.0,0
4e257c6e1362,0,8400.0,1
f3f516abdff8,1,3100.0,3
366b005264a4,1,20000.0,2
ea30bb3321e9,1,7500.0,0
b3497c9d471b,1,12975.0,0
b9038f749fc0,1,5000.0,3
82225095c652,1,7300.0,2
f5a130d65ddc,0,4875.0,2
486c014a5594,1,700.0,3
ffc004dbae6a,1,4475.0,1
971c13c0b897,1,40000.0,3
b63a47a506bd,1,5425.0,0
2e56588e84d0,0,7300.0,2
389df2117e80,0,1450.0,2
e41bbbe3b223,0,350.0,2
74dc1ca98533,0,100.0,1
683962becddb,1,1675.0,1
f3f15acfc412,0,3300.0,1
7d0dfde4f1ed,1,2050.0,0
1facb50496ed,1,1275.0,1
50235dc7b9db,0,1100.0,1
592b5124ab64,1,3600.0,3
cb4f423605ac,0,6400.0,1
c258b0f03aa8,1,15250.0,3
e5e138d1c770,1,3850.0,1
12c42ca8a3b0,0,1875.0,3
d9e0d17b0ca9,1,2475.0,1
180a29af139f,1,1875.0,3
10fc4358d9ad,1,5525.0,2
fb4da635dcb1,1,6800.0,0
4d53408df974,0,1975.0,1
cf3752eb61bb,0,900.0,3
fed5495c9dbf,1,1200.0,2
4685f0719a45,1,8725.0,2
9652ebad79a6,0,4475.0,0
936190d012bc,0,1400.0,3
a8a7c483cb99,0,20475.0,3
e058a3dca844,0,6075.0,2
4a82a4e91f54,1,3575.0,2
09484a974b49,0,2300.0,1
81da2acf7262,1,10150.0,0
deaa8b588b80,1,3500.0,1
09150d7ab6c0,1,8700.0,2
530b38f828af,0,6300.0,2
51577963c62c,0,5400.0,3
7eae11bb8b74,0,17100.0,0
db5dcf315d3d,0,2900.0,0
97d4cd367c38,1,1250.0,1
cc22877c7f00,0,2775.0,1
c7e4a1d59332,1,11300.0,0
04f16e6dcadf,1,2875.0,0
4bc7e642a5eb,1,3275.0,2
d51deed7c46b,1,7475.0,2
ebc3f3bd7e30,0,800.0,2
b741988d39a5,0,4525.0,1
35a7bd6b8df2,0,19700.0,3
94f10c49b299,0,2225.0,0
1dec8984f9b5,0,1100.0,2
d40e2bff95ff,0,3675.0,2
d2668085a3f6,0,1650.0,2
f243ab3f1d5c,1,18850.0,3
6465a7ceb419,0,1800.0,3
78acdb4f0ffc,1,100.0,1
5847cf5e3567,0,1725.0,0
36db9c323a41,1,975.0,2
6a9e57bb28bd,0,11800.0,1
00a7934bf417,0,1175.0,3
84ef8d5620cd,1,525.0,2
647200ced0ca,0,26900.0,2
10f852cafee8,0,350.0,2
4df607ce1dc5,1,8125.0,1
6776556f5556,1,4700.0,0
2e595e516b65,0,4150.0,0
5fdb741c73c2,0,8875.0,0
d1a49c2a1f82,0,900.0,0
594373c019f2,0,1950.0,1
d3220241ed1b,1,6250.0,2
bc76a97268f1,1,14425.0,0
9de54edbd505,0,13775.0,1
7c1dbb99c834,1,825.0,0
d601932e4192,1,11125.0,1
01840116f53d,1,20150.0,3
c7b1a8bdc9fd,1,1850.0,1
dfa2b6d06f88,0,1200.0,3
8b7c858132b6,1,5800.0,0
edcb138d5fdc,0,600.0,0
a1ef270ccb40,0,3775.0,2
b8125e9fe07c,1,2300.0,3
01ffc21d78aa,1,8650.0,2
b11c2cd475df,0,4600.0,2
5b907c21bd9e,0,1450.0,3
c660bb743700,1,2625.0,2
a778dbeaf79b,0,4150.0,2
291bf7656eaa,0,550.0,3
c70e13ef18bd,0,4875.0,3
3ec5194d6682,1,8000.0,2
c3004a930480,1,5650.0,3
3a9df2194e26,0,12100.0,0
c3822b591a2c,0,3100.0,0
05e351b4b479,0,6025.0,1
a219344b07e3,0,5425.0,3
a2d3088bb4b5,1,5000.0,0
f3906c300353,0,6825.0,1
024062b9a546,1,3250.0,0
bd09026ed655,0,7125.0,2
20abbf7f2f02,1,2900.0,1
960eeb12b976,1,1300.0,3
188af0b392d3,1,2850.0,3
a555d5060687,0,2600.0,2
e2c44defbe9f,0,3200.0,1
c26882a7e963,1,11300.0,1
0b2888a86655,0,11775.0,1
7077dd813b02,0,50.0,0
854861b0b168,0,9950.0,2
16bf29d63787,0,4675.0,2
6a55f8ec69d9,1,2500.0,1
69eebbd8b3b9,1,6250.0,0
1475972f14e5,0,50.0,3
b9637fb09a6b,0,24475.0,3
b7b78fb38289,1,21200.0,0
b9743d4362cf,0,9950.0,0
79b4dbd1ff8a,1,13350.0,0
6c3f77d9a6d6,0,1700.0,3
293b3ccec79b,0,3775.0,2
95a17a788f26,1,4475.0,2
ba2dfae2572a,1,29550.0,1
6ce9cdd87699,0,5600.0,1
6bcb279f998f,0,8350.0,3
1ed277e790f0,0,1200.0,2
055e607baee1,1,3400.0,3
15a22972737c,0,14400.0,1
c47905a4289b,1,4300.0,3
a28574428377,1,100.0,3
b6c28c6c72e5,0,2850.0,3
9ac5d9c0d098,1,3100.0,0
c64f0da39d10,1,50.0,0
fdc865c5630e,1,3250.0,1
a060fd617d0e,1,15625.0,0
db967e9369ee,0,5350.0,2
1489f4d5f861,1,6100.0,3
5b574bfae417,1,2750.0,0
48db1725d7d8,1,3000.0,0
a81cb9a2bf56,1,1500.0,1
8c1dc0fc7fa7,0,50.0,0
73e329388e05,1,23400.0,1
4f1da6fa2306,1,50.0,1
7ad3cbeaf35b,0,1425.0,1
ff2267504503,0,700.0,2
343e2ab8450a,1,0.0,2
11af6e2ae943,0,2525.0,0
0edd993e64ca,0,1150.0,0
be366bceff6a,0,14950.0,0
fc506d47abda,1,100.0,1
cd95c35efcda,0,700.0,1
4da8cd420ab8,1,900.0,2
6133631fdb08,1,2300.0,2
f3bdad9b0231,0,1225.0,0
df94a6bc8204,0,32925.0,2
97e3d11b5ce6,1,6100.0,1
6e9a132a9b8a,0,1450.0,2
c9d2a4b080a9,1,2850.0,0
88e685f67d23,1,900.0,0
15fc3d0cdbd2,1,0.0,3
73e02f509adf,1,1700.0,1
06dead40076a,1,2250.0,1
d24f115379ea,0,18725.0,2
c2c2ff906daf,1,7500.0,1
e8059bdbcb1c,0,3100.0,1
a06818a42856,0,9825.0,2
0180c2a797a2,1,2400.0,0
75bb8daf9c7d,1,4725.0,3
86f58002b911,0,375.0,3
43359fe057ea,1,15175.0,1
b2a3252eb799,0,5900.0,0
8aef293545a0,1,9000.0,3
f919beca5134,1,10025.0,3
60b5ce6aea20,1,1300.0,3
cb8a66e2bb2a,1,16325.0,2
508970f95d3e,1,7250.0,1
8f43fe2114e8,0,8700.0,2
92da59dffc28,0,18725.0,2
3a31e305f604,1,6775.0,3
4ce7d965058f,0,4400.0,1
7694a1f4b3eb,0,15525.0,0
4f86a61566c8,0,3700.0,2
1898ad0c14fd,0,32275.0,2
bcbbdf1f6fa1,1,14775.0,2
e4b5d9a67d1c,1,4525.0,3
0f0adf3d0fa4,0,6200.0,0
7e540bfc92e9,0,1550.0,3
eacc796abf3c,1,1150.0,2
16ab69a3f621,1,10200.0,3
a5f4df762ba3,0,10850.0,3
85cfc1619017,0,3575.0,1
87eddce73799,1,1125.0,3
eb25d31f2e00,0,6750.0,3
8d4203dab281,1,6925.0,3
8f5e7fe7ef21,0,5200.0,3
ed2efe5d6017,1,1425.0,2
3860ae54bbae,0,2000.0,1
965cb3e9c853,1,19100.0,2
c43eb3787209,0,25625.0,2
012e3f1b596a,1,10800.0,2
09abe301ce78,1,1200.0,2
8bff3a57742e,0,11600.0,0
ddb56772b3a7,1,3775.0,3
ba24e5532dcb,1,325.0,2
27b619b5d030,1,1050.0,3
9e1e896932e6,0,2050.0,3
46148761a8b4,0,1350.0,1
7da9f92a2abc,1,3950.0,2
c8a1dce72a81,0,400.0,1
5e26a84c7480,0,3900.0,1
393ac92c62f2,1,1550.0,2
f258d86ffb54,0,34500.0,3
6518eac6e497,1,2400.0,3
7d96d6c2ea9a,0,2700.0,0
ed09c7f3a04c,1,16975.0,3
433ba8380d05,0,6950.0,2
21aa546549c7,1,5075.0,3
5c36bccf666b,1,5950.0,3
53cfbc66b271,1,6225.0,1
e1078be3f8ee,0,24575.0,0
61c56814f4b6,0,4650.0,0
2d7e76fccb54,0,28650.0,2
d78cbc2690ba,0,8325.0,2
3dda2c205153,0,4075.0,2
af94bffa05aa,0,28650.0,2
6192b960c4d5,1,7450.0,0
a8535791d204,1,9425.0,1
3ce42fab94cb,0,12425.0,3
09de4eea90e4,0,4575.0,0
98df3d78eac7,0,18200.0,1
b33880c7ffc0,1,1275.0,2
74ba4e70747d,1,3775.0,2
11f4ff88b97e,0,3575.0,3
dedbd87a5b9d,0,775.0,1
739208f34e96,0,5300.0,0
b73be814a358,0,1300.0,1
70a5193ae81e,1,1800.0,3
412df4b6d470,1,400.0,1
81beec73f1d7,1,8925.0,1
3a0d1d6b97e6,1,9950.0,0
6f37f46b03e9,0,16050.0,0
3b658722dcb1,1,1700.0,3
62636ba7437f,0,3150.0,3
6ca37ed490ff,0,12300.0,0
a3c4c3e86877,0,2725.0,3
1cb821ac0c30,1,47050.0,3
0637f14281fa,0,27850.0,3
0e604902305a,1,1700.0,3
c03dd6583095,0,3675.0,3
9806a6b89528,0,400.0,1
4cd113d7ec2c,0,3975.0,3
273985039f5b,0,675.0,0
d85bdb07f839,0,8350.0,2
7d0a206b9fac,0,4200.0,0
d7ba3110d77a,0,2900.0,1
447ed0996160,1,2850.0,3
ccac5527c413,0,8525.0,1
bf08202b580a,0,6650.0,0
f401107e7056,0,3950.0,2
4f101f6bfc66,0,7900.0,3
3faefa14ccd5,0,250.0,0
7d7bb4c11ccc,0,13100.0,2
2d65caf4169b,1,57950.0,2
fbf683bb4ccd,0,22550.0,0
a474ddb9f651,1,53800.0,3
e7103eea11b4,0,29350.0,1
2935af8cbe28,0,275.0,1
d64749e52c87,0,2175.0,3
f89c11a2baf4,0,14450.0,0
cfe8d913e1b9,1,1250.0,3
07ce23f34f1c,0,750.0,1
171fbaebeb5a,0,2600.0,0
278097f23b96,1,300.0,1
7ee26b93380a,0,1275.0,3
4f9436842bed,0,21800.0,3
17edd5a95f12,1,2550.0,2
258fdfc31665,1,9150.0,3
426236ccdd41,0,3700.0,2
f0918400830c,0,2100.0,1
0d17d1ae695e,1,3000.0,2
c0ec37520a02,1,6075.0,2
78a2afb10d16,1,18150.0,2
04bda206a8ce,1,4175.0,2
81c1ac9fd46e,0,1850.0,0
41437bd055e9,1,2350.0,0
298a8172f40c,1,14050.0,1
50d3d83bb997,0,1575.0,3
8e66d9f791c6,1,6900.0,2
98b882f66a66,1,2150.0,1
eff13cf6c5d6,1,4500.0,3
ffcd0df1018b,1,19025.0,3
9cc8d80570f5,1,22375.0,1
1997deaa1fcb,1,7075.0,1
65f661308cf4,0,1425.0,1
669e15e2640e,1,19350.0,3
5f19ce9b5cd0,1,2675.0,1
2d2e06f92e6b,1,7500.0,3
9235dd319e97,1,125.0,2
fb9407fbd618,0,700.0,0
549688d39593,1,13450.0,0
98d35e1256e0,1,1900.0,0
c5707f92f65b,0,2825.0,1
3c584ec109d1,0,1800.0,1
c1d5ff63fd26,0,7575.0,3
1f0347a54c26,0,10050.0,1
c42436cb7e4b,0,3150.0,2
783170d12417,1,400.0,2
56f2dcc469cb,1,2950.0,3
fcb5dbcd3721,0,2225.0,3
51ee22fc91eb,0,7100.0,2
c661eb51c39e,1,15325.0,0
7cba69f37be4,1,1900.0,3
d4113b995899,1,15325.0,0
d9ac27b79d28,1,18300.0,1
8507e372478e,1,775.0,2
638497c76d05,0,1050.0,1
1c389f104440,0,33375.0,2
8c1beee734bb,1,1900.0,1
d1b351c5ceba,1,20800.0,0
a941f0ffa608,1,11325.0,0
63cc7bf2fdac,1,1075.0,3
3970c20a0896,1,4650.0,1
aff82b9b9c90,1,1800.0,0
3244674ea479,1,1900.0,0
08d6bf37b3da,0,12125.0,0
bc90d63e9583,0,1050.0,1
10c0493a0ddc,0,1400.0,0
4a90446ec226,0,925.0,1
68f685b4437a,0,1500.0,1
03f41d37e375,1,7975.0,2
2e1859279532,0,1850.0,0
298eceafa7c9,0,26225.0,0
2800fe86df92,0,10650.0,2
5dbdfa33b457,1,12150.0,1
28f7d9a9a6c4,1,4050.0,0
4de730c39353,0,6825.0,1
cb6f38199dd9,1,6800.0,1
5ff4f9682033,0,5200.0,3
f3a7caaed9c0,0,21900.0,2
85efd0489929,0,33850.0,3
8e2c77833346,1,975.0,2
7ff299571856,1,1425.0,3
42e8137b597a,0,5525.0,2
15b63c9bb52f,1,11900.0,0
5c6008bf154b,1,5000.0,3
532d29356d72,0,2175.0,0
f65690128973,0,2775.0,0
3743b479acd7,1,1600.0,3
47e69a7400c6,1,1150.0,3
6e9643128c4e,1,4750.0,2
8b8a05528131,1,12850.0,1
0b9a90f7af68,0,3300.0,0
a776bcdee508,1,5325.0,0
a051b1830ed2,0,9900.0,3
1a8bbd72d233,1,2325.0,1
82bc843eddac,0,7900.0,1
e96388663e1f,1,3075.0,1
5156308b98ce,0,1700.0,3
f0251fa63517,0,7200.0,1
8c033cea7c9e,1,4200.0,3
363cf4790498,1,20650.0,1
9ba878cb6822,0,4375.0,3
c241cab6d8a6,1,1950.0,2
08c446acdf4f,1,24525.0,3
95d2da23b4c9,0,6000.0,2
15d845405925,1,7250.0,0
6ca0a5ac1cd4,0,1150.0,3
48e3330a3128,0,11300.0,2
66844f8c33a4,1,250.0,1
33d3074fe224,0,13325.0,3
0f4f6fa60032,1,100.0,3
12dd5ca30394,0,11125.0,3
0edc187915d4,1,23975.0,0
a06cc039816b,0,10525.0,2
6a1ba3955d2e,0,7275.0,1
20be8dc2f324,0,1350.0,2
331aad6f5c66,1,11700.0,2
b718053c6050,1,6600.0,1
f2b899201508,0,700.0,1
9e5c9b5eb9b2,0,38325.0,0
f7e7e7ec1dca,0,45825.0,2
b93470a6f0ff,1,2800.0,3
b01ccd93cae9,1,1325.0,0
eb90e175268c,1,4325.0,0
840f2209c757,0,30025.0,2
0776df0b8478,0,3500.0,2
588cf94f691e,0,1800.0,1
a547351b7012,0,12500.0,1
eb0990a5a230,0,1150.0,3
80015d40f807,0,3825.0,2
312a04789edc,0,8650.0,1
7ea52d4e41ae,0,1600.0,2
158e3fd8cddb,1,14100.0,0
894e9283fb5c,1,1475.0,0
e40417533465,1,1875.0,3
0ea54cadb970,1,1000.0,1
7b3dbb0dce80,0,7800.0,1
5e73296a1293,1,2025.0,1
30de2e3d6f18,0,6200.0,2
789a5c1e4d21,1,400.0,1
26a7f58ba5db,0,1300.0,1
2060001b7584,0,9350.0,1
250e191de5ab,0,1850.0,3
16a6ca911706,1,1200.0,3
cbac112cf3a8,0,900.0,2
2ebf177fa774,0,425.0,1
b80e7566c94c,0,12225.0,0
37c30f2d01a5,1,2650.0,1
abeb86d942d9,0,700.0,2
26ce8e1f41dc,1,525.0,1
1562353dee25,1,9150.0,3
50a60204c038,1,10225.0,1
0ea7be6686f2,0,1750.0,3
1bef7ec00ad1,1,15700.0,1
8dc08fde96c3,1,27325.0,3
26822190f2a5,0,6700.0,0
1d905761c60d,1,4475.0,2
482eab9302b4,1,9700.0,1
85f9454b8e1a,1,19850.0,3
2607aaa1f946,0,550.0,2
0e5a660906c2,1,2700.0,1
d0577e4af53c,0,5375.0,3
5b76f3af8305,1,100.0,2
ea1b3d35417e,0,3950.0,3
d37262d14794,1,2325.0,2
f08278885f13,1,5175.0,1
7a9fda6fd041,0,20000.0,1
0923cb44e77b,1,3725.0,3
76e94ab9b430,0,4300.0,2
b3ce9b840e96,0,5400.0,2
ba40ba754f29,1,625.0,0
de5db3c6b74e,0,2050.0,2
c89dd2483602,0,3950.0,1
66716012f3ca,0,750.0,2
dde3c12fcb37,1,2025.0,3
006dfb883e61,1,3300.0,2
75dc8af064f2,0,350.0,2
2e14fcceeea5,0,7325.0,3
f361fbc734cb,0,4000.0,0
22d8a8662b35,1,11825.0,1
513a9c2b4693,1,400.0,2
f3e8bbb586a9,1,3150.0,0
5d6021df67b4,0,3300.0,3
7d80a8a325b6,0,4550.0,0
7ef88c07d513,0,2850.0,3
c695254d3677,0,975.0,0
d34f8f8def9c,1,1600.0,0
bbfb14b2c388,1,4950.0,3
e7fef5aa31bc,0,1475.0,1
a5517f65f69e,1,33075.0,2
7b80d7cf85ee,1,4275.0,2
ff24f2dd1ae7,1,9900.0,2
2944a0c27ec3,0,6725.0,1
cf1966674efc,0,27400.0,2
d2d60ebffa38,0,3500.0,1
a747707cb7e8,1,975.0,3
01b67d4dcf33,0,5575.0,0
9c10fc7ea1d6,1,2325.0,0
ff0ac3106640,0,12525.0,0
1c26b91581cc,1,5125.0,0
687742da0c5a,1,4750.0,2
38735d0c4e3a,1,15375.0,2
049d5d95b81b,1,1100.0,1
25ec750ff1d3,1,16850.0,3
eb10600cc56d,0,13225.0,0
076832c38ba5,0,16075.0,3
f6f8942dc961,1,1100.0,2
c01d29738d1b,0,14425.0,0
261c80945753,1,8125.0,3
38ece45b6326,1,1850.0,2
3f3ac3f7def4,0,200.0,1
b213861cd8e4,1,1100.0,0
8f5bc94ab999,1,8750.0,3
65f637293e5a,0,875.0,0
d0ddc0a5c17e,0,1200.0,0
7df19d6177bb,1,23550.0,3
dad46c2481ef,0,1325.0,1
1022e8e6268e,0,21575.0,1
e1c3f5032382,1,47950.0,0
64b4f7b6e3f1,0,6550.0,2
0715820ec472,0,3025.0,2
6c20c2e1b63f,1,100.0,0
1f0902c171f4,1,16025.0,1
0c6e65fa9923,0,1850.0,2
cc0d0cd8b1f1,0,1100.0,2
2b957a216ec3,0,30425.0,2
7e318b259190,0,15525.0,3
7221fccbc0bb,0,3275.0,2
11f22d22d564,1,13175.0,0
d516b7196b86,1,11650.0,2
fd96a29a0940,1,2900.0,3
5f706324b870,1,2500.0,1
66be9430d88d,1,19500.0,2
7d708a7f0a22,0,46125.0,1
944dbb5dce72,0,550.0,1
2b8c9ac1b435,0,6125.0,3
1d62e1165a3b,0,5175.0,3
b75713a9509d,1,500.0,0
014b77e9a1fe,0,2050.0,1
d65977fa47d0,1,800.0,3
4bda7a9b996b,0,325.0,0
7b8de3836eda,1,100.0,0
a3d94d533774,0,4225.0,0
37f3417ba7ed,0,15325.0,3
2a858c5ec73c,1,1875.0,0
00f63499912b,1,7800.0,1
453888f1f702,0,3450.0,2
a38fdb09f3dd,1,1200.0,3
acad2135605c,0,600.0,3
5b9fecb37d5a,1,17600.0,1
eca6cdc778b5,0,1500.0,2
c94bb7fe51d6,1,2025.0,2
5e35b2d46bed,1,2400.0,3
6356b3261daa,1,9125.0,3
b44558b37dab,1,2450.0,1
63a817cef810,1,1100.0,0
41dbde1c87fa,0,2100.0,0
c82add48dd59,1,850.0,2
fdcbe00eef23,1,425.0,2
42549a9138b5,0,3000.0,3
bfa30de69971,0,2325.0,2
74bc7d78511a,1,2075.0,0
5457e64f4f12,1,19425.0,1
5653adfe72ab,1,5350.0,3
775249ca6f50,1,7150.0,0
a463604649b4,0,3525.0,0
17c46756ed5c,0,2575.0,3
c6b1637d7ee5,0,1300.0,3
f71aed6d98fd,1,31875.0,3
ab8931f660da,1,13450.0,0
2ee5de6c5e5a,1,6500.0,3
01785b6019c2,0,8600.0,2
ecc4d3929ed9,0,1100.0,2
1b4fd24d583e,0,850.0,0
d95d6c299fd5,0,14925.0,0
ae4755eca8cf,1,1800.0,2
36d599d4e767,1,3850.0,3
b5e763e1f7e8,1,4250.0,1
8f7361df83d4,0,3100.0,2
62f92213a8e7,0,4600.0,3
66f8d1ac6b4d,0,3000.0,0
746e7ac8148a,0,3350.0,2
c5e7e4f8ec4c,0,625.0,0
d06379748296,1,3675.0,3
94cdd3156b6b,0,5525.0,3
7d33d4c9bd32,0,8450.0,2
8588f0eb7557,1,50.0,3
878c034e74e6,1,925.0,0
8f616f276a0c,0,38100.0,2
1c57d2589b9f,0,4775.0,3
df4a7b91b7d6,0,600.0,1
9b3e4104b8df,1,3275.0,2
2a9437d3bb86,0,950.0,1
109924624663,1,6125.0,1
eaf0b14ca15e,0,4575.0,0
393d1c4dfa85,1,9375.0,1
5e76ea562e48,0,1850.0,1
8971e3b4f4f1,1,23000.0,1
d2bdf09d61f4,1,15475.0,1
4976f6b1ac76,1,10025.0,1
b61b7d8bf638,1,5575.0,0
ce337fd8fc1b,0,30275.0,2
325e9ab2c236,0,3800.0,1
891829b3ccd3,0,1500.0,0
2e2dea0387fd,0,575.0,1
3a647840f85b,0,5325.0,1
c66bb1ea4e50,1,3000.0,1
1252fe53ccb4,1,13575.0,0
6e97692085b6,1,2675.0,3
cde0f8538d96,1,7450.0,1
2111d7e53749,0,19725.0,1
d0458775fb1a,0,7350.0,2
1feef8430d84,0,700.0,2
a5f490dcb56f,0,2725.0,3
503eb481fb57,0,3525.0,3
658b45b34fac,1,750.0,1
f99803ed65ca,1,8300.0,1
8dbd680d4cfd,1,9200.0,0
5288ca4dc103,0,400.0,0
ca1c3ec2acd6,1,4650.0,1
da971a424bb8,1,24350.0,1
c5c00e6e4539,0,4325.0,1
c4ff1ef45458,1,5000.0,0
8faf1d33df13,1,7700.0,2
e09988f2342e,0,10250.0,2
b47537365bd4,0,38650.0,0
ab90462dfbef,1,2600.0,1
98fe6ce4dfe8,0,300.0,1
f0e1fab7da14,1,3500.0,3
b7ee191316c8,0,21825.0,1
77c2fb13e354,0,1825.0,3
7af9dd10a69b,0,1400.0,1
8ce5d7d8daec,1,41100.0,1
0f3e7b0974e6,0,9875.0,2
8f32f52078f5,1,21050.0,2
e31a377eb2f8,1,500.0,3
e86d0986c27c,0,400.0,0
3aff59365a3c,1,26775.0,1
33b934d978c3,1,15700.0,1
b10364cb0553,0,8225.0,2
c20ff2619232,1,20850.0,2
81fd10f3d977,0,1500.0,3
d11acce9ea18,1,1250.0,3
eddfc293a6cd,0,14600.0,1
db6f8a0a57cf,1,11900.0,1
ea390e13c404,0,550.0,3
7d044ec6f588,0,1500.0,1
044832864f9f,1,62425.0,2
4a6bfa4e7a8a,1,500.0,0
754762ab70e8,0,1600.0,0
ed31b2ed7762,0,1850.0,3
5541e2734cf5,0,4725.0,0
acceddaf1d2a,1,3825.0,3
a179e5f7664e,1,3225.0,3
497ebf28021a,0,350.0,2
57247d9c7754,0,3425.0,3
a54674c7ab22,1,2975.0,0
228e8687ec5d,0,6150.0,1
4eb84f612214,0,2025.0,0
07573f521bad,0,6575.0,3
e21e603c3c36,0,9500.0,2
77b7b2d86076,1,15300.0,1
35366d77a958,0,3675.0,0
87002ae8fd0a,0,18825.0,3
0b41a3a792a2,1,7575.0,2
d30390cec108,0,7525.0,2
d09128310b61,0,21675.0,2
33c70be88e0b,1,2550.0,1
05faa654c19e,1,14475.0,0
0361ab90569b,1,2225.0,0
dd9317df1b1b,1,33850.0,2
86b678056717,0,250.0,1
377cf829bf9e,0,2750.0,1
a031af99962a,1,14150.0,1
dae4d86972ae,1,900.0,2
d6ea99556e51,1,1875.0,3
95d418014c88,1,4750.0,1
c9a777ad0847,1,11650.0,3
3a3830890570,0,2675.0,1
f522b613df33,0,6425.0,0
d8e9c67f925d,0,16000.0,2
4cd8637d05e1,1,1725.0,2
53a3855af725,1,17550.0,3
f4663697c376,0,800.0,1
4cd675a3ba58,0,2300.0,0
27731a5dad86,1,5700.0,1
6d5542c0aeff,0,1000.0,1
917a88dd6f0a,1,1600.0,3
ad89ad30aa01,1,3750.0,2
44c9ab898216,1,3650.0,0
132220e8a3f4,0,4075.0,1
0268add04fec,1,2100.0,1
b3a1adcfe44e,1,1875.0,3
2cdfe1cf4400,1,600.0,0
311f7e2ad67e,1,52275.0,1
568de0efa225,0,47525.0,1
2adb103efe1a,0,20575.0,3
1efb385c3f55,1,5550.0,3
b513397cb955,0,10825.0,3
58f5097d727b,1,9325.0,3
6035915ba13b,1,12275.0,0
6dc5e63cf35e,0,500.0,3
463ddcdf54c7,1,3275.0,1
48268bde6936,1,6875.0,1
95c63fb9d52b,1,300.0,1
58cb9c538b37,1,500.0,3
86eb3469376c,0,650.0,2
0a0a7fba6da1,1,6050.0,3
efb90de670be,1,1700.0,2
479d99a4233c,0,1100.0,1
8be3d8d4eae1,0,4250.0,1
02995d93f025,0,4550.0,3
9b264aaef073,0,3925.0,3
71d926407c08,0,9625.0,3
12c94c240963,1,850.0,2
18a3bd76a596,1,2475.0,3
04f929408d58,1,300.0,2
d47026cbfb88,1,50.0,2
fe3f8b50e34b,0,4725.0,3
3f3c9c9923b5,1,17450.0,1
3c98d2c24283,1,9050.0,3
edf1ee35a00e,1,12100.0,0
d6961846313f,0,2575.0,1
5f8dec3e54e3,1,400.0,3
52510494b5b2,1,2325.0,0
a50123f2c490,0,22225.0,1
51c121e1b382,0,1550.0,0
e4a05485ef92,1,2700.0,3
bb46067f94d6,1,1625.0,0
ff280c29ce37,0,32275.0,1
ba436a4c8500,0,5800.0,0
7517ecc520eb,1,1200.0,0
9becd399925c,1,14000.0,1
953e3a58145c,1,7000.0,3
c216e057c0de,0,12575.0,3
341ee9806063,1,2500.0,2
5e2961176efc,1,1125.0,2
2006ec0da8da,1,725.0,2
899c4c1ccf0d,0,8625.0,2
1f4cf9691bf4,1,1650.0,3
6f651467a3db,0,3075.0,3
cb4c52ce2468,0,1300.0,3
9199c32ae548,1,7900.0,3
4beef58018e7,1,1350.0,1
e4d7ab31b4e4,0,2750.0,0
f3af7512622d,0,50.0,2
7564a399c083,0,18600.0,1
b4286e7b277d,1,27350.0,2
2b866148c08c,1,1400.0,2
e84c22932539,0,3500.0,3
3b907f17d6ef,1,1575.0,0
06a827702dd7,0,9550.0,2
33b203a0153f,0,1700.0,2
bf743a91f567,0,5500.0,1
8e2df8eb04da,0,2900.0,3
ed5af8c9f686,0,15650.0,2
26761f78757d,0,800.0,0
597b523c261f,0,650.0,2
baed7645fd36,0,13200.0,0
7f3115321667,0,100.0,1
dcfbc5e166a1,1,1275.0,3
8547d985d99d,0,60050.0,2
f1c498a9e3e0,0,14975.0,3
abc4d1338417,0,10900.0,3
aaf6278327c8,0,600.0,3
a18ceba54d3a,1,13050.0,1
f1a93b4b7317,1,8825.0,0
1a5ac0c9419a,1,800.0,3
57661c423dfe,0,2600.0,1
46c4f61d63ac,1,1450.0,2
f5eb01479b8f,0,9650.0,1
fc7f699a73c2,1,13550.0,3
8411b893511a,0,2575.0,1
e0241ef1dfda,1,60050.0,3
319c906ff38f,1,1850.0,0
64c2c4f39471,1,4250.0,3
528999779bd6,1,450.0,2
10788b0ba43e,0,950.0,0
eac2b97996d5,1,250.0,3
84981713aced,1,2300.0,3
0b42c8a13352,1,1400.0,0
c5cb8531bc8a,1,4575.0,3
5c13a4c45cc7,0,2450.0,0
3be90ad6fa93,1,4150.0,3
6a27056a304e,0,1425.0,3
b76907159002,1,2300.0,3
b48c6034d584,0,2500.0,2
5afec9a36685,1,1725.0,3
71d72b880b46,0,8525.0,2
72ec7ca81689,0,1425.0,0
7c60356d29b4,1,3250.0,2
ddfe4103cb96,0,5400.0,3
ff9d21fb43f1,1,12100.0,1
a4fb17dffdaf,0,2700.0,3
05974f8c1b05,0,8425.0,0
a6e853bf1fe2,1,2625.0,2
f5302d1970a8,0,2800.0,2
3edbbeeaaf46,1,6075.0,0
ac382cdf9d56,1,23425.0,2
6b119c1cf29a,1,5775.0,3
b493a4bb3c43,0,2000.0,2
576e50a03079,1,3075.0,1
95c1768782fa,0,13150.0,1
f751a8842580,0,450.0,1
bbd9a4e43922,1,6800.0,2
3a5ce17d8cee,0,300.0,3
27548af6dbc3,1,525.0,2
f27412197e27,0,1250.0,2
7a44e8e147b8,1,29125.0,3
3aba56444559,1,5700.0,2
d82ac5ae8690,1,3100.0,3
7235351f2b99,1,6050.0,0
632a34453263,1,7975.0,0
99e022e51f6f,1,3525.0,3
366095eab12d,1,23275.0,1
dcdfbf524438,0,300.0,0
49dd74e44214,0,8400.0,0
52e641bade06,1,800.0,2
c5b8ff7a70d7,1,1175.0,2
7fe191da477b,1,1300.0,3
c01105dc309f,1,2225.0,0
45e4185c783a,1,3350.0,3
65adc1da1865,1,6750.0,0
4fedfaf6e23e,0,4275.0,0
19dcf7f62a8a,1,4775.0,2
2204c0afafcf,0,600.0,0
5a6c716aaf3e,1,100.0,0
280f530c66e7,1,9325.0,3
d774e3b5c1ee,0,1450.0,0
b993140a36ad,0,1600.0,3
2bb59fbb5119,1,7325.0,2
d60b32bdc5f9,1,700.0,2
752d49ba21fb,1,18200.0,1
2c66a971e513,0,2075.0,2
731fa161518b,1,2550.0,2
1482dfada9b4,1,9925.0,2
29eb9763a6be,0,4300.0,0
456b798f4f4b,0,1725.0,3
f55c60d815d9,0,5275.0,3
4e631900f9b8,0,4725.0,0
9cf422f4f75b,0,6050.0,2
22537aa555b0,1,1900.0,2
8e5dafe19a99,1,7875.0,0
865c651e3c7e,0,32675.0,0
c462f7ab8697,0,300.0,3
8c563a6c8816,1,2550.0,0
f329c36a2a4b,1,275.0,1
4380a444ebe0,0,16475.0,1
e844581b5083,1,6775.0,0
8592217f8410,0,20900.0,1
703f7526b918,1,9150.0,0
c700b88d3fa7,0,5375.0,1
1ebf4023f7c5,1,14025.0,1
4836ce5011f1,1,2850.0,0
0f1f88830432,0,9000.0,2
728a8e057742,0,800.0,0
9d84e1112fe3,0,6300.0,1
f74988d35a4f,1,2800.0,0
df8602aaba2b,0,3100.0,2
bd56f5cc876f,0,42550.0,2
a78fde477dee,1,700.0,1
e2befd6d5c85,1,1500.0,2
89a1cc4bf562,0,2175.0,0
30cf4af289d8,0,1850.0,3
958efc9c0d9c,0,2400.0,3
7c87b6431cc0,0,6075.0,0
36f46c8fc343,0,7350.0,3
5f622b263c63,0,17875.0,1
578c2431e683,1,6950.0,1
cb6ed1511c4d,0,4750.0,2
b943507c9af6,0,4125.0,3
cc37a34aae84,1,1800.0,1
d51d23ab4270,0,600.0,1
c248972f567e,1,10900.0,3
9b4970a42cbe,0,18300.0,0
b123bf75eb5f,1,13675.0,0
74bdd1c3c052,0,50.0,2
8905c993beb4,1,4250.0,3
992e72a3fd39,0,2700.0,0
2e8a765b6552,0,2600.0,1
6e7a6ffcc98b,1,17975.0,0
ae2060adfd38,0,16400.0,3
15c3f7746795,0,4500.0,0
5cb77c8a411e,0,3675.0,3
a56eafe216f9,1,4900.0,1
5321b2c699fc,1,2325.0,3
bb451a10b9d3,0,9450.0,2
ff7fe907355d,1,1025.0,2
0bb28d8c661e,0,2125.0,1
6ac5be17f0dd,1,950.0,1
05dcf9c2a546,1,28575.0,2
53c6f3dbfe9a,0,800.0,0
628ec10225b1,0,2675.0,3
971d32ea484b,0,1000.0,0
c63704636e9a,0,2200.0,2
373cb141f1c5,0,19400.0,0
58ffb07a1820,0,24325.0,1
1e2eac58fc47,0,22700.0,3
63f0e630ab79,1,11450.0,3
7b9d9e835dc5,1,1200.0,2
c2263fc9bb55,0,17825.0,3
8f48d8eb32af,0,2600.0,3
f7190d100e14,0,2325.0,0
8d2b274f3b07,1,1300.0,2
d406893693ea,1,20000.0,3
c41c1b12c0da,1,6450.0,1
53fbb5f4e4d0,1,1375.0,2
8863ee03b7a3,1,800.0,2
3c98ccff58b1,1,500.0,0
82022eea691e,0,1125.0,2
dab2f9a7e249,0,3650.0,3
135b1fddca1b,0,22950.0,3
cf5283d95cdd,0,10400.0,2
321ab109cf83,1,49200.0,0
8beb88b1f58d,1,5250.0,0
bb577e4929b6,0,10900.0,2
fea09c59c12b,0,16775.0,1
745f30e2d23f,0,1350.0,2
a40bb8172861,1,3925.0,3
78b8282df730,1,1300.0,0
01bdc8ceee55,1,725.0,2
3dbf77746f00,0,10700.0,3
f9b05f990543,0,14100.0,1
26ffbe0bd2b7,1,10900.0,0
d0262e42acfb,0,2075.0,1
68163cf544aa,1,1050.0,2
bac4946c4316,0,200.0,2
886fe7b76ef4,1,2900.0,3
8655b1a8835c,0,10200.0,0
0d2599b9830f,1,1450.0,0
9edf23db4d54,1,13600.0,2
30fe604a2672,0,6550.0,0
0398a3fa6ff2,1,26875.0,0
283265ac14ec,0,1325.0,2
d41233482d5e,0,1050.0,3
d63884e2df5e,1,5950.0,2
927259fb4726,1,2125.0,3
7a8f18cf23da,1,19825.0,1
3132590b2bb2,1,3800.0,3
3b912daf77ef,0,1125.0,3
eb918e484ecb,0,900.0,3
2547d2c9e040,0,1200.0,3
83aec873f29c,0,4600.0,1
905435461398,0,8975.0,3
9a05e14a4587,0,10800.0,0
dc76823882ac,1,3750.0,3
88f073367f33,0,900.0,3
a8b43a17cb1e,1,800.0,3
4c06cfb8862d,0,6075.0,0
b0a10f5813ca,0,11575.0,0
cf26ccf5f6f4,0,2175.0,2
6a068a51efe6,0,2100.0,2
eb0ad3ab031a,0,3550.0,0
12078e6f6a2b,0,14100.0,3
25bda4bbb3d8,0,4475.0,0
4ace452d7669,1,1725.0,2
d85790c9d9fa,1,2725.0,2
e9ef2a5cf4cd,1,20550.0,0
a17dfdd0d022,1,2700.0,1
3ea8857c6931,1,3200.0,3
89a300a14749,1,18225.0,2
b175d23de53b,0,2150.0,3
6e9a53ef60d4,0,50.0,3
2f8226dacf78,0,5950.0,0
7f7d9459f627,0,3050.0,0
adcef6da45c7,1,15675.0,0
6177a3125710,0,17525.0,0
aa23d1ece620,0,10000.0,0
cfd85f0c3869,0,25900.0,0
c463de212cb5,0,600.0,3
2b568e6b1e67,0,4575.0,2
1ae29994dcab,0,12700.0,2
b019cbbb6229,0,850.0,3
c8e374ab3d45,0,825.0,0
1098b7dc481d,0,15925.0,0
63b791b8da0c,0,1700.0,1
6fc83fd5dbcb,1,3450.0,0
cb83ed60beaf,1,3475.0,0
18dca841c203,1,36675.0,3
41cf676d1384,1,8900.0,1
4bb6adb20a42,1,10050.0,1
abfb2f8b7245,0,1800.0,1
69d6f826c079,0,2700.0,3
6d6fd5eaa7c1,1,13775.0,2
36864a3c9c57,0,2350.0,0
2a9728282a06,0,3950.0,0
be6ce569e15a,0,9900.0,0
7c4368d3e462,0,6750.0,3
8d084509406a,1,2050.0,3
ca5af5fc4afd,0,1300.0,0
74cf2684d50b,0,7525.0,2
3b00e50a8990,1,11100.0,0
6415965c0f96,1,4750.0,1
ad59abd69bd4,1,9850.0,2
71caacc28629,1,1050.0,2
f8e9ea8420a0,1,26375.0,0
4d9f076ab62f,0,3650.0,0
c43ba9eda452,1,850.0,2
5027b78bb90d,1,100.0,0
53d0dc10e02b,0,200.0,0
f345583dc6dc,1,4550.0,0
f1ab80e48c6f,0,2025.0,0
4139b1ea8f59,0,1450.0,2
3639038d77ed,0,50.0,0
745a38eb3663,1,3750.0,3
64a0af27cc50,1,5450.0,0
710922f96038,0,4725.0,1
c718fbbd48d3,1,10600.0,1
5566667ae4d0,1,14875.0,3
f8a7af462110,1,12050.0,0
a8738fab74ca,0,1475.0,0
58fc25c2bf34,0,850.0,3
a7704a427ded,0,11250.0,1
bdc7c779fccb,0,4925.0,2
1c429d0c7f77,0,24125.0,3
4bd1ccc432a4,1,10050.0,1
e7ae5d509518,0,7350.0,3
c465c95999fd,0,950.0,1
1b148eef7d08,0,2600.0,2
955e03f33bd8,1,11600.0,2
59108b1f0677,1,13375.0,2
61b9b2d60401,1,4450.0,0
c03ab22bc7ad,1,2650.0,2
8313cfc62a80,0,8400.0,0
1a11597ecd66,1,3950.0,1
a15b2f0a789a,1,7200.0,1
7f9dac08153c,1,8900.0,1
0c75e79710f1,0,2950.0,1
665c9219237a,1,20025.0,0
20d7f02c043d,0,3050.0,1
50b3304c3e80,1,5150.0,1
83523c421df0,0,7175.0,3
2ba43d9a4c3a,0,13400.0,0
62ba14a5aebe,1,7950.0,2
810a14edc1cc,1,3700.0,3
c224a9f50a0e,1,400.0,3
920923ac3352,1,12125.0,1
ea41f98d7d60,0,3775.0,3
7e8078639b30,0,4275.0,1
5473d24ed0d2,1,6250.0,2
edf2d0e7e45e,0,8500.0,1
ec98fbd081ba,0,6725.0,0
e141e6d520b5,0,35650.0,0
af57ae48709b,0,1750.0,1
094218942262,0,350.0,3
d797ab338afa,0,3450.0,3
8f20a8b30b04,0,1875.0,2
5f55e661e6ac,0,25775.0,1
7b8443bda29c,1,12475.0,3
ed91a08f8423,1,42275.0,2
9806eaf68a44,0,59675.0,0
268361288a3f,0,8100.0,0
624ee7b200bf,1,950.0,3
2b9fc853af2a,1,300.0,2
df63d0253518,0,1800.0,0
80f998292cae,1,9975.0,3
f99126e3c019,0,8575.0,0
b3f433086e3b,0,650.0,0
d45f040a3a83,0,5025.0,1
02bbc8e6ba99,1,600.0,2
18febf223fef,0,20050.0,2
430cac89666e,0,2525.0,3
ef37e30d0444,0,3325.0,2
959b37b76f92,1,12825.0,2
baddf2e73eae,0,9400.0,0
534d9244b3fb,0,1300.0,2
facd2ab80bca,1,2350.0,0
0c00c676ee11,0,1200.0,3
658f50099014,0,15800.0,0
784ec5f9c748,0,2700.0,1
0608d899bbc4,1,23400.0,0
f449bc367c57,0,13100.0,0
03e4fe231c23,1,975.0,1
7f478b7c7817,1,4800.0,0
dbbc52a1d7b6,1,11375.0,1
b2e9e9121f13,1,12325.0,1
3d06189698e7,0,2825.0,2
c080a7bcc16c,0,1825.0,0
1901ba6dbc4f,1,5125.0,3
4082c654ff6e,1,3800.0,2
af02ba03dfca,0,1050.0,3
87b2a4932eb4,1,650.0,0
c130bdd5b362,0,1875.0,1
292aaf723681,0,3025.0,3
d2457d46300c,0,1725.0,2
56f8657f83fd,1,1925.0,2
fa77419dfc9b,1,24325.0,2
95be056b0e00,1,1200.0,0
0eab7c19bef8,1,1750.0,0
e4fbea56760f,1,4175.0,0
6bcbb6fc05cf,1,10675.0,3
bfa023f4832f,0,27975.0,3
e02610653fe2,0,9125.0,1
ebde2b1b2881,0,2050.0,3
37932c03fd71,0,0.0,0
9909f2ab14e3,1,7300.0,3
2849381f130a,0,1800.0,0
63a5104165f4,0,2400.0,3
76483155aa74,0,5975.0,3
d1854ceb5620,0,1100.0,3
c5f545149583,0,5800.0,1
132aef2717f6,1,9975.0,1
c966da7fda95,0,19325.0,1
42dd68291d7b,1,2100.0,1
e37d14e4d5f9,0,14900.0,2
51a6559435fe,0,1775.0,1
4832827c5edb,0,20275.0,1
81bed5e00139,0,29150.0,0
e022aa6e181b,0,450.0,2
52d9b39428bf,1,1900.0,3
c913b7fedb1b,0,1675.0,1
93738fcc2f39,1,5025.0,2
aa02fb80a27f,1,3425.0,3
d74fae206c30,1,6200.0,3
6b1324d6d38d,1,28250.0,2
5ba40d7d1e1a,1,0.0,3
4c2c0abfa965,1,1000.0,0
0d5c626a2860,1,2825.0,2
66ea609d81a6,1,7775.0,0
3141146b8926,1,1700.0,0
d7fc378a8230,0,350.0,1
a439e2502b66,0,2375.0,1
5dff2190f94a,0,1475.0,0
fd5c178e2546,1,3825.0,1
bcbf3aa9657b,0,2175.0,3
0468fb506376,0,13125.0,3
31150ed9f59f,1,32075.0,3
f9c4757a22b9,0,4600.0,3
12ed81976f62,1,700.0,3
dcbd339d04ce,0,100.0,3
2baf413d7be3,0,500.0,1
ca68ae82e11a,1,5600.0,0
3ce574efb8a3,1,39450.0,3
ff442695ca83,1,15350.0,3
3a5948e4c152,0,13900.0,0
8140ad96c64f,0,900.0,0
e9d600f85304,0,1650.0,1
e7631d6abcf3,1,7875.0,1
793c6505ae69,0,1800.0,3
871309f3f2e4,1,550.0,3
2d5356d4c8c2,1,2725.0,0
16f4cf28350f,0,1875.0,3
08673fd79377,1,1925.0,3
b89e5b6a4e00,1,1475.0,2
1a1c7fbec604,1,1000.0,2
afdb1911ea4a,1,3125.0,0
17b77911df9a,0,8850.0,2
0664d94cfe90,1,13150.0,3
b5c23aefb2e3,1,3000.0,0
8b816302c1ea,1,8900.0,2
f7e841905d16,0,4900.0,1
eb93066fee63,0,7500.0,2
e1d549c40a8c,0,6900.0,2
af053530b9f7,1,15350.0,2
802f62c66ff4,0,5575.0,2
637b79c1afe4,0,5700.0,1
5a619ecd75bc,1,1800.0,1
5d24babc9316,0,16925.0,3
8d64dfa01fce,0,3700.0,3
097e3267634e,1,1250.0,1
6cc29c648435,1,25450.0,3
8ab22571788b,1,950.0,0
f5dba67ef694,0,2675.0,1
bf9e77a4399b,0,2375.0,2
add5b04c57b2,1,57525.0,2
3d1d651c8559,1,5875.0,0
a0d2ef394dfc,0,50.0,3
8c96d7cabb94,0,3350.0,2
0f209824dfcb,0,2500.0,1
51c15dda0834,1,6125.0,1
6c20a467a579,0,1675.0,1
5581f3a05e66,1,3300.0,0
0bdcc3d13a79,0,4200.0,0
3d0ba03b4602,1,7700.0,0
76a58cdb4661,1,4900.0,0
5d2259387a0a,1,18350.0,1
dddaf6de18a2,1,9000.0,0
a1bfa1f87df3,1,5525.0,2
1085eaf9f9bd,1,1325.0,0
de3e40a3daaa,0,2775.0,3
a7992a0e91d9,0,14325.0,2
9ab5fbb515bc,0,13150.0,2
501d09e40a6c,1,5625.0,1
79aef82c58fe,1,2725.0,3
b7d176ad390d,1,625.0,1
adcd8cc5d550,0,26100.0,2
87862c82b3a3,1,33875.0,1
acaaed3f0aad,1,38150.0,3
ea926094a473,0,3300.0,0
e7a25695d24d,0,2700.0,2
4caee7d013d1,1,6100.0,0
fb36c299a6b9,0,8000.0,1
5e42aaa8fd70,0,1650.0,2
3e2e8f5862e2,1,9000.0,0
51f5187becf0,0,650.0,1
2525e9e56f7f,1,3100.0,1
0fc331379d35,1,4175.0,0
e13ba56e5c77,1,900.0,2
a497ba0e6536,0,19950.0,3
8420d2c6582c,1,2775.0,1
c7c140f84106,0,6100.0,1
30da82167910,1,17400.0,2
2febe105fdfb,1,4075.0,3
2b73c0ec0d4c,1,4525.0,1
2d2830b235c5,1,27300.0,3
fe349e16dc55,0,1625.0,2
eb8d664bee8c,1,7200.0,0
cb64e92553ec,1,1275.0,1
74b06814ba94,1,8525.0,3
e3f45bdca5f6,0,34000.0,0
9d608d07d1cb,1,3950.0,0
fb21688f154a,1,10850.0,2
02044532b490,1,1925.0,1
c9eb9dd958b3,1,11625.0,1
6f3506b52acb,0,8750.0,0
00d9e7ca4fbc,1,2650.0,3
5b8457b4c519,1,11300.0,2
3e951214668d,1,8925.0,3
5f7b4e13be9b,1,4475.0,1
e5ff738daf5a,1,6500.0,0
4219d3f901f9,0,3350.0,3
69823fd4483d,0,325.0,0
f9419be0ccf2,0,16200.0,1
b097dd863cb9,1,13600.0,1
1d6e3f06c909,1,1350.0,3
a130d3654348,1,350.0,1
9425b1789aad,0,2200.0,0
da2fbca51398,0,925.0,3
cf63e761e61b,1,16850.0,1
c8cd06038709,1,2525.0,0
0a60fa9e5d27,1,1950.0,3
7bc0a6a0cb8e,1,1700.0,1
0d8498ff8e0e,0,350.0,1
0cc201ce0498,0,19775.0,1
7449dc69e30e,0,3825.0,2
2cc1236353fc,1,5850.0,3
ba290e1339d5,1,650.0,3
be74b7bcfc1f,0,5375.0,3
2b1aef3c92a0,0,200.0,3
afe4719bb70b,0,5300.0,1
5407ab46a278,1,7100.0,3
592742bee8e9,0,5450.0,3
5d26ade24523,0,1700.0,2
4beb44498582,0,7200.0,1
69423c73fab2,0,600.0,2
dd91dd5e6ae3,1,2000.0,0
0e8468586319,1,20925.0,3
07048c5b2f45,1,4900.0,0
d5762a9a6eea,0,5125.0,3
30ecdb8dba46,0,650.0,1
e19d8105e66e,0,6700.0,2
6354c4b05f80,1,7300.0,1
a764f129891c,1,15800.0,3
4d78b60d61f6,0,475.0,0
d3b145640214,1,2200.0,2
89d3eecdaa81,1,850.0,1
1301c761a065,1,1775.0,2
0a3da9388ada,0,2100.0,2
e782e2b65a31,1,1325.0,3
481bbcec70af,1,11800.0,0
e9ad9dcf857f,0,11475.0,1
b6483a9d9f96,1,700.0,0
b331cd08fe2f,0,2725.0,3
442338a8a635,1,1100.0,0
ef5fcc27b41a,1,2550.0,2
9fdd25a74ab8,0,10150.0,3
488699373993,1,5125.0,2
b53d1308fee9,1,1050.0,1
3982db58b6f3,1,27575.0,3
1cf7a0b0a740,1,5525.0,2
384f73249c35,1,2650.0,2
75ba4b9c9598,1,1500.0,2
ea00af1c94fb,1,5800.0,2
ba37e6614050,1,6150.0,1
39e46dd5fed1,0,6300.0,2
b19941e94ce5,0,8400.0,0
b63d729c9f26,1,6800.0,3
de0c7947559c,0,8125.0,0
1b04801f0c5e,1,9775.0,0
66a529327709,1,5550.0,2
6601e4dd557f,0,2150.0,2
da64120535a4,1,9425.0,1
c6eb76948dd2,0,2550.0,3
c3e9dac6982a,0,3600.0,2
b7346ef0b0dc,1,2500.0,3
704fda3a2733,1,1575.0,0
919ef697affa,0,10025.0,2
db3b5c385486,0,2575.0,1
a7539c54245f,0,3225.0,0
eea4fb899029,0,17150.0,2
237b2fa017dc,1,5900.0,0
44cf22109a56,0,4225.0,1
79b18e0b9b84,0,1250.0,3
bd1b7c55d2d7,0,250.0,2
b97b046d59b1,1,11475.0,2
6bba0ce3f690,0,43600.0,1
2e5e5043706e,0,900.0,2
2fc85c9ba1ec,0,1300.0,2
55befd61815e,0,3400.0,0
c444211fbc0a,1,3300.0,1
0156225de9f2,1,2125.0,3
b6c4ba0c1f83,1,2125.0,0
80acc4b23cac,0,400.0,2
214d28da862a,1,2950.0,1
77b40a53c1b4,1,8850.0,2
f37d7c1a7b65,1,650.0,0
484dbea5fd29,1,5500.0,2
0b3142fe41c2,1,2900.0,3
1cb0fbd00476,1,1150.0,1
707bca3fc8ac,1,2400.0,3
132451a63920,1,7325.0,3
0ee8b561b702,0,10950.0,1
3dbdb4348705,0,2825.0,1
95b119b447a1,0,4475.0,1
64092a0c554c,1,625.0,0
0333bfa6bb0d,0,1650.0,2
e715d21cd049,1,1525.0,3
f45297bffd95,0,5575.0,0
c3d0a317beec,1,26325.0,0
b262c2d3dc4c,1,1275.0,1
431bb2c471f4,0,26450.0,0
a4a1537b39c3,0,1300.0,0
f54c53fb7217,0,1100.0,0
020aac2aa32b,1,1400.0,2
ff47379ca8b7,0,6350.0,2
32c6dc6da90d,0,12100.0,0
7f0af25852e8,1,2500.0,2
ab39b27806f2,1,1925.0,2
e3e6e20e2554,1,2525.0,1
fabd773e1dea,1,4450.0,2
60d2f8a1ce53,1,6025.0,0
9aa068205ccd,0,1900.0,1
79ba88fd33a9,0,2250.0,0
f5db3c17d6bb,1,4475.0,1
af3f441fa45c,0,625.0,1
edc3249a28f4,1,32300.0,2
f688c0ad8b79,1,550.0,1
3c07f96907c6,1,100.0,0
1cefa4d54987,1,2400.0,1
1159375c3ada,1,2200.0,2
d6414cf842ea,0,9300.0,2
de072dec228a,0,0.0,3
4b97f1a939ea,0,350.0,0
374e397455f6,0,600.0,0
db66683b55ad,0,1875.0,1
5df336a15732,1,1575.0,0
3a6781b91d4a,0,0.0,1
68b47fe7fbcb,0,10850.0,0
9013ca205628,1,1925.0,2
3085dd1afd51,1,11550.0,3
fefd9387394a,0,3900.0,3
bd0880cfe1ea,1,600.0,2
2ee3eab88ac1,1,300.0,3
b1d5a387539b,1,16900.0,1
abcc47ad58ba,0,50.0,3
ce8916be415c,1,16550.0,0
93043b717015,1,12425.0,3
aa26de5ad70f,1,1925.0,0
ab9d08add8bc,0,15475.0,2
06f29a8ddb64,0,4175.0,1
8a05016e62b7,1,2975.0,2
8c3d067365af,0,1050.0,1
4a0ebf3ff27a,0,8825.0,1
9cbd2829a942,0,11600.0,1
32501413001f,1,200.0,1
0a9bd565f71c,1,8500.0,2
25c6f6c8153a,1,7475.0,1
a3d7693b457f,1,1600.0,0
e699291ae0cd,1,1100.0,1
106b7b9d60d8,0,1850.0,0
23dda25110fb,0,1225.0,1
1a4b306f79ba,1,1600.0,0
149fe6de9fb8,0,21000.0,0
26651498f208,0,12350.0,2
7ad0fef784de,0,8600.0,3
1c60524fa001,1,5925.0,3
b5aec15ab65e,0,19675.0,0
efce5cc13941,1,13425.0,0
a5c37a3878c6,0,2700.0,2
54d998927446,1,31975.0,2
753e258fea27,0,9700.0,1
45ad4fc5a020,1,1675.0,3
4001f413064f,1,12350.0,2
e7307b60c23a,1,10600.0,0
2935da3c257e,0,8325.0,1
695b4d13e291,1,4300.0,3
4f7579b7ecac,1,9650.0,1
36ca1d4fe212,1,11150.0,0
b772ede80a92,1,8850.0,2
7733df25ce9f,0,13125.0,1
a38fd97658f5,1,1325.0,0
8767f1eb7acd,1,4550.0,3
b317fe8c6456,0,1600.0,3
fb2b6cb8719a,1,46825.0,3
8a40d782f49e,0,24125.0,2
eb578a7e7b11,1,7300.0,2
ed8039de18c3,0,4175.0,0
726fbf1f8a6e,1,9575.0,2
a84fabb545c8,0,625.0,3
f977ef0c0e96,1,950.0,1
4d70e1cd7e3f,1,575.0,1
7dfe543bcb21,1,27300.0,3
d7972d7f7566,1,2450.0,0
c8db1be04d94,1,1500.0,2
3bffccb7d3a2,0,1325.0,2
4c7dc3edec3f,0,1250.0,1
9a476ca5555f,0,9950.0,3
dbdc50d510fc,0,13150.0,0
05beba266a61,0,17000.0,1
3f0fbde0c74c,1,4600.0,3
5f9ac20eb6cf,1,9550.0,0
5160887241d3,1,7700.0,0
4b1a3ffcc59c,0,1700.0,0
48843c377035,0,7500.0,0
0339188c0420,1,5275.0,0
edb941ea7355,0,28325.0,1
4810cafe3db2,1,2300.0,3
fe26df6383af,0,5425.0,0
e0c31e66b664,1,3350.0,3
d222e4ec7d3f,1,8100.0,3
b98c15db6ba9,0,200.0,0
4e4b70709a1f,1,750.0,1
50523a7f85da,1,18725.0,1
5340e3712f8f,0,7950.0,2
396e54b701a1,1,45900.0,2
5fe512f6228d,0,900.0,2
fb7f0d430f9c,0,900.0,0
44afb175dc24,1,11400.0,1
47fc8d334d4a,0,7475.0,1
2b7e1577dbff,0,21150.0,2
35e4704d1f55,1,19425.0,3
e8fdda95e6ac,0,2100.0,3
e0ce23b21a4c,0,6900.0,0
ac1010695826,0,2725.0,1
313fc08235d1,1,1250.0,3
dd2e98190122,0,17100.0,2
33ffd1f24a37,1,1500.0,2
01cce9ddde5c,1,1200.0,1
df0088fda609,1,7400.0,3
d2036da37c55,1,6575.0,0
23a5271a98e1,1,2625.0,2
0f1c1ed2e89a,0,3800.0,2
528aa2111fbc,1,1400.0,0
72bb2c418d6e,1,8175.0,0
91cb58a5b650,1,9750.0,2
9ad426a1f1c7,1,13975.0,0
e69d8fab332b,1,4275.0,0
286342d05520,0,2025.0,3
73ce51eec660,1,150.0,0
c13de120dc9c,0,1450.0,0
7a60800a367c,1,6300.0,1
dc9bd8c803b7,1,3225.0,1
f03805cc4743,0,0.0,0
03b5a086c04b,0,550.0,2
f2bef2869ee9,0,2275.0,1
1347e7432414,0,100.0,2
1ac5a534ed40,0,2550.0,0
a8bff7c0e1e3,1,20100.0,1
2bccd95e00ee,1,23100.0,0
fe256823af33,0,5900.0,1
c0e12b151fc9,0,2250.0,1
a8f36c8223f3,1,10050.0,2
e3d75ed0e2a3,1,50.0,3
4fb8266e27a5,1,6700.0,1
2125ad3d7317,0,11325.0,0
bc82d2ac5c25,0,2850.0,0
3196c7c4b2d7,1,7250.0,0
b83f51636c23,0,2000.0,1
1ad33781fc6e,1,600.0,1
71c33da90ed5,0,13025.0,1
4b47f0384d78,1,19200.0,3
afdf245e6a67,0,1600.0,2
a82f72573860,1,3775.0,0
2ec32c8fd510,0,28000.0,3
7d0796e59dbb,0,2800.0,3
766f4f1b0d1c,1,5700.0,0
bbdcd49990c4,1,150.0,3
7f0f532d2ed4,0,5450.0,2
cca9fe636600,1,7225.0,3
26a67929b316,0,19825.0,1
33f7f1ac785a,0,3575.0,3
ed0085c505df,0,1625.0,1
da1b552011c6,1,3300.0,1
6f2193a96d7f,0,4000.0,1
262b65319395,1,11800.0,1
de91a8d9c779,1,6200.0,0
3cd331ca9ad4,0,25550.0,0
1df5e279f72c,0,5925.0,1
512ca692f099,0,9050.0,0
5afcdd971c07,1,3300.0,1
da947217d432,0,2850.0,2
d3834461bc35,1,2150.0,3
b7368875f7b9,0,550.0,2
9f10b694fa9d,0,18400.0,2
38f768b5648a,0,2375.0,1
d0812f3a415d,0,0.0,0
649c6bebd752,1,7750.0,1
3fd59cc1cce8,0,5475.0,1
73ed8194ad69,1,21325.0,0
9db964bde337,1,750.0,2
9fe02d34a025,1,46025.0,2
2d05efb4431f,0,6050.0,1
38922630931c,1,0.0,1
37355a2d8933,0,1500.0,3
a352bf3d00fe,1,8350.0,3
72792d739946,0,4950.0,0
7319f3459544,1,11575.0,2
bb8f990aea6b,1,12375.0,2
e0892a3ad71c,0,4925.0,2
23b6192a1c2c,1,24325.0,2
cf972619206f,1,2675.0,3
dae04cc5ccc5,1,30500.0,3
cab2cbcb8acb,0,6450.0,2
3e1854877efd,0,16325.0,0
9ed2ce8103ca,0,3400.0,2
0487bb2a185c,1,100.0,2
dd69090e2a50,1,11525.0,2
b6ae00590ee4,0,14750.0,2
3ed42168a6e9,1,5225.0,2
707b3dac9f49,1,2350.0,0
702c076c29ff,0,625.0,3
1d5f0c049507,1,8750.0,3
3e61125ada30,1,3000.0,3
f37a1f96e2e9,0,5650.0,1
97471b8e8d7d,0,4475.0,1
a3f57e637c20,1,7850.0,1
e926a6f6b36f,1,650.0,0
6fef5a9c0d0c,1,15725.0,3
e38b2a93ad88,1,2400.0,3
4527bac70fc5,0,17100.0,0
56eab95e4d37,1,9775.0,1
c69f653c8f30,0,6200.0,1
960a200626fa,0,575.0,1
b1a4131eab8e,1,4875.0,0
a5a1336a886a,0,2800.0,3
912802564736,0,7500.0,3
a7ec023a16cc,0,11975.0,2
6c60cc7cad8d,0,1700.0,3
4adee92f964d,1,15000.0,3
31e6b2b782c3,0,2100.0,1
e1265d3f6311,1,1725.0,0
7e79d6c82ad0,0,10200.0,3
70ff90d81f87,0,9500.0,1
7c8d47b8c110,1,2150.0,1
548e3a4f0836,1,4600.0,0
88bcd862cbb2,0,3600.0,0
0edc9d23007a,1,2050.0,3
cccab5be1168,1,8400.0,3
da3a17568455,1,2125.0,0
ab81c9d9acf6,1,7475.0,2
4cf000621925,1,2100.0,0
3cab6f8684cd,0,6150.0,0
b6cac10df42d,1,1175.0,2
8a89abeff220,0,4875.0,1
1fdaf98c99c5,0,26000.0,1
e2235a0f61da,1,2200.0,1
c0581dc73f56,1,5325.0,0
1392069c2f7a,1,9575.0,3
aafc2fd21112,1,13575.0,3
1f187ad8a3a8,0,3375.0,2
c6079ef7f8c7,0,8050.0,2
a95ac676f4b1,0,25475.0,2
f958a1589869,0,1050.0,1
af8817cc6613,1,35000.0,2
285ee57cca1c,0,11350.0,1
ad8adc7cf5c7,1,5325.0,0
69f5cb2705d5,0,2850.0,2
21b5d11d5646,1,14000.0,2
eaa1ea84c122,0,2500.0,3
652038f3dd4a,1,10600.0,1
6ba41361cbcb,1,950.0,0
f4f11b7de89c,1,15400.0,3
460e8cc35035,0,29950.0,3
0cb440207eac,0,31475.0,0
74067e9af921,0,20250.0,3
80e476088519,0,24525.0,1
4fd869671ca2,1,2475.0,2
2994774f42ce,0,1100.0,3
b23c568025c1,1,13300.0,3
6c81d2e87035,0,1925.0,1
e7ee2aa289ad,1,3100.0,0
fb851bc594a4,0,1900.0,0
79424a769b44,0,350.0,3
923234def514,0,3525.0,2
b40a8d1b9c30,0,1375.0,0
cc9a9b6fe0e1,0,5600.0,1
df2f56c7c4e4,1,200.0,0
deb6a10b182c,0,1275.0,3
85b48ecc906f,1,2050.0,2
41944ca78a8c,1,2575.0,1
80b44abf26df,0,950.0,1
0bef171e6a72,1,1750.0,2
7421078d8ecd,0,23850.0,1
b114094b3427,1,2625.0,1
a8d3f75787fd,0,1800.0,2
f602f49ec7f6,1,2700.0,3
ba7d2ee8840c,1,1825.0,1
058d41e4d92a,0,13350.0,3
0ffbc2046edd,0,17950.0,1
f0197aec0b17,1,5250.0,1
babb114ef908,0,1750.0,3
9280d53f7d13,1,10750.0,2
b2346e1177f0,1,44600.0,3
c5ee881291cf,1,50.0,0
5a2672cc0064,1,12275.0,3
055e2bc4de43,0,3800.0,0
95f6d219a28c,1,800.0,3
77b915d9b6ea,0,9600.0,2
c18342522dce,0,4600.0,3
4d83bf4bbbbf,0,5925.0,2
0186b7a1b279,0,47500.0,1
95869d85ae0b,0,450.0,0
12d5070f0d04,1,40650.0,2
72e1d97c3874,1,2625.0,2
4bf598c125d9,1,1100.0,1
a47a008ec314,1,1850.0,0
4b8234347c7f,1,900.0,0
d7e7edf87cab,0,1200.0,3
1b674a43ff57,0,19125.0,0
51f895d5dfd0,1,375.0,1
4cd2bde258a1,1,550.0,2
fcf20aab7895,0,1600.0,3
da938047c311,1,450.0,0
228ca50493e5,0,900.0,0
3affeb70b891,1,1300.0,1
dcbada09f367,0,0.0,2
7aa7c8f6a592,0,20400.0,0
ab0c6393cb1d,0,4325.0,0
dfec9e3d0ee8,0,1175.0,3
c9f8760a8516,0,27450.0,0
b532fda9d2e5,0,3950.0,1
abb125273b56,0,4975.0,1
206d7128505c,0,4900.0,0
fd336c81ece6,0,1100.0,2
5c6bb075cc72,0,425.0,2
cb78c2d02179,0,1700.0,3
882014159874,1,875.0,1
1661bbaa8755,1,550.0,1
345bec8e5dee,1,6250.0,3
56f2602565d7,0,2075.0,1
e0f185440c64,1,7250.0,1
ee903a2ea6a3,1,5800.0,1
8cf3e4b209f9,0,10100.0,2
154a0dfd5b99,0,1500.0,1
421b011ec835,1,1700.0,2
84b3b5199151,1,5200.0,3
89842375854f,0,3600.0,1
87f837fbca24,0,10400.0,1
b7a34ca7d8e7,1,0.0,2
ba79b03dd674,0,1575.0,2
b2d791382f54,1,5100.0,2
f086aa164266,1,10400.0,1
13ecd4d57ecb,0,2750.0,1
f45f2a2b19f4,0,5300.0,0
1952697187e3,1,1850.0,2
5948bcc596c4,0,550.0,2
def7f2e0cbcb,1,2675.0,1
1f2e60a58a92,0,2500.0,2
75b11d56009b,0,8100.0,2
11ad849af5b8,0,1300.0,3
8cd597ccec92,0,28050.0,1
14645792c3e9,0,7975.0,3
939917fdbd42,0,225.0,1
7d5965cfaf3d,1,1225.0,0
a8aa0c942264,0,6275.0,0
65e71cafe1da,0,19700.0,1
c600879e85ca,0,350.0,1
72f647ceeb14,1,0.0,0
5617686ed8f1,0,1500.0,2
89d6e6c6138c,0,2200.0,1
d213e344d998,1,10200.0,1
6e1060de9638,1,2275.0,0
1484d9e7c3f7,1,3025.0,2
66b0b8798587,1,975.0,3
b72fcb6baeca,1,1300.0,2
161d09a2ca09,0,8100.0,2
56fba677d327,0,3325.0,2
b4aa6d538a5e,0,5775.0,0
2db953dad51a,1,2875.0,2
b62265fb6789,1,2925.0,0
fddcff46f9e3,0,900.0,3
7fc75d291037,1,2050.0,0
23aadd96192c,1,3400.0,3
7047505b7093,0,6975.0,2
4cbc124554fe,1,150.0,3
80c64830a845,1,14775.0,0
64e290f44080,0,19025.0,2
2fb7f46b9418,0,2100.0,0
01d785422318,0,15950.0,0
b77b7baba3c7,1,4550.0,3
4670f459422c,1,9700.0,3
6c1287f39960,0,100.0,2
d58d8f1d191e,0,500.0,0
7ad442f41e61,0,825.0,3
d3f811ec9662,0,1400.0,1
5403840f22ad,0,6050.0,1
37fd7a188143,0,6200.0,3
1a888b4468a8,0,5475.0,1
0b36d4c29653,0,100.0,2
44df70b557e8,1,6175.0,2
36e378ffb608,0,1200.0,1
9ef49d841757,1,9625.0,3
ea13dbb247ab,0,1500.0,3
3569d3af889e,1,7975.0,0
70d165a08f6e,0,12875.0,1
fcdeb034b3a0,1,1600.0,1
3b6c05be683d,1,2100.0,1
b46e62df2a40,0,900.0,2
71a146db4e14,1,300.0,1
f8e0dafe95f1,1,1400.0,2
ea26791594fe,1,2325.0,1
3c54f7dded4e,1,3525.0,3
22d14947b8ab,1,100.0,0
6c7fceb53e54,1,1850.0,1
72eda3c1b350,1,12175.0,2
976ec5d45e6e,0,1150.0,1
e8c3a4662e08,1,2400.0,0
a9a417f9c546,1,7400.0,3
70542c38148b,1,29300.0,1
4f17253840bb,0,3000.0,0
767d70257bd4,0,5700.0,0
5cbc7a3ef8f5,0,12000.0,3
b423a12ab344,0,19175.0,1
85ad6227ba03,0,6050.0,1
140a30f12404,1,550.0,2
9dda9ce44ba4,1,925.0,0
6d45e87f62c6,1,1800.0,1
fbe867c09904,1,4625.0,2
6c7c11f76913,0,4675.0,1
5b068a66b4de,1,2725.0,0
d6fca1401c41,1,5300.0,1
22b3a857159d,0,600.0,1
df07db23f906,1,1200.0,0
7d85f1790665,1,16250.0,0
a00fd44395ff,1,3100.0,0
a4244036b7ec,1,5350.0,3
b6758c52cdc0,0,6075.0,3
3f95f9ea6f2d,1,9125.0,0
f808b5ac2817,1,2900.0,2
c9e175a4d4ec,1,27600.0,0
644677f44e02,0,400.0,0
4444fd749008,0,2950.0,3
15faff4958ee,0,1000.0,1
72987f6c75df,1,4100.0,0
8c09f333e51f,1,1250.0,3
b673642e3dc8,1,2800.0,2
c9674b2befbe,0,14500.0,1
d2ce34e30118,1,5675.0,0
8d8216113aed,0,4700.0,3
ec7fc24324d5,0,3075.0,3
fec9ca5f317e,1,13900.0,2
926951d4265a,1,15000.0,3
c1e21fc40b30,0,4150.0,2
388d3fceaecf,1,18875.0,3
ea14f3074eea,0,9650.0,2
41298e7df73e,0,425.0,2
e1de3a779e3b,1,13800.0,3
82140ffaf218,1,1225.0,2
809235f45894,1,10350.0,3
069aedfdb2f8,1,3325.0,3
9205a1b8fc36,1,2375.0,3
5c80b0113382,0,28100.0,3
084aaeda70db,0,975.0,0
3105dd7559d3,0,925.0,3
720dde3aeae3,0,1600.0,3
035bf603611d,1,2425.0,2
f06b3edde19b,1,650.0,0
bd123c472dfb,1,4250.0,0
f700231f8102,1,1675.0,0
2daa00d65392,1,1850.0,1
99c267305e28,0,500.0,2
b685c4118d6f,1,11100.0,1
d13ad8613fe1,0,1200.0,3
390a56024258,0,14400.0,3
81cdd0170391,1,32475.0,1
c0e64e15d0a9,0,2800.0,3
6118ceb5aecb,0,825.0,0
7e2559163a31,1,3600.0,0
5b3e3a299e64,1,11475.0,0
ff10b5dd6433,0,5800.0,2
ca8c3852b282,0,600.0,0
a10b57083d86,0,11025.0,2
8da2b48697a0,1,2875.0,1
e1b4c7bf7cb7,0,12825.0,2
9b2be0dc1f05,1,1800.0,1
8569a5a01ed6,1,10150.0,1
f03a2ea90206,0,1375.0,1
a8bf414e2365,0,11200.0,0
0e8af946c2c8,0,6925.0,3
a51e1e5a219e,1,31650.0,2
1bb25589355f,1,800.0,3
1a2e66576e57,0,17750.0,1
a501f392b75b,0,12825.0,1
bd53be620ff6,1,1800.0,1
8369d289ded6,1,2500.0,0
b688ecc82bc4,1,13150.0,3
89def6c219d6,0,7275.0,1
7d8001a4a173,1,6300.0,2
c56df7de5f0a,0,10150.0,0
0dd69dcc45bf,0,4250.0,2
1bd3b9757466,0,23700.0,1
bde9afaeda21,0,3400.0,3
25751a31e3d2,0,10525.0,0
92095bf7c2df,0,8450.0,2
8909e63d0d99,1,1000.0,0
0974ff073aa4,0,11200.0,3
59259601274b,0,4025.0,1
335577d14d2d,0,2150.0,1
bfd8bb2d30f3,1,2775.0,1
2acba53e8fac,1,2400.0,1
2e2f291ce24c,0,3050.0,3
1aa016c4d210,0,1425.0,0
8135ec7bf7a2,1,40175.0,3
f36b824782dc,1,1625.0,2
1cf674815416,1,1150.0,3
da4c95807ff0,0,2475.0,0
e0afa5aa1a9c,1,23950.0,0
1a0fe6b3516f,0,775.0,1
b88422657d12,1,1500.0,3
3fe06d820bbf,1,12150.0,1
ca77e090f0f9,1,1625.0,2
4dbef333b01c,0,15975.0,2
96f7455b8383,1,12325.0,2
c0e12712b205,1,5375.0,0
7b3a039b8c3c,0,13975.0,1
53c1a613fe5d,0,5300.0,2
b5d253fbd7e3,0,1725.0,3
caeb6b6fc84c,0,6400.0,1
1598d32f795f,1,6750.0,3
3ffe6a484aeb,0,8200.0,3
9e47f7a0d082,1,3475.0,1
c985fda464ec,0,11375.0,1
dddbf3462549,0,15775.0,2
1909fdd9c928,1,1625.0,2
70e232b2fc55,1,6550.0,2
4bf17cc67ab7,0,1975.0,2
1fb96f7c851f,1,2425.0,1
5bc88d028bec,0,5600.0,0
f77fba8c0943,1,41900.0,0
0d58fa13fc54,1,7450.0,2
45098d3b6ab1,1,2550.0,0
6e54e956323a,1,2150.0,3
e7cf3473a6f4,1,2475.0,3
9d50ba743b59,0,3600.0,2
33d2b3a7dea1,1,250.0,3
f9c693e989c8,0,11900.0,2
8dd8766e0b95,0,225.0,3
d2b3aced3089,0,3375.0,3
1fccb021518a,1,4150.0,3
95a9935c410e,1,5875.0,2
39fc821d8295,1,2350.0,1
0ad2f7d7d4cd,1,2375.0,1
79d135e158e3,1,6225.0,3
a1ea4d3d6a14,0,2850.0,3
c6988fc8707d,1,10500.0,1
a30c12c3f4f7,1,15425.0,0
9b5887975c86,1,2400.0,3
4ed03837a217,1,1700.0,1
af77a4e85e3e,1,6225.0,0
2001aba9d085,0,250.0,2
a21d3395055b,0,5375.0,0
3bea412976da,1,21700.0,3
8402e80f85c6,0,2200.0,0
1aa9b7d9483e,1,3250.0,2
32d84677192a,1,14075.0,2
67c6d107f57f,0,3500.0,2
df0ca34a29d6,0,5675.0,1
ef339b4b6ac5,0,20000.0,3
76cc7acd5870,0,700.0,1
54658f0d4ccd,0,2350.0,1
e0ca60507c6f,0,3625.0,1
94c99ed945c7,1,1050.0,0
b625985a9d4b,1,5200.0,1
930a60606be3,0,16350.0,1
a897abfd47d4,0,12350.0,1
0657fb93a9d9,0,675.0,2
d6e6d187c779,1,2950.0,3
b835de822065,0,400.0,3
2340c87c2b44,0,1800.0,2
c7a2140c4fdf,0,650.0,0
97226bf95059,0,4200.0,0
1598f5fa0558,1,15200.0,2
732afa61a97f,1,6500.0,3
1ea563e2393a,1,4000.0,2
3566e960fae7,1,12300.0,0
2bb40c4a32a1,1,7025.0,0
ebd60055748d,1,925.0,1
e118bf3be43d,1,3050.0,3
ac8239966ab7,0,2625.0,3
e74d37f121cf,0,400.0,0
20002a3e9252,0,19600.0,2
68502b1ec662,0,2150.0,1
3c5d040ac17d,1,100.0,0
e500f2b1c807,1,1400.0,3
8f3f8060aa83,1,14450.0,1
f5a62c54e0e0,1,600.0,0
b38afffc462e,0,9775.0,0
848bc4870d4e,1,1250.0,0
af893a3cdd05,0,5400.0,2
9039ad221a2e,0,300.0,0
fec2c45295a8,0,1900.0,2
f065d8c028b1,1,3550.0,1
4a843208320c,1,450.0,0
11bf984c23a3,0,13100.0,1
7cc33ab348a0,0,17800.0,0
1e589b3552bb,0,3600.0,1
10462698d39f,1,100.0,0
5fb81193e95b,1,6800.0,0
82e38f1b1997,0,21150.0,0
f4804325ed2a,0,3800.0,2
2b51a3145f7f,0,1900.0,0
c501d19dcdba,1,12175.0,3
7ba06d653060,0,3950.0,2
2ca322968a4f,0,13400.0,1
89783d9efccb,0,6950.0,2
429e4f200cc8,0,3325.0,1
93a0f10e894a,1,1500.0,3
267d4552926a,1,4200.0,1
b7bfd23c5069,1,15675.0,2
b8d0db218e15,1,9650.0,3
d81976d3fbf0,0,975.0,0
cd33f3bc8c8c,1,21200.0,3
6c1912f1702e,0,1350.0,3
b3738c2a58ce,0,475.0,3
ff37aae1be40,1,4050.0,0
a1fe7d78cc37,1,13325.0,3
b622c9f1435b,0,5650.0,1
5d3938fe46bd,0,11300.0,1
68ef1ebd7785,0,1475.0,0
5b222985b6d9,1,28525.0,1
74d02df438ce,0,10400.0,2
0bc92f61b57a,0,3075.0,3
53e6714c305c,1,3850.0,3
e1bca1c881e5,0,7900.0,2
bce607d6bbfa,0,19100.0,2
2e21422954f9,1,1200.0,1
d73261358556,1,3950.0,3
694d0bdb7318,0,1950.0,2
a9e62d3be01b,0,8525.0,2
cff07f991200,1,1925.0,2
e7e1a279c642,0,1225.0,0
0ad0176a6133,1,12000.0,2
f58cb624806d,1,17500.0,3
47206460db31,0,21650.0,3
2b1669adbafe,1,6450.0,0
a0e64950bd1a,1,4300.0,3
7900514d49d7,0,7150.0,2
e6dd3d1f58aa,1,1275.0,2
9868ad00ed87,0,2325.0,0
5f697e8fd204,1,11125.0,1
98aab0e6f79d,0,22575.0,1
977223062fa1,0,13375.0,0
6211bf7f41cd,0,4025.0,3
6a9cdff24a71,1,1125.0,1
63669189bdac,1,2075.0,3
4c656857fa68,0,4125.0,1
49617a108bc0,1,13350.0,0
b0dbf171a8fa,1,3250.0,3
5d64eba7d331,1,4025.0,0
82ee992be8e5,1,16950.0,1
c6a240f97bbb,0,4475.0,2
96f44a3fd048,0,8450.0,0
c8c74866b160,1,3300.0,1
b5f98bf2c1fa,0,6400.0,2
1dbaf0b3e3cc,1,725.0,3
0be4f3a8a211,0,900.0,1
4897b7ebe53b,0,11200.0,1
78d834aef6f7,0,0.0,2
a549ebac3a4d,0,24750.0,0
f746136b5b1c,0,6450.0,1
982bfab20e8c,1,7000.0,3
72d6fd7bbbb1,1,9550.0,1
b2387ee05f24,0,4000.0,1
5fbbe50dfdb4,0,3200.0,0
05bdcddc0b43,0,7075.0,1
86bd7ee03de3,1,11500.0,1
04b55fe707ac,0,150.0,0
d48f432f1991,1,3250.0,1
38bf8f488dab,0,1600.0,2
d915d7c81a32,1,12875.0,3
a4c49c02d090,1,6600.0,1
f45142e9006d,0,6875.0,0
5e4dedfd0c9f,0,15500.0,3
dd6ebdf4cc07,0,400.0,1
a6f95e6cf9f0,0,23400.0,3
c02181a2dc64,1,1600.0,1
a8bb88ab94db,1,7225.0,0
3b3ce1a83b3b,1,1400.0,2
d8c876456b8a,0,3950.0,2
edd19af9d30f,0,400.0,0
d57ac8c6d25a,0,1650.0,3
d0682845e7c8,0,22575.0,2
1f9a363b464f,1,4900.0,3
f8fb73a467fe,0,600.0,2
4316a28ff58f,0,49575.0,1
ff8dd41304ab,0,3100.0,2
a0254d240e6c,0,29950.0,1
d623e1769d83,0,11650.0,1
ad426f0bf850,1,8525.0,2
a21db393af9f,1,23975.0,0
5c90eace1394,1,1100.0,0
56e97c45cdfb,0,15200.0,0
4b4e49fa478c,0,25775.0,1
e3e592d7a0b7,1,1450.0,2
feddadd48f99,0,1450.0,2
835cd09f0a20,0,28050.0,3
ee269cd36337,1,15425.0,1
688cc5231055,1,4325.0,2
d0a39e8846c3,0,3650.0,1
816469d9d5ed,0,1125.0,0
fafb7245fcad,0,19850.0,1
8f5d2246c429,1,22975.0,2
4349059e37b7,1,8050.0,3
debe5472dc24,0,59325.0,0
23e8ea001f65,1,5475.0,2
f7669b31e971,0,11400.0,2
aea6a8bd199c,0,5950.0,2
a02f64c7a05d,1,4600.0,0
05fbe1d4c0ba,0,1400.0,2
8caad0de80dc,0,1100.0,0
c0af38f8ea60,0,3475.0,3
7cd0499cac09,0,2050.0,0
aa99d1a9e017,0,1725.0,1
58b36a266798,0,29850.0,0
9ddbb1d6f017,1,16925.0,3
30e1b8fce880,1,550.0,1
2af35c3b9f48,1,4700.0,0
1549485f2578,1,750.0,2
3d2fa8182463,0,10350.0,1
b6e686ad87bc,1,33875.0,3
9124011db25e,1,7700.0,1
ed129dcb5149,1,1475.0,1
6c9fc84cc3bf,0,350.0,0
57048b31508d,0,7075.0,0
cdaf4cb9f905,1,1775.0,0
2467694cc51b,0,4775.0,1
4b593f67ad16,1,1100.0,0
2020902e5d43,0,0.0,0
71ecd368491e,0,12825.0,2
d7d817b0739d,1,10825.0,3
540378ba6b07,1,500.0,1
95365f273331,0,2000.0,0
ca222ff89507,0,21250.0,1
3daee551e0a8,1,23800.0,0
c18148775028,0,1850.0,0
8138cf599598,0,100.0,3
6f7c2028dd79,1,1675.0,2
e5bfe68b40bd,0,1300.0,2
d69aae0c6f07,1,17625.0,1
4b7cf7d0c454,1,100.0,1
1f2d16aeab47,0,900.0,2
abb67875de18,0,3400.0,0
a6a08440b53b,1,5750.0,2
c7abfb7f5b7c,0,2175.0,2
0b2f3bfa76ea,0,800.0,2
ace206cb0abc,0,3100.0,0
6abbd1e76d4d,1,9300.0,0
8fa4d48aa05c,1,100.0,1
345ebf1f4f52,1,1200.0,2
18ee1ecff559,0,4200.0,2
4e6d31d8574b,1,1275.0,1
8a5bc797db43,0,12400.0,0
eec3aff3ee85,0,5425.0,2
48d2e4b41604,1,7950.0,3
aae7c52e038d,0,2275.0,1
f0085cd4b044,0,1450.0,2
735869c1966e,0,17400.0,0
bc5ea0216559,0,2950.0,3
0c2d9e725be1,0,1525.0,3
a63f705d1d7c,0,5100.0,0
3b7d189aeb94,0,28650.0,1
653acc9631ea,1,1400.0,1
f8fea02b4caf,1,2775.0,2
8390baaef581,1,0.0,1
934fc5cbfa9c,1,2775.0,3
c327086b3029,1,9175.0,3
a74f7e2786c9,0,1600.0,1
30f4141ca1ec,0,1650.0,3
5d39560e8218,0,375.0,3
4fcf5cb631f7,1,850.0,3
d876edab99b4,0,33550.0,3
cf719250ed9f,1,2475.0,0
aaa9af37e4ab,1,5550.0,3
f8f35853a5a4,1,40050.0,1
7980621a74d8,1,20050.0,1
d620ad1af776,1,225.0,2
13d0299ff8ce,0,8925.0,1
9f5a22c5c3f5,0,6800.0,2
e83c086a7e50,1,4425.0,1
7b52e82932ac,0,0.0,2
465444065d5b,1,750.0,0
447c9537bade,0,4600.0,2
04722de0250e,1,18200.0,1
cdf0180a1a5e,0,2025.0,1
db78ada978dc,0,8225.0,1
a00281d8a176,0,7400.0,3
b587e3f2c4e2,0,2000.0,2
0b63b04bd27e,1,4550.0,3
f0bf3e87feac,1,1050.0,0
2044365bfb5a,1,9125.0,1
2a507d99c1f8,1,250.0,0
d105df348812,1,4100.0,1
cd1251e244f0,0,43225.0,2
ecc48531755b,0,36350.0,1
294850c33d0a,0,2850.0,3
a051a439d55c,1,25700.0,3
d7bb871aaa64,1,50.0,1
3bba54e1183e,1,6425.0,2
4265a6f3ea7e,0,6400.0,2
ac71de415023,1,13100.0,2
1a7168507382,1,1600.0,0
96240ca0baa6,1,2000.0,2
11de7bf75fad,0,3850.0,0
333c1c810266,0,22025.0,0
a4e58b86c3c0,1,6100.0,0
8b0f0b8a0952,1,1000.0,3
fd689b243581,1,1000.0,3
47cd6b074096,1,3025.0,3
cc220a0336fd,0,2500.0,1
b9f089c99384,0,300.0,0
a11b70942bb4,0,8825.0,3
e5c36d27aec0,1,950.0,2
79f7c9880e5d,0,10800.0,0
e3b680246a42,0,17550.0,2
acb888d3d408,1,800.0,2
80eb8952543a,0,825.0,0
34f327e56b66,0,2025.0,2
ea7dbc04eea1,0,7625.0,1
53b2c0a64a4a,1,3550.0,0
4d8cea812eab,0,27000.0,1
17bfb57c1e7c,1,300.0,2
bfef4a46bb4c,1,2825.0,1
3a37c39940a5,0,1325.0,1
e99d4f52f8dd,1,2750.0,0
48885609e5cf,1,2475.0,3
9545c93377dc,0,975.0,2
b7de13363112,0,1400.0,2
fbbdcd6cee19,1,1425.0,0
58c724b9179e,0,1550.0,3
a123dfd1c06f,0,11100.0,2
b13823878801,0,1425.0,3
9abe920e46db,0,12050.0,2
9729b9505a7b,1,6800.0,1
0f636dec6cfa,1,300.0,3
2d4778fe0b3d,1,1100.0,3
f4571bba39cc,1,3750.0,3
5b00dd80ea7a,1,2150.0,0
e26b6ff46564,0,3550.0,2
32185fef64ea,1,5850.0,1
3e0d59a2c22b,1,3400.0,1
5bfcb2e31630,1,1550.0,3
07a375315c57,1,1050.0,0
83df373d4e37,1,14950.0,0
ac9d8e730c34,1,2500.0,0
6718ed16fae2,0,15350.0,0
4280dbeb3f2f,0,2700.0,2
10d54fd1748a,1,8700.0,0
9f570fc4e8bb,0,3675.0,0
f2ddd89db72e,1,3350.0,2
c781f4051d5f,1,13700.0,1
c6b08cdc854c,1,9900.0,1
27e8b32890da,1,4050.0,3
1cb911327f55,0,4225.0,0
dbb3fe977b90,0,1225.0,3
643092faf2c7,1,1625.0,1
ed146a22e433,0,6125.0,1
3f0b92bdb35f,0,1150.0,1
3e517a98e400,1,1000.0,1
76e103f48517,1,1275.0,0
b09a31b73f46,1,27150.0,1
50b6670fe6dc,0,8550.0,3
75d20aa51a12,1,6350.0,3
2f33d7026725,0,7975.0,0
20852e483d84,0,14800.0,2
2b375a4d5216,0,4075.0,1
0ab9b36b6c4d,0,6425.0,2
82e4115f2993,0,3950.0,2
89fdd3f809ba,0,11100.0,2
d1a9f86fc443,1,2075.0,3
50523e5e0750,1,1500.0,1
4cd9b8154bca,0,750.0,1
ff0b01076fc1,1,3600.0,3
c4937e82e915,0,1150.0,2
1136b90c649f,1,9300.0,3
544eb0b66d72,1,450.0,2
e811009b80b9,1,4525.0,1
5719721d2e55,1,800.0,0
4b225fa7039a,1,7675.0,1
7e960ff82833,1,200.0,2
ebcf16b6836b,0,8950.0,2
8be8dc4334b6,0,150.0,3
c5ab47b6a238,0,1550.0,0
8a2e8b554eea,1,27925.0,2
2a69bf4bd1c7,1,2675.0,2
30170db0bb84,0,4500.0,2
c7fa1a63c727,1,275.0,2
6013da37d0d3,1,725.0,2
0b136fa8e106,0,4175.0,3
c856da613fd2,1,3275.0,2
b045bd89f2ff,0,27375.0,0
1b597238c681,0,7225.0,1
3ce9d6e74740,0,1825.0,1
5780fc633f99,1,1100.0,2
ccac190eca87,0,6450.0,1
f23b6608b95e,1,10500.0,0
b9075bea0665,1,14125.0,2
6e499bef09ff,0,11950.0,2
a00ba8d74410,1,16225.0,3
d8291ebb817c,0,1525.0,3
2f69a12ddd52,1,43200.0,0
9e4032c83568,0,7200.0,3
acb9fb0782af,1,22850.0,3
9d0f280536b8,0,4575.0,2
f42fbe7bb05c,1,1650.0,1
5deb39dcb345,1,1300.0,1
41b7c839599c,0,16750.0,3
8969e0832d92,0,2425.0,0
608eda4979f7,0,875.0,3
a9c89d00396d,0,13550.0,3
7327e9008214,1,36325.0,0
f5df4a65f703,1,1625.0,0
184b2fdc4a53,0,2025.0,2
ea10a48056e0,0,7775.0,2
1713f88a7475,1,50.0,2
096f9c5c5be1,0,11800.0,2
62ae0ca8dd2b,1,2475.0,0
c9f3e92fa712,0,1800.0,1
3c02aef7e41e,0,10225.0,1
a9fedd1e6e5d,1,2150.0,0
69d34898f57b,0,3725.0,3
6af6889e7e1d,0,8050.0,1
b0c7f83b78f9,1,7400.0,1
497c007e798f,0,1025.0,2
45ff94587249,0,42500.0,2
77642a5354d8,0,6425.0,1
f15523448db4,1,1400.0,2
b8521144f8d7,1,200.0,2
c5b2c4398967,1,3050.0,0
a2d5a5839224,0,5725.0,3
677b154ccb84,0,1800.0,3
db4c5424d610,1,950.0,2
0ac4ca6e5be3,0,11475.0,3
977e78f19d64,0,2600.0,1
f0822457bf89,1,4200.0,3
7e763440c2e3,1,3500.0,2
bea1fd213474,1,1700.0,3
77c592ee2a20,0,8275.0,2
e6f27b052f14,1,1750.0,0
09a4be8e4090,0,275.0,2
7766ce51cfa0,0,4225.0,1
e765d32d7c75,0,50.0,2
60f4fcbf0eaf,0,3725.0,0
d0f794b2ad7f,0,20200.0,0
5f9ecd135b0f,0,3100.0,0
b710dcaa1cbf,0,2525.0,1
8fca2dc0ee87,0,22950.0,2
6b1b62dd3b04,0,5650.0,3
af3e4ee33a74,1,1600.0,1
d5a0860c503b,1,13200.0,0
c4132a48cea8,1,4125.0,3
2439b1488684,1,25750.0,2
680b9ea2bf66,1,5300.0,2
f1e9d52a4f4a,0,8225.0,1
fdf5ec431fe2,1,7000.0,3
fbc66a554fe0,0,2750.0,0
f9f0561fa29e,1,500.0,2
5bbe9be1d8a1,1,4525.0,0
9d0ce7ae0e9e,0,1900.0,3
baa803419d1d,1,44100.0,0
09ee054a9d7c,0,100.0,0
7e1d526de82e,0,2450.0,3
8786edc488f1,1,6375.0,1
258f08d7c667,0,3950.0,3
fe38992e8678,1,700.0,1
d56a3e68697f,0,4900.0,0
1a9c4982ad4b,0,2675.0,1
b080f46d88dd,0,4100.0,3
f1b295daa89d,1,16950.0,0
a6fc811e3df6,1,3850.0,1
11850f77e50d,1,16800.0,1
5d53844df0fe,1,3525.0,2
a7d177009bd1,0,2450.0,1
bed4c016b444,0,28875.0,1
199584f751fd,1,250.0,1
01202ee1cb00,0,19975.0,2
f1c1dcac59b1,1,14325.0,2
95168f60d438,1,3700.0,3
4ee37f457671,1,2200.0,3
b40bc1308d42,0,25200.0,1
c01430162b6d,1,10625.0,0
f52b35f7af56,0,10475.0,0
86b3f2c72386,1,9250.0,0
15eff64f7516,1,2850.0,1
0698654e7b7c,0,5050.0,1
32a585ce36ae,0,2925.0,1
2b1cdd4039b2,0,5300.0,0
61c6b040c76f,0,5000.0,2
f3e940af8e69,0,6775.0,1
1e326b59351d,0,1300.0,2
eb033a8f8f2a,0,22375.0,3
d23132f2b616,0,9175.0,1
9ce642e8d48a,1,3075.0,2
350b1b43bda1,1,900.0,2
9b6659e32b2f,1,18900.0,3
209ffca5d3b0,1,35150.0,2
c5ee0cf374b2,1,1925.0,3
dcdfe2bf19cf,0,11975.0,1
ef53ea85ae1e,0,11700.0,1
6e44a01fdf07,0,1200.0,2
7bae9f648b7b,1,24325.0,2
df17638c4e54,1,10875.0,3
bd9326813376,1,19625.0,0
23fe6fc82d6e,0,0.0,2
72d89a3c79ac,0,6650.0,3
455b7c5805ea,0,29650.0,0
4f96f36fd31b,1,825.0,2
00d976282c98,0,24000.0,1
7e08bd4e3e42,1,1550.0,0
1d2481ce7dad,0,5150.0,2
13cc77791531,1,21700.0,2
c9f86ac2cc7e,0,4900.0,3
93dd510b8941,0,1500.0,3
756ffa4c902b,0,200.0,0
8d58508b8808,0,12700.0,1
55f070e31bda,0,10650.0,2
baa827d71323,0,8800.0,2
da3e33e2a09c,0,1000.0,0
8dec9301c0b3,1,44700.0,0
8e8e5339a1be,1,1025.0,3
0a5715dfce79,0,14150.0,1
da00edaed119,0,2950.0,2
9ace9d7b7df9,1,1475.0,0
8c853239c14a,0,47525.0,1
b0a34f90e1fc,1,25900.0,0
74424a6a0933,0,5500.0,3
2efeb766fb28,1,3100.0,3
95de261d268d,0,1050.0,3
a6f719a460f4,0,12550.0,0
8b6ce4828d9f,1,900.0,0
2b86f246c71c,1,14150.0,3
1b4151ad98c8,1,9100.0,0
3c56bd566b62,0,13500.0,0
a2d9d75bc90c,0,4175.0,0
267a82e6e84d,0,8550.0,3
d1ccf7c84df3,0,4900.0,2
80e9482464e4,1,6475.0,3
6d170f40b3dd,0,6500.0,3
d57cafb7cc18,1,7775.0,3
eae1b9ddecf8,1,13750.0,0
10519eb1bca5,1,2375.0,0
2bc8cbc0cd8e,1,1225.0,1
6600148b32c8,0,800.0,3
6ef1b436e1c8,1,4100.0,2
f274cd847bca,1,5200.0,0
3e63b58c3203,1,425.0,3
cd84266fcdaa,0,25250.0,3
88ec1089e2c6,0,10275.0,1
1805fbdbe33c,0,1000.0,0
fdb36bee574b,1,100.0,2
45d00013d130,1,13650.0,3
591b801ccb1b,1,1700.0,2
5e5b0b2b74c1,0,6700.0,0
866fc422d43b,0,3750.0,3
f9111de060e9,1,2000.0,2
f1379e88966a,1,8775.0,3
27098dddeb1e,0,2750.0,0
33057488f667,1,800.0,0
52190cff8dd5,1,3775.0,3
ada4ac688620,0,7000.0,0
e4c976c5ea38,0,1275.0,2
09df95a0604e,1,3100.0,2
9061ded65001,1,3975.0,3
1053b0a9824e,1,31925.0,1
239903d6ebbd,0,7575.0,1
47af94050c09,1,100.0,0
2025fb4b1d50,0,3600.0,2
f29bd96752bb,0,8450.0,0
99af76680c1b,0,3350.0,1
0d5380528530,0,11900.0,1
b8cfee83cf24,1,2850.0,3
a08779cee51d,0,3000.0,3
e6166b1166cc,1,1350.0,1
422dc45438da,0,1875.0,2
b5746bbdebf0,1,2550.0,0
e39856704fdc,1,18150.0,3
2f0ddcaeca10,1,1400.0,3
6018b7c907d8,0,12175.0,3
91632782f2e1,0,28800.0,1
33bc6dcee9d3,0,7750.0,0
db418eb36c68,0,1300.0,2
919bfe092a70,1,2000.0,2
00a2f844b049,0,1800.0,1
0e6d86748036,0,2250.0,2
84fd0de8d2de,1,900.0,2
dbcc8cdad465,0,8575.0,2
3479403c2e0c,0,1750.0,0
bb3c74d3fcd3,0,6675.0,2
e9161a9b6063,0,1700.0,2
068c392d2863,1,1050.0,2
8fe4d4783e91,0,2250.0,0
cb93e5d5a4ab,0,50.0,2
b801a7467db0,1,9900.0,2
d786a0275d53,1,700.0,2
be5d07745838,0,12450.0,2
482d919f5ed9,0,425.0,2
1d6ccecfcf2a,1,900.0,0
540f1cab8c82,1,5275.0,3
4a0c5e581a91,1,100.0,2
8e77186d3ef6,1,550.0,1
025dcbe3437a,0,3950.0,3
80187d91c20b,0,13000.0,3
e932444478ad,1,33300.0,3
a4ab24cb6fd0,0,4050.0,0
ead38027c0f8,0,550.0,2
11bfa87aa794,0,6525.0,0
eaa1093c7740,1,3800.0,2
1d93d3966e3f,1,12150.0,0
635802d2e244,1,7350.0,0
6388d60367c3,0,16750.0,0
61709528d3a2,0,25550.0,1
4d313d416125,1,20975.0,0
9a3396e797dd,1,1350.0,3
2d6de7817658,1,12075.0,3
6faa839aeac6,0,2675.0,3
4f883ad54f0a,0,4175.0,1
637f03a690a9,0,1000.0,0
037a1daa6f38,1,9000.0,1
2573c736b39e,1,8425.0,2
c836b2eccfd8,1,13025.0,0
8e5ee6dec875,1,5150.0,3
821252e4e472,1,3775.0,0
a4bdb77ba7fb,1,5250.0,3
6414013f4cfc,0,9050.0,3
ba2651a604c5,0,11375.0,1
f77bbb442345,1,400.0,1
08d7f509761f,0,16425.0,3
f8d403be8352,1,800.0,0
41003619c8f2,1,21925.0,0
6a7ba33c96bb,1,19775.0,1
6ffe665264b2,0,1400.0,1
31802a8c2b11,1,1250.0,2
548a84a1fdad,0,12900.0,1
aa1f43e99136,1,1900.0,1
23e6c8cc5e79,1,5750.0,0
e9408cd95273,1,1200.0,0
ff07ea24d46d,1,4550.0,3
cce802477f81,1,2100.0,2
a9c1d4b4e273,1,7525.0,3
0d64a8fe6e56,1,5800.0,0
0f4933e9a009,1,850.0,2
a43a31599ae2,1,29600.0,1
2f2dded47950,0,3525.0,2
d4de3a6b6848,0,2550.0,1
ceaeabffb6b1,0,12475.0,1
c5ad2ae7a90f,0,20575.0,2
fb5e84803e85,1,2700.0,2
0fd96ddf3ac3,1,2575.0,1
0fa630a21dff,1,2125.0,0
5e1f3df5e44e,1,12450.0,3
9ca31d1dc28f,0,15150.0,3
8a694eab2d90,1,3200.0,3
b044a565ccfb,1,250.0,1
e532aa20b6f4,1,3500.0,2
35b64f7ddd49,1,200.0,0
7ed9d2ba7a22,0,6650.0,2
1f3ba9f0e51b,0,25650.0,3
8f964b693154,0,1275.0,2
8154784d2817,1,300.0,1
f35f02463ffa,0,20225.0,2
23d0ef9b4df6,0,1925.0,3
d7a13deff62e,1,12625.0,0
203460aaff34,0,1325.0,3
dd83e424b307,0,1225.0,0
4768e58375db,1,44850.0,3
76d66ddd746b,1,700.0,1
efb3c14036d9,0,16500.0,3
4790e976e9e2,1,8100.0,3
3546f7893e23,0,1975.0,2
af778214bb15,0,100.0,1
1a570d22ec4a,1,13975.0,2
10a2997f2803,0,18050.0,3
02b720eaa4f7,1,2125.0,1
d0d495add259,1,600.0,1
1cd27649e19d,1,12025.0,3
399a2c79b64c,1,5875.0,1
96c7b2ad03a8,0,2400.0,1
18bb5c45e9a8,0,9600.0,0
629f68692604,0,7925.0,3
136d2a724efe,1,6225.0,1
d23b18ae2da1,1,37675.0,0
a2400db9af9c,0,6750.0,2
b8e2f517c894,1,4300.0,0
9ef3e6265600,0,7000.0,1
6d29d2839bf4,0,10350.0,3
590737a09a7d,1,2725.0,3
5916b03d7043,0,8300.0,3
c9ad021f0dcb,0,1550.0,0
46c16ec2a097,0,26075.0,3
16316e72b687,0,1300.0,1
de0580212830,0,1100.0,2
417c3d7ec940,0,1500.0,0
4d6b94f38a43,1,2125.0,1
18851b93a644,0,1950.0,1
ac29602dc39f,0,16550.0,0
3691d869d5ec,0,1600.0,3
3efe202faf22,0,7100.0,0
edcfe61a4d7d,0,6400.0,0
433da0a23486,0,2600.0,2
9198e75bd4de,0,6075.0,2
dcbd8918a7ce,1,12025.0,1
88fccf6d51ee,0,6700.0,0
2176383052bc,0,2075.0,3
944caf622aa8,0,1800.0,3
fce6edcdb64c,1,5200.0,1
d6cc7b1120b4,1,950.0,2
9ed02014ea36,1,16450.0,3
a6f1a31bf1ea,1,3350.0,2
70ea8f7e54e2,1,3525.0,2
2cbcb4d1d60c,0,325.0,0
4657570a2847,0,10550.0,3
9411e4d89c01,1,7675.0,2
c1a4e452e8c1,0,4325.0,2
a35d67507d20,1,3100.0,0
07c56fa9fe4b,1,5850.0,0
ea2491c99a0e,0,2600.0,0
e1154ea021a7,1,6500.0,1
242748fe310e,0,1200.0,1
1a6fc2617e1c,0,10325.0,1
781bac43625d,0,5575.0,3
f10c90a2e999,1,2675.0,2
85d9e0fc4418,1,1350.0,2
a83f1d3b49ef,1,4800.0,0
fd2dee67e4bd,1,1375.0,0
dd092035c5af,0,2100.0,0
090993289134,1,1600.0,0
f2b1ecb42041,0,4550.0,3
be1873f147cf,1,5875.0,3
2c92995c6cf1,0,2025.0,2
16b515065d8e,1,26525.0,3
83eb820ebf26,1,6250.0,2
440aa0226c42,0,27425.0,0
da330f206cd6,1,1125.0,2
2b146659f6f0,1,5125.0,2
8dfc4aecdc48,0,8350.0,0
1d379ecbacf4,1,15800.0,0
a748b13fb128,0,1925.0,3
793c46ed3151,0,1250.0,1
b6d3e88ba93b,0,5775.0,0
39aed223d2fe,1,10450.0,1
ca172b037e87,1,8025.0,3
dc832da6c48a,0,37675.0,1
81cf24635df7,0,6600.0,1
102412610308,1,3000.0,2
087a007dc17f,0,19425.0,2
1a759a0634b3,0,3925.0,1
620168b73638,1,1200.0,3
830811951ffe,1,200.0,2
2fe35e0b9f12,1,10600.0,2
b9aa6d0261fe,1,1650.0,0
50e764ef5cc8,0,7975.0,0
a38e4078a71e,0,50.0,1
5395de359bde,1,300.0,2
38823b821b15,0,2100.0,1
ce85b08aa71a,0,1575.0,0
7f202faba3ad,1,2425.0,2
198fdc351cf0,1,350.0,0
88bbe43d5ea0,0,16250.0,1
3a0c42837c5f,1,13875.0,0
7638019c1fc7,1,8550.0,1
5691a62b6ffc,0,1000.0,1
52974873959b,1,10975.0,3
8f89f52c50ac,0,10200.0,3
3b6a18f9a94f,0,400.0,2
e940ba52f185,1,4600.0,1
2578c50d4b02,1,8375.0,2
0ed0c65fdc1c,0,22425.0,0
abd807e6660f,0,350.0,2
1306876f4965,0,3650.0,2
fbc7f461e25c,0,38300.0,2
6bc5a8c0555e,0,1950.0,1
17accba38f91,1,2000.0,2
61b764fa0fba,1,5800.0,3
bb11fe099119,0,3625.0,2
f0ce29b744e2,0,7800.0,2
2807677fb709,1,3250.0,0
801c87e8a960,0,13850.0,1
47307c1095eb,1,525.0,3
76cb61f3f264,1,3125.0,1
918355fb8e22,1,2625.0,1
9f249b14f88b,0,14375.0,1
00639abeb67a,1,1750.0,1
466e8323867a,1,1700.0,3
ff4a5261e1e1,0,5300.0,3
ea28aaeb4021,0,1275.0,0
318b99037933,0,1250.0,1
a01eed7b07ac,0,1425.0,1
8e550f8433f2,0,3500.0,2
8f812eefd345,0,100.0,1
b386202666b1,1,1500.0,1
f6930c2d1f7d,0,4900.0,3
06005f6b325d,0,4675.0,1
15cd66ba7072,0,8550.0,1
5644eea95e70,1,8925.0,0
aba414cf090f,0,0.0,1
b50bb7affb05,1,3300.0,3
9beb8f37aacc,1,4250.0,0
888b70d96008,0,22000.0,0
e13f77799d4d,1,20075.0,3
eeeaae397ac8,1,12700.0,2
d1b7d0b92e59,1,25825.0,1
60635ac1f739,0,9250.0,0
389019ea8346,1,9300.0,2
871bfde2185f,0,8100.0,0
ed7c3df4b6ac,0,16825.0,2
ae3b66673e3d,0,3575.0,2
31749d33b032,1,11450.0,1
e30bea487903,1,12375.0,1
21d0b1b2fdae,0,3350.0,3
57c81bd88949,0,1350.0,2
62c5efc74b53,1,4700.0,1
e76f61e7df90,1,15575.0,3
d058bdd90883,0,12050.0,0
12c7bd15b015,0,2900.0,1
2d8d5b493a1d,0,1200.0,1
15edcd8b157c,1,16550.0,0
43150fe3f8a0,0,900.0,1
d48cc45f7b70,1,1300.0,1
c6eb2b0244c0,1,1750.0,2
cd5a7d9a344c,0,65125.0,1
f1a5538f4e4c,1,3375.0,1
66153f2421e6,1,1575.0,3
86e65b518a2b,1,900.0,0
e247c900dc10,0,16325.0,1
7f8ef0634e60,0,10425.0,1
122269f80da5,1,14350.0,0
861e14b23cf4,0,14300.0,1
c34a440670de,0,7725.0,1
66d31ac4d3d2,1,3500.0,3
052325f020c7,1,10975.0,1
9613a6871e65,1,30250.0,3
71f7ac17252a,1,7850.0,2
672404fea4fd,0,1900.0,3
a1d39e38d995,0,2650.0,0
ba1d5144d51f,1,2550.0,0
ea1ea324d45f,0,8800.0,2
d5674749578d,0,10300.0,3
e6a0faf538fb,0,675.0,1
a9a9cd0c6fd4,0,8850.0,1
c4c956297f4e,1,20025.0,1
baf3495c9442,1,8400.0,2
1631f412bcb9,1,1150.0,2
77834977029f,0,28100.0,2
87979312f27b,1,100.0,2
b7fb3495492d,0,9400.0,3
03c832184366,1,10100.0,3
6e35900dacf1,1,3000.0,0
f40705bd4113,1,8725.0,0
3c62c6ebaba2,1,8150.0,2
27743d9b3630,0,2450.0,2
5b6a0d492ec8,1,1525.0,1
103ed9a4114d,0,1900.0,0
c704bb9dd5a4,1,1300.0,0
14d3d506aee4,1,1350.0,0
484dc077268c,1,5800.0,1
ba85575c47b5,1,20900.0,1
3b965ef97109,0,13625.0,0
b9c78ac91a01,1,1400.0,0
c6007ba7de30,0,4350.0,1
999d5da763ad,0,2200.0,3
353b03071be3,1,4125.0,2
3a6859581732,1,350.0,3
30633acc5bc4,0,14925.0,0
c067e92bfc3a,0,5100.0,1
7d21e4e2ed45,0,3700.0,2
cbb241773c0c,0,1300.0,1
689e0bf0f065,0,5875.0,2
3ce5e5bf1cdc,1,1100.0,3
52625bd98007,1,14650.0,2
836eec2eab67,0,1000.0,1
f6397d25d527,0,6125.0,3
da1f21e7f2d3,1,28075.0,0
ba9a8804d6bd,1,1500.0,2
9e5e8ebe2520,0,6975.0,3
2fe71a8999f1,0,2000.0,3
8fed0965e017,0,3375.0,0
0a82d862be27,1,4900.0,3
d51f7b09a9c9,0,1600.0,1
bf0d6392e1c6,1,3650.0,3
b875ef6c3e6e,1,1550.0,1
f82d033fb001,1,3025.0,1
5cf537b8af53,1,300.0,1
159d5f2d8415,0,600.0,1
cbba39201167,1,4200.0,2
d65044bc1f5a,1,6100.0,2
4211a393b675,1,17950.0,2
1af2496528f1,0,7000.0,0
f66fe7cfb2a0,1,25325.0,1
0f266bb904fc,0,2650.0,1
bc75d50b7e7f,1,6850.0,0
b167bd3e1e32,1,7625.0,0
87acc0d3b8dc,0,16850.0,1
3bf948727fb1,0,11700.0,0
c7607b5dd07b,1,3150.0,1
1c9b60c0866b,1,2950.0,0
e0e7c2745081,0,3500.0,3
feff16876e68,0,3275.0,3
7f7b4aa65a86,1,10625.0,0
a4ddfa71ded3,0,12400.0,0
e61fcc48183f,1,11925.0,3
c1b877de6287,1,6200.0,2
9f9c1fc78a16,0,25550.0,1
47b7d255b691,0,1400.0,2
0fb1a44f9399,1,4200.0,2
35dfefc1d65a,0,4300.0,0
8e3d5c6fd0e7,0,1800.0,0
6349988aca03,0,2400.0,3
266432a65711,0,625.0,0
91632f8fd9b7,1,6075.0,1
9ca14bb626d4,1,7500.0,3
2bd86f6a31fd,1,2125.0,2
2a8a653cef4e,0,33000.0,2
04f3924fffbd,1,2550.0,1
81be417a17a1,0,15200.0,0
61f1e833db6f,1,10475.0,3
a984ab401bb5,0,12550.0,3
b696e80f68da,1,6925.0,1
f6b67d341237,0,3525.0,1
6d6214213e46,1,5100.0,1
764ae269bc11,0,1575.0,2
d60872bb5b7e,1,4450.0,3
05d377141567,1,22075.0,0
6601c5139393,0,3125.0,3
2f8e3e95b295,0,6425.0,1
5421e155edae,1,1500.0,0
fc602cc6b23f,0,37000.0,2
b2da5f341b74,0,750.0,2
583a5b61f61e,1,2100.0,3
bab415fb763c,0,10625.0,0
c9f0a9248655,1,13350.0,2
37df764e2967,1,1300.0,1
bf516f6baaa1,0,23100.0,3
c3437615315e,1,7700.0,1
4bd7bc5cac1b,0,10275.0,2
2d86f48408dd,1,12050.0,0
3338161e37fd,0,12275.0,0
aa1a59f11bab,1,3900.0,3
1b57105ab22e,0,350.0,3
c3791ac5d2a3,0,7750.0,0
09860066d229,0,5900.0,3
89e96152278d,0,14875.0,1
a0980a5ed192,1,8875.0,0
9b45c968f3ad,1,4950.0,1
53f44874aa9c,0,23400.0,1
2248be5725aa,1,5425.0,1
706ad58d33fa,0,6400.0,3
ae5f33be3e9b,0,2525.0,3
a7775fe3b963,0,2625.0,1
d1bf4332cb3a,1,2475.0,2
ba474022046b,1,1000.0,3
38c56f9e828a,0,1600.0,0
ec8ada760955,1,2200.0,3
32e817b04427,0,6750.0,0
7101f912ad0c,1,4875.0,0
19a9a7b06001,1,7150.0,1
ebcbac22c5f8,1,7600.0,2
1ece3d159733,0,2425.0,1
efb83a2d028a,1,1800.0,3
49635592e6aa,1,7275.0,3
988abbd75aeb,1,750.0,1
53d9a7646283,1,7800.0,3
56176555d19b,0,1400.0,0
cde70154762f,0,2550.0,2
2581d07ef460,0,1875.0,2
ababcb2f2a94,1,2400.0,2
3f7c59b8ab7b,1,22200.0,0
5d76eb9ea55b,1,3250.0,1
8d3a3f43fdd3,1,1300.0,2
05ea7b3617a5,0,18625.0,2
e80c3c02e009,1,3250.0,0
aafcdc6e2323,1,11475.0,2
41bd78920903,1,1850.0,0
139d8a94b9a6,0,250.0,1
abf021b3c196,0,875.0,1
91f5dbfa1dd6,1,34675.0,1
256ffd8061f9,1,2650.0,2
0afc1b2e1e5b,0,3775.0,3
98be1c7a8317,0,28850.0,2
c45be40ec77c,0,775.0,1
c237312daa18,1,6775.0,2
a2dbd5df2dbc,1,950.0,2
24d05880cb45,0,2675.0,3
a6bf0de07ca0,1,6375.0,1
151ee492761c,1,9175.0,0
1c32156fcdd8,0,6425.0,0
d5db25dfc023,1,2075.0,2
2f574130b338,1,20525.0,1
a6b0a3141f3b,1,39425.0,0
9dd29b5c667f,0,32075.0,0
2c30092ae5e0,1,5500.0,1
c0286bcd1aba,0,22150.0,3
8c03da449d1c,1,5100.0,2
4161c214f252,0,200.0,1
319cdd857c94,0,1700.0,2
bdc1d7d89f58,0,3025.0,0
06c5083175f0,0,5050.0,0
0e2f4b163bf4,1,11650.0,2
36612e6e9909,1,900.0,2
2d963f47434d,1,2850.0,0
2b5b6452e5f8,1,1850.0,1
a58cfaf6e61d,1,2950.0,0
231a583b0463,0,14200.0,2
74fdb37ea476,1,6550.0,1
9d45dd897da3,1,13500.0,1
2fb90533fb0e,1,33675.0,2
00bf12e70cce,1,1100.0,0
1d7a43a12c4c,1,12550.0,2
85ea19a3cc29,0,3375.0,0
803e12568420,0,16600.0,0
7b39756db846,1,8050.0,2
f7d37ba1428c,1,350.0,1
5567d77b710c,0,15975.0,1
f2865e47971c,0,950.0,3
a240c8394a29,0,14450.0,1
ad3f75738e1a,1,35925.0,0
d9a964396982,0,2600.0,0
9822b6734d40,0,12000.0,0
9b0334bfcc09,1,4900.0,0
b0629943c1e8,0,1450.0,0
95deeb31a8eb,0,100.0,0
cae968c7483e,1,3050.0,1
8b0f165a9c63,1,1150.0,1
6da70f9902f8,0,16900.0,3
b104aeacebc2,1,5650.0,3
98daa039ffb6,0,6750.0,1
a80b3dfb124e,1,21375.0,2
b7679a281abe,0,7125.0,0
0c0722ba34c2,0,40450.0,0
4d2a44bbb27e,1,4100.0,3
ce01403bc44f,1,10200.0,0
758c253915f3,0,28700.0,3
ff09ebc98022,1,7325.0,3
a07f2402c1b7,0,3000.0,0
0e399ef21e9a,1,5600.0,2
f7095c31d704,0,2800.0,1
ed3e8c04e168,0,1100.0,0
f9d9cf1ad341,1,2825.0,3
8e3b051c1117,0,13375.0,2
78c6eadab10d,1,425.0,3
a807ab5d4ee4,1,1300.0,2
e02702735313,0,2450.0,1
09eead88d19c,1,1350.0,1
d2d32e117a3b,0,1950.0,1
bbaceeed4880,0,5000.0,2
b7eaa54fd890,0,2850.0,2
9f807e417d03,0,6950.0,2
f655e2dd983e,1,11475.0,3
c2c76b79207f,0,8800.0,0
d7a0c0918618,1,4200.0,3
c93c72df4665,0,3975.0,3
25ae8c92fb31,0,14450.0,1
3cdf3a90d424,0,7200.0,2
b057bd778999,1,1050.0,0
3dfb73d75b2b,0,23700.0,2
11c96f988961,0,7250.0,1
de2b30b7e874,0,1125.0,3
3dadbc355486,1,6125.0,1
70b23b6b9646,0,2050.0,0
154d0dada34c,1,3350.0,2
daba5f65d708,0,425.0,0
77ca0dbb7528,1,7225.0,1
d09ebe271f08,1,14575.0,3
54edd89cc64c,1,7600.0,3
92c56b21172e,1,900.0,0
dff2e9aa4f9e,0,5225.0,0
ece0694c89cc,0,5050.0,2
c30cca67ea7f,0,6500.0,0
b95589135c99,1,4900.0,0
d1ef543f38bb,0,100.0,1
9c78835b5011,1,9575.0,2
8e3f85ac6d9b,1,17525.0,3
599a9e375b3e,1,8050.0,2
9ce0a3e1e2d3,0,24475.0,1
c73b4682834f,0,950.0,2
b07524637865,0,9150.0,0
7317632bffb5,0,500.0,2
0415acd0b80b,0,2350.0,0
53616e213967,0,3325.0,1
fa3a24074c33,0,2050.0,0
cec65e631008,0,3425.0,2
34df255bcbe3,0,23650.0,1
974fa4b8b98a,1,1300.0,3
b46658a28f3c,0,3625.0,0
c29fd6380a14,1,6600.0,1
b53fedb181b1,0,4050.0,3
e003a2a2c304,0,50.0,2
12b7e18b3f13,1,9525.0,0
44293c24ed77,1,4150.0,1
53a8680be8f9,1,6975.0,0
6d030cc1a4c5,0,2300.0,0
e9e21a97ed40,1,2000.0,0
f87a310d9519,0,1700.0,0
b1c300a8845f,0,9275.0,0
cf1429e53460,1,2675.0,3
12dd57648db4,0,13800.0,2
dcba6b5c30e2,0,2750.0,0
d0c977073c93,0,6600.0,3
00df6eed32ec,1,725.0,2
53ab4a82fcf3,0,650.0,0
6f715fcf7103,0,63450.0,0
1dd5f5e295a6,1,12075.0,2
b83dffe705af,1,4875.0,1
e2c0d30471a6,1,13400.0,3
8d9655773f45,1,23025.0,0
9b30b0d78846,1,8075.0,1
12c6202c3e0a,0,850.0,0
e4c11cefa8d3,0,2525.0,1
bc319f3aaf1b,1,2475.0,1
1776071d8c10,1,3100.0,1
ced367deb02f,1,2700.0,1
af1980c92147,0,3150.0,3
4d120cfd1317,1,12050.0,1
1ff93d26c2c1,1,4550.0,1
9f16f84abc25,1,40675.0,1
ef517875b2d2,1,5100.0,0
f6e3e178bba9,1,400.0,3
aa18cb12a5c1,1,3200.0,3
4cdb49f966ba,0,500.0,3
f805e0edab2d,0,2375.0,3
74008c0c85c0,1,3075.0,2
13b9cbe2167b,0,4000.0,3
32cefa1deba9,1,7850.0,0
45e40e8ec3d4,0,2250.0,3
1371a1b30994,1,5900.0,2
07cf779e7232,1,8775.0,3
8a138390b9b1,1,3400.0,3
3db143c12798,0,10050.0,0
96ad0e33745c,0,10775.0,3
5ae9d3a3dcb9,0,1700.0,3
ffe2d8fa3ab9,1,1525.0,0
2e901f0d3dc8,1,8725.0,2
ac5e5a60152a,0,100.0,0
6c6c12cc0fcd,0,1850.0,0
bb23123d2169,1,450.0,3
d1aa7fc6aac5,0,2500.0,3
2a87d6f9fd18,0,0.0,3
79a7d9f19ff6,1,1400.0,3
063e5bc58b90,1,2000.0,3
12d038d22b65,0,5475.0,3
146d025cfc7c,1,13600.0,1
10dc03bb19d4,1,1350.0,2
9b1b2b43184e,0,350.0,2
10cc873d28be,0,9500.0,3
28f6ecf19d2f,1,5350.0,2
65fade8ee8e1,1,40450.0,3
10e9aa8ebcfb,1,1600.0,2
5a983bc51d61,0,2200.0,0
571d41011a52,0,19100.0,0
4b761fe8758b,1,1925.0,1
96b63b349a4e,1,3750.0,1
4cf2a39cff1f,0,21125.0,1
38c34b0ed776,0,1500.0,3
ef31ba0a9456,0,2200.0,0
2217d8a74024,0,8450.0,1
7f28281fa884,0,1850.0,3
d028211ce6f7,1,2675.0,1
d6a38e3cc91d,0,1700.0,2
e050eac91e17,1,4825.0,0
d25ee3c26fc0,0,3425.0,1
440304ffeee9,0,1700.0,0
2582b44741eb,1,5550.0,3
00a713224651,1,7050.0,1
1fdca553c13a,1,2250.0,2
218d83043903,1,11875.0,2
aa8e29ec60d6,0,3425.0,3
889d1ea11f4b,0,7600.0,2
26b022ea1474,0,1800.0,3
2b27d13c8b9c,1,13100.0,2
3daa9f95b967,1,6150.0,2
a9d1f4bcac50,0,1000.0,1
677a7e6cf205,0,2750.0,3
1587604845a4,1,3875.0,0
8e6d59502198,1,3000.0,2
bf854ea6effd,0,2975.0,1
534d5a43e3c7,1,1100.0,0
01c04b8a3d07,1,1100.0,1
75b9f3de91c9,0,11125.0,3
41fc0fd3f61b,0,6700.0,1
228af3c08e59,1,2850.0,2
c8c65e7170ea,0,550.0,0
98e0a20c1c76,0,400.0,2
40ff2a461487,1,2325.0,2
dda1b2ba320c,1,100.0,3
86a6da05a263,0,800.0,3
a0b9e0bc35c2,0,575.0,2
a86d8bf461c9,0,16750.0,2
209a4a6bdfbd,0,5450.0,3
667df87b9026,1,4825.0,1
d2f40852620a,1,1975.0,2
e8bf0fb9c4bc,1,7300.0,0
d0747eb6e5c3,1,11050.0,0
f9c70d121f4a,0,150.0,0
551cac0fa2e6,1,15950.0,3
524ba64ae0cb,1,6075.0,2
551cdd5199b2,1,2775.0,2
ca140a94bfd7,1,1300.0,1
d800ea0902ad,1,27375.0,3
0904bb3be127,0,4325.0,1
6e1dce185008,0,1500.0,3
e5ffe2152be2,1,7250.0,3
9b6f534e43e8,1,17700.0,3
015144d1543e,0,2950.0,0
e883c1999270,0,19350.0,1
ec57f7ad1969,0,550.0,1
f713b914cadf,1,12175.0,1
06f4458c07b0,0,4725.0,3
872a4f5ce6e4,0,3000.0,0
d2f56c3f361f,0,35425.0,3
cf745c3b6cf9,1,2250.0,0
b0b5e9c42e83,1,1600.0,1
5c59a93ceb54,1,16925.0,0
3591465b5e9c,1,3800.0,1
c4b250242911,1,11075.0,0
c4d65b0e099c,0,40600.0,1
9e02a8fc0189,0,1425.0,1
38605282aa11,0,20350.0,0
d5403641cda3,1,1300.0,0
559279b2a650,1,6100.0,0
1d40a06b0b69,0,7200.0,2
de6e6e159940,1,5000.0,3
d9fbafb7d6f9,0,5700.0,3
9110a8a4337a,0,7800.0,1
2b908613badc,1,8325.0,3
59ebed4631b7,1,13950.0,1
fca1a35c085d,1,38050.0,2
6cdf8163bdcb,0,1425.0,0
385c2fce15f4,1,1600.0,1
20a7a6c535bf,0,1000.0,3
2858b800fdcf,0,225.0,1
5396556b514a,1,825.0,1
45f5f02a74bd,1,5400.0,0
91adbcd185ed,0,4200.0,3
4fb60ad0774e,1,3300.0,3
b1daf4682f1d,1,28525.0,1
3bf887857685,1,1650.0,1
692cd2c9d903,0,2250.0,0
37a40302e332,1,10500.0,1
0b2289eb9d15,0,8075.0,2
39492ad704e2,0,1250.0,0
e34fd71b151c,1,150.0,0
b45c9705d267,1,4950.0,1
08186d377a90,0,1050.0,0
07e83d2d61ce,0,21150.0,1
4844c10ab08b,1,4475.0,3
53b496319c49,0,2800.0,2
73abe0de2e25,0,1875.0,3
9c0bebcff375,0,1900.0,1
d651619255ae,1,575.0,1
17e9ec4d89ef,0,3700.0,0
da693a4c6f86,1,23100.0,1
dcf89bc7f598,0,17675.0,0
f1dc319914ff,1,2950.0,3
6a75a32ada79,0,9300.0,0
dac97fd4b014,0,8875.0,1
a2cfc1c07cd2,0,2400.0,1
98eca81feeea,0,1200.0,0
805b1a703407,1,4200.0,0
7471b45ca4b5,0,11050.0,2
c29e1ffbe50b,0,12250.0,2
7ff7fb9d51b5,1,19625.0,3
6176163ee680,0,11025.0,0
cc776cdc9acb,0,17250.0,0
0464279823ad,0,2950.0,2
423f08669301,1,10550.0,1
a86331bdd0a5,1,350.0,3
80aad32d3275,1,3275.0,1
829a6ffca64c,0,22350.0,0
7105f890efcf,0,2500.0,1
0718f8b3d341,0,7150.0,0
a264e79a1e80,0,4625.0,2
650114616365,0,10075.0,3
0085abcff0dc,0,1875.0,2
954546cb82da,0,4475.0,2
4d0183ef1286,1,1700.0,0
a7160a74f4d0,0,19900.0,3
4cb78d2db8a3,0,12925.0,0
ea49642e37da,1,3975.0,3
06e777152921,0,1875.0,1
9df208d33927,0,11200.0,2
9981575f0cf9,0,11375.0,0
3d71f0d3341d,0,4450.0,0
1988800a4add,1,500.0,0
b28afa9d5496,0,1000.0,2
32e4b2e25197,0,100.0,1
a7d1578c6bd6,1,2325.0,0
be2133e6e65d,1,8550.0,3
d4b85b69c70e,1,3125.0,2
089607af665d,0,17075.0,3
fa207d7767bb,1,425.0,1
86846df51a7a,1,2650.0,2
abdabf769bce,0,9925.0,2
d80a58fcaa45,1,1700.0,1
d89a51138fef,1,10250.0,3
70ba8510f81f,1,1800.0,0
6a89a1c134c3,1,3100.0,3
f05bd94dec79,1,1175.0,1
eb5e1e60fb75,1,42800.0,0
7042f0128bd4,0,1125.0,0
17c27693d2fb,1,9225.0,1
3f9e8eaa71e9,0,1150.0,0
5cd3af6141d4,1,12275.0,0
c9b85233b4ae,1,1300.0,0
990fa945f161,1,2600.0,0
6fc262b00bf6,0,1000.0,1
3ca733df6899,0,6725.0,1
b022459666ea,1,7475.0,2
cf6877e5127a,0,6275.0,2
c5d22fa181de,0,14100.0,1
b0cb9f394294,0,11150.0,0
a1938c131c8f,0,16925.0,0
46e7b564ef98,1,12800.0,1
657f67919c3f,0,3100.0,0
5af28e0c199d,0,9300.0,0
9ff609fdd8af,0,12775.0,2
8d5d07dfeadf,0,11900.0,2
e52893e51e16,0,7900.0,2
4563753a035b,0,1500.0,1
bb8d84208f6d,0,12450.0,2
431ac595a086,0,3200.0,3
d41db0b97e68,0,5500.0,2
4a0dfd7ba749,1,2525.0,2
41cc95f1fef7,1,14475.0,1
3d7581277086,1,1625.0,3
476204010a39,0,850.0,0
0a4489d56c7a,0,4450.0,1
3defd395604d,1,200.0,2
f563ac0bc1bd,1,6950.0,3
b6ef7891109e,0,10750.0,0
8cbc219f81f2,1,2500.0,2
912fbe275415,0,1700.0,1
d8588746fd4f,0,40650.0,0
617d22e74f79,1,22075.0,2
358da97167dd,0,10450.0,0
b85e9bac2980,0,14800.0,2
06b0974379ec,0,100.0,1
810c0b449194,1,1775.0,3
7cfc039dbd50,0,5600.0,2
0c68f9e5aeb8,1,9650.0,0
cf908d0519af,1,100.0,1
4ab3dcbe3c8b,0,1175.0,2
d54fd06fe5cc,1,1600.0,1
01e92eae0fa4,0,2650.0,2
9541bda918fb,0,30625.0,2
4f6ff7f855c4,0,2450.0,2
2ba8c632910a,0,2600.0,3
e15a23127043,0,28950.0,0
e33a7cbaadc2,0,18075.0,0
8f63d27bd4d1,1,6600.0,2
9dacbfc78046,1,2500.0,2
20cf9b2eff7e,0,16425.0,0
f74007b3fa1e,0,2325.0,0
5f9296cd69d3,0,3300.0,2
f7c4039836fd,0,2800.0,2
f7849e6bdc83,0,30750.0,2
23812ed0afb2,1,1775.0,0
84e53273ca95,1,3450.0,2
4cfe0a351ca0,0,2125.0,3
fbea909a62b8,0,150.0,0
10321a7aab7d,0,29075.0,1
2f6d2801ecb0,0,900.0,0
7c938e678429,0,1000.0,0
a495125271ba,0,18975.0,3
5722b12ddbdd,1,475.0,3
a0e882b56d4c,1,2050.0,0
20f5c9dc6a56,1,2975.0,3
c15a0276eec1,1,9625.0,3
c5e99a9de3ed,0,19375.0,1
67c9817a7aa6,0,8750.0,3
7391666b11c8,0,22300.0,2
fb98d7e61126,1,800.0,2
2ed7c57f95ed,1,2000.0,0
e0e4482290fe,1,50425.0,1
7fd4f6e69348,1,7125.0,3
63a7cf058b83,0,2600.0,1
af33b6e9b8dc,1,4750.0,2
a5c061e0137c,0,7475.0,0
1d15b0c72d8e,1,11950.0,2
933d87798e60,0,8500.0,2
4d2f4e66cbc2,1,1750.0,0
11d95f97ea66,1,350.0,1
d67a9e49486a,1,17525.0,0
b45dadb888bd,0,2525.0,2
8c2bfd622204,0,4575.0,1
9c1af1a28db8,0,23175.0,1
bc50619940e1,0,4250.0,1
7a45bf4a2b57,0,1950.0,3
939c03864c15,0,6350.0,3
040db3e7661c,1,4450.0,0
90316ecd77b0,0,26300.0,1
ab4d6ace77fb,1,1300.0,2
a3af3f12eb60,1,4875.0,0
c3c1b9030b89,1,300.0,0
66152944b4b6,1,15700.0,3
304942f12a83,0,3025.0,0
bc44effbdacb,1,1625.0,3
ec997d86d042,0,7900.0,3
9e670b8e1c64,1,200.0,0
37b99a820ef6,0,5050.0,0
ab9af7f9c531,0,3100.0,1
5e1412ade844,1,1700.0,0
66930f6d5f22,1,11900.0,0
5d4a88733a0c,0,1500.0,1
fa7105df86a2,0,5525.0,0
bb731c1dc71f,1,1625.0,0
d74baac5403f,1,23250.0,3
34bfc07efd2c,0,4750.0,0
f54dde082cd2,0,32875.0,3
9e4a5024d21c,0,1875.0,2
c9385492b5d9,0,6000.0,0
011a940d4c8f,0,7600.0,3
7f543488d53b,1,16075.0,0
45a826d5301f,1,6650.0,1
bed410a5365c,0,15400.0,1
3ae06cfece67,1,8400.0,2
5a21f89ba2ac,1,2100.0,2
810edd340280,1,150.0,2
0cd45280e848,1,1475.0,3
996b16a0a060,1,2350.0,2
465a47d86589,0,900.0,0
46ad02d97665,0,6675.0,1
78615fa1a627,1,3375.0,3
0b684ff5a812,1,14800.0,2
09e1288680d5,1,12325.0,1
1ac3423ac53e,1,300.0,2
3d3507d0b30b,0,0.0,1
dc58bda086cc,1,6575.0,2
24e73fe29835,0,2475.0,1
30608d306cf9,0,2625.0,3
0b4ff1347b2f,0,1625.0,0
aa0d83705e87,1,6075.0,1
82b75f01d7a7,0,44175.0,2
b74cc81d1c16,0,29775.0,1
560439f93c11,0,925.0,2
dcf1520adec6,0,15175.0,2
1dc684ccc50c,1,5425.0,1
7f8b4970f4d2,1,2525.0,0
7d436e12769b,1,5700.0,2
43f937d7b252,0,3175.0,3
8fec850b4383,0,3375.0,2
8c949c994f5d,1,21650.0,0
75dd4113748f,0,4325.0,0
ca282d078d7d,1,3300.0,0
48fdf4c5d03b,1,4350.0,3
9f2b025b7ffe,1,45975.0,1
eb82900c67b9,0,6000.0,2
801f9692899a,0,1650.0,2
40d4fcfa0d2e,0,15525.0,2
6d8bfe16917c,0,1600.0,3
e6073cb36b9d,0,0.0,0
69a2a77967e8,0,5225.0,1
71c495fd99ad,0,8500.0,3
e3c8572cc8be,1,7100.0,3
9af17804e25c,1,7075.0,1
c537c6cf1bfc,0,2025.0,0
916c2acb73ee,0,5325.0,3
fb044551dc1b,1,13400.0,2
8ae4c084087f,0,16500.0,2
29b121634056,0,22475.0,3
988b3acf70c8,1,5425.0,3
b095065bf0e5,1,5300.0,0
77f7955b9fa0,0,11525.0,1
2ba6e2c13bb5,0,36425.0,1
941e505c4731,1,4275.0,1
9f9db67c6b7d,1,15350.0,1
ee8ed08ff911,0,16925.0,3
1bc86afa926b,0,51375.0,0
ad7dce38f592,0,900.0,2
b93b2b5987db,1,18000.0,0
85ec3a0fac47,1,4550.0,3
7208ea15d42d,0,2500.0,2
f68c45213c7c,1,250.0,1
409cabd02399,1,3675.0,1
23eaa2183a5c,1,1300.0,1
82f8cde64b6d,0,50.0,1
5f60a68bf118,1,1600.0,1
49613386ba83,1,2000.0,0
9153fbf38702,1,3525.0,2
6ec1d7378d5d,1,13825.0,1
6d9da2f5b967,1,15875.0,2
93b879198a48,0,4675.0,1
026ca1e5f899,0,3300.0,1
bfcc957954ee,1,4625.0,3
f2f16d8e26ae,1,1450.0,3
cbeed767daf9,0,4200.0,0
bf976f767a51,0,15775.0,1
8ba74cd77930,1,500.0,3
b72265bb4089,0,6550.0,2
5970c87a1588,0,4450.0,2
fb33094fc994,0,22125.0,2
c53f1a7fa3d7,1,5725.0,1
af56b7dc0f96,0,9125.0,3
5b2982088069,1,2925.0,1
9093d21cd639,1,1600.0,1
55c2eabd09ab,0,3250.0,2
5371ae51e267,1,9425.0,0
f5f91e8721a6,0,1250.0,1
d3b03aafde6f,1,1750.0,2
b844f5ce14f1,0,2050.0,1
dca2c7a80ff1,0,10425.0,0
f2767dd8ca14,1,18725.0,2
d5e7587596cb,1,12025.0,2
dbf5c2e9010e,0,5700.0,0
ab3a56fc7a85,0,2025.0,2
47dee204e450,1,4550.0,3
c77c54e7809f,1,625.0,3
fb6f3c67a63e,0,275.0,3
0879657a4cdf,1,2075.0,1
b35e34454503,1,4200.0,0
974c33b3b2b4,1,8725.0,1
7ef2fce82c6d,0,26400.0,3
910fed0b8090,0,15700.0,2
ee02ca17f241,1,200.0,2
b23712b0eb6f,0,400.0,0
e6ef75d17daa,1,6600.0,2
4c155421f0b9,0,1900.0,1
4461b4319b64,1,1600.0,3
48df5bea9180,1,11850.0,0
f6bfd4dee138,0,2350.0,3
81087f58da63,1,10450.0,1
93b4b13df821,1,3000.0,0
3a3ba1b07734,0,600.0,1
1425dea616c2,1,1650.0,3
384c38cbac71,1,19100.0,0
e7ae10df043e,0,1200.0,3
4a5ea75c357b,1,2650.0,3
ec836652658d,1,33075.0,2
5a246c4d3a0b,0,11200.0,1
d1fb8c1dc60e,1,350.0,1
8899f67baa78,1,1700.0,2
5fc3df67aa92,1,40900.0,3
cc80c9922cf3,1,27650.0,1
fc4ec0da12c4,0,3225.0,3
8b1dd4de425d,0,150.0,2
1c36f9ad49e5,1,3025.0,1
661f4d92d27a,1,2075.0,3
d890143a7d95,1,4325.0,2
c60a269481d4,0,2950.0,1
f756362c7583,0,3775.0,1
9f2e28fc0143,0,22200.0,2
4d256e091b67,0,2800.0,0
59931109ea11,0,12475.0,3
925a18f5c35d,0,6300.0,2
efbafa450470,0,3250.0,3
b79485a39dae,0,4400.0,0
2701a6d12a17,1,10200.0,0
2a2134c2cba1,0,1350.0,1
523902dafa95,0,1700.0,0
6a7c16ec7fa6,0,13825.0,2
45e26b78d39e,0,26450.0,0
3ac96979278d,0,9425.0,3
0d955cdfcb29,1,3250.0,1
8b02f090c142,0,8825.0,0
7ebb238e38ea,1,39000.0,2
b8d59f16ee30,0,50.0,3
ebe1b2ff07d6,1,3600.0,3
5631597a8361,0,1750.0,1
d1303cb7e4ea,0,2850.0,0
8b67d4eb9a01,0,4625.0,3
eda7b0de76c8,1,2000.0,2
f98a29a5d6e1,0,5875.0,1
bc3ac96b4251,0,3925.0,3
bbc746bd6523,0,18425.0,3
45199de9d902,1,4100.0,3
db78495a1c71,1,4400.0,0
94fd8962d95f,1,300.0,0
607a2f72eb83,1,1775.0,3
2162633a2725,1,4075.0,1
bcc34ac251b1,1,7600.0,0
98122e3f96cf,1,13950.0,2
3a4d288b72a9,0,3625.0,3
f3554d26c6b2,1,22050.0,3
50ad76a76de7,1,5400.0,0
7e04302fa823,0,2700.0,0
ef47229f261d,0,31500.0,1
a680d1a44e28,1,11650.0,1
3f359dd5c2a3,1,3325.0,3
c1fdaa2f7835,0,1325.0,0
8bf83452e018,1,3800.0,3
2a4267bb346c,0,8300.0,2
4ea76fd0ad31,0,29200.0,1
bff191932665,0,20000.0,3
b08b9fb00069,0,14600.0,0
401de48dfaf9,0,5400.0,2
bf9c27fde67e,0,12925.0,3
458d4377fd2f,1,7025.0,3
4a04e40331af,1,17075.0,0
1f3929d15008,1,2775.0,3
f3e0c9692418,0,5650.0,1
d93e3bad456a,1,11750.0,0
b09e435cca55,0,4700.0,0
31b5d6c604e9,1,8650.0,2
43db4ac55a67,0,41900.0,3
61cb97daca18,0,11275.0,3
da43533bd383,0,5350.0,1
ff0915698771,1,7800.0,1
2d2228c88d93,1,25825.0,1
a3738d6eda6f,1,400.0,3
882797e27b58,1,2150.0,0
33a28e43e768,1,15725.0,1
89e9351e129b,0,3125.0,0
6abf6b97afcd,1,14575.0,3
234b2f37753c,1,400.0,2
64bfa8ba4671,0,8100.0,0
de7c39c40fe0,1,13375.0,1
a33d3aa82413,0,32650.0,2
21e169095081,1,850.0,2
e06549322ebf,1,6600.0,0
20cea176c317,1,2400.0,3
9322078e07c3,0,750.0,0
eea45a5ca75e,1,2550.0,0
d40fd3f9b012,0,14075.0,3
66f25ce734b9,0,18750.0,3
8f141c554edc,1,6050.0,2
563585c50b32,0,1900.0,2
34085f50c21e,0,3475.0,3
57f4d750d5e9,0,5050.0,0
7eccf4eec920,1,10375.0,1
97be22487d47,1,1300.0,3
4fed14aea4e5,0,1125.0,2
b0c59163aee1,0,14300.0,1
ca16df0b9f5e,0,14325.0,1
3522be57e4c2,1,3500.0,0
08fe12639cfe,0,3750.0,1
d6fb8724b4ec,1,5325.0,3
04a127748b57,0,375.0,1
74e457e9a459,0,2250.0,0
18223dd53991,1,4150.0,1
c5d779ee740c,0,12675.0,0
53eca0e72a44,0,27450.0,3
44a7c48ac7cb,1,9750.0,0
ad46dfd283d3,1,9425.0,1
cbfceb4a44de,0,19750.0,1
ba72db43bd2d,1,68675.0,0
63028733bbcb,0,3525.0,0
54724ada8b75,1,2900.0,1
0f11d438fcb3,1,875.0,2
b66ac5d39ac0,0,50.0,3
40e4c1f7c3c8,1,3000.0,3
b82a073d325b,0,200.0,0
d69ac5614918,1,34900.0,0
819235d9ad03,1,4150.0,1
b44a13332fa6,0,200.0,2
bb6b4de346f2,1,16750.0,2
6565a9dc3aa0,0,1075.0,0
2abf4b9b7e8c,1,9925.0,2
9d74e1d9d88f,0,2950.0,2
662a7fb0f4c4,1,2425.0,1
1daa1b34aa93,0,9875.0,2
974c1afd2261,1,4000.0,2
3f9ef67a1616,1,9350.0,1
3518639ab413,0,13225.0,3
336ebe4731eb,1,25725.0,3
d8e192e2ad34,1,3350.0,1
ccd308530284,1,2350.0,0
66d347b66b83,1,3500.0,1
4c3d433026d4,1,100.0,3
3bb4a6fb12ae,1,4000.0,2
3eaf304e873e,1,4375.0,2
515ba7fc6f30,0,11325.0,3
166e7036e94f,0,5550.0,3
d805fedc9318,1,1975.0,0
842dd0ac1809,0,3950.0,3
e03706221e36,0,9150.0,0
7b3613670446,0,21825.0,2
788d5b511887,1,400.0,3
e4d2569ac3f5,1,1725.0,1
85e41ac69df3,1,3225.0,0
f6b0d327be2a,0,1950.0,0
c82aec94f1fd,1,7800.0,0
25a56a9139ed,0,2875.0,3
71753de83cb1,1,600.0,0
57911c41359d,0,400.0,0
919f8cb25e4c,1,13700.0,2
fb8995837b8a,0,4400.0,1
fe5f36ac0584,1,6325.0,3
34360b649cc5,0,1200.0,2
3f0c3ead3875,0,3300.0,1
aaadac0e2406,1,800.0,0
1702bb9af3fa,1,300.0,2
ef368605c58e,0,4100.0,1
f2bb596399b6,1,1600.0,1
164f5167d866,0,3950.0,1
a869e78bfc15,0,1950.0,0
e5285babd53c,1,20700.0,3
61b7b8095cfb,1,9925.0,2
1a1b42c2f9bc,1,7250.0,2
2c716c67bb21,0,3350.0,2
694eb80008ae,0,18025.0,3
9212e3203879,1,2650.0,0
8e38ccb138f7,0,8575.0,2
2be64d3bd83f,0,2250.0,1
0543a2fa6bb0,1,1100.0,3
e7733f0e3c57,1,11775.0,2
34d4b64dd5ee,0,2875.0,1
a23ce65a3a87,1,2650.0,2
93f4484a3333,1,5025.0,3
949f88e61404,0,58050.0,2
3098360fdec2,1,1525.0,1
2bfd9e969393,1,650.0,1
b9f56f8306d3,1,11575.0,0
93790516106a,1,1300.0,1
5f4e84a8f8a7,1,1450.0,0
6ea59d7109d9,1,37900.0,2
f36a62729c25,1,5875.0,2
f39ed9562c04,1,2225.0,1
7d93829d56dd,1,11200.0,2
c7958304cb10,0,47525.0,2
c9d7c68b1046,0,8700.0,2
30492f9d7e82,0,1900.0,0
3c258a8a96d8,1,300.0,1
47869770920e,1,4075.0,2
7b7a818c781c,0,16775.0,2
c54887b81214,1,2825.0,0
887ea346b90e,0,1500.0,0
eb098a9ee18c,0,32050.0,2
220f6f605b1c,0,300.0,2
9c4a29335d00,1,16425.0,3
9d2f39a22b01,0,8350.0,2
288362222757,0,1675.0,1
d82218f9387a,1,1100.0,1
5c11e820cd07,1,1375.0,2
0ca4994b8e5f,0,1200.0,2
58677ad6cd2e,1,1350.0,0
e0abbd107031,0,13900.0,0
4509aaf729ff,1,2600.0,1
8986e963496c,0,30250.0,1
e7a57b1c20a0,0,8250.0,1
60c758b90b90,0,2475.0,0
e1dcbcc5ddf5,1,11550.0,0
52c486e413cf,1,8000.0,1
80ca4d4e215d,1,24925.0,1
2b0ff6a874be,1,10150.0,2
d335214ae1e6,0,2500.0,0
9e1885bbd186,0,3050.0,0
91decd1b82ca,1,6275.0,2
80b827f7754d,1,6925.0,2
7c9713feeebe,0,4875.0,1
aa019d2071e4,0,2300.0,2
ea7d7bde6615,0,1400.0,0
da5ec4f04322,0,3075.0,3
9cbb4e059d65,0,2100.0,2
5aa3995563ce,1,12975.0,0
57fa1f574c0e,1,14075.0,1
48300cec33e1,1,3100.0,0
b420d51b1e31,1,1400.0,2
5e2535ca457b,1,1500.0,2
d18ecdf6cc6c,1,36275.0,1
498e4b5b92e0,1,5600.0,2
c45c4de83fbd,0,150.0,1
ee4d9b4d9c57,0,10425.0,3
ae2857ff1d83,1,18525.0,0
bd801431d1d1,0,2950.0,3
f0846d1691fe,1,11900.0,3
bb7cf03f94eb,1,2950.0,0
078cb23b721a,1,5675.0,3
5abfd5eae2d0,0,12425.0,2
e1b1577905df,0,8325.0,1
9528d67e79bf,1,2450.0,1
12a21b4e3b3b,1,14725.0,2
6904638adcb1,1,3700.0,3
78bea426cd1a,0,950.0,0
7fd52332d08a,1,5500.0,1
708c9d1daed1,0,50.0,0
8a566cab0e0c,0,13175.0,1
a715d3dce7f2,1,7500.0,1
663c5816800f,0,1450.0,1
ad4c922f9722,1,15925.0,1
5fc7fbbe52af,1,6850.0,3
657a3da85a42,1,5100.0,1
2f56f31d2bd5,1,4725.0,3
5ca0c3a2be6d,0,8900.0,1
7534eb3fa63a,1,9800.0,2
4c1f3af7064d,1,4325.0,1
db693a3dc7d7,0,1600.0,1
28ec26020adf,1,16025.0,2
9c5122d26b3e,0,2625.0,0
d041f7a6fd57,1,40600.0,0
42b2a1f54ccf,0,1100.0,1
7240eccced2e,0,7850.0,3
e074297af072,1,3550.0,3
21bfdcbd0228,0,350.0,3
5882700b3768,1,3925.0,1
610bee269bd8,0,7950.0,3
f41b400e000e,0,525.0,0
da30975c3be5,0,2825.0,3
732b649bd623,0,21225.0,1
bf313b223d36,1,1200.0,3
42e43516d454,0,1750.0,0
6236f1075b03,0,5600.0,0
c4fe08517567,1,1525.0,3
9fcb30877152,1,15925.0,2
c1ffab9040e2,1,2225.0,2
4b99ff3c28d4,1,4000.0,0
17c993b3d9b2,0,4400.0,2
503d151fdbf5,0,31825.0,0
ec0b2ae5e92a,1,2325.0,0
8fcb7b7b7381,0,500.0,3
8b40cae4b866,1,2250.0,3
70589f39486a,1,850.0,0
efd33fa3a8f8,0,41600.0,0
0f2430e1b9bc,0,1900.0,1
0c29d28196cc,1,1400.0,2
75960c753fbf,1,4650.0,3
16ec36eb029a,1,200.0,3
046eb821ae9d,0,4300.0,1
650cc9c2ebc6,1,2625.0,3
e5a56f36fe74,1,7275.0,0
d9621eb94e85,0,18050.0,2
98d35d14a0cd,0,23650.0,0
53e8276768bc,1,625.0,0
e5904067c3a1,1,10775.0,2
3a8305f16227,1,2000.0,3
389056fa5d3e,0,7275.0,0
b30454f191ac,0,18650.0,0
f65d62e7dbe5,1,7350.0,1
7c7628afd450,1,21275.0,2
d6e027c5f2cf,1,4025.0,3
458fc3f5ad5a,0,16400.0,2
c959682092b1,0,200.0,2
7fe54b67aae7,0,21150.0,2
c5887cf8af58,0,925.0,1
dbbb1cdaf193,1,9000.0,3
419314cadb4e,1,2775.0,1
6006a5cc2a16,1,59325.0,1
1001da388bd6,1,2925.0,2
2c9642b1407a,1,1000.0,0
147bd9bc163a,0,550.0,2
e95c3aeaca58,1,2125.0,3
17e10a5ccce1,0,1125.0,0
e72971bb520c,0,5650.0,3
86356c82b9eb,0,8350.0,0
b669560a243d,0,14025.0,1
347d39d40451,0,3000.0,0
a0a818a246b6,1,3700.0,0
060d5cf7113d,0,34650.0,2
f30ab212c2fd,1,2100.0,2
cde25c9ccc29,0,4750.0,0
a81a3a99dcca,0,5050.0,0
fb6621156bdc,0,9275.0,3
de7719a502ec,1,1625.0,1
1dff5f7120eb,0,13775.0,3
625565dfcfc7,1,15700.0,2
8675b0218dd9,0,2875.0,1
d2a2229bfb72,0,4075.0,2
b17513b63b1a,1,9550.0,0
b60fd0054db7,0,5700.0,0
78aa688bc9ac,0,4750.0,3
9ee5ce0a72f9,1,4550.0,1
35a61f9b94d9,0,2750.0,2
14c9d9da8a16,0,800.0,0
f4efc444d81c,0,850.0,3
b6ee5d38f565,0,23100.0,0
6a395fa28626,1,2925.0,1
a92ea16268bb,1,350.0,2
8d6775b79fc2,0,11175.0,3
980565aa1ffd,0,15175.0,2
d21663c01a72,1,1200.0,2
0474201ac28d,0,4400.0,3
89dd573afd51,0,700.0,1
7db2d9a9cc90,0,1100.0,1
f8474d6ff1b4,0,300.0,1
b09c24999a3b,1,4725.0,2
d1588f6d5671,1,7175.0,1
4439eb7f7c61,0,2150.0,2
792dda42d545,0,3225.0,0
7b4008595068,0,11850.0,2
8e56d9a2efc7,1,22400.0,3
61ca535f63c2,0,17700.0,3
f05760a07e1b,0,17450.0,0
134942a8216a,1,18100.0,2
44508c2d9227,0,8875.0,0
a53310e11b5b,1,575.0,0
d97d66c30026,1,9400.0,0
d7d8543b2302,1,10775.0,1
1b8833411e22,0,31300.0,2
ac4a0752c016,0,4375.0,1
c7cfca316f7e,1,11500.0,0
afcbd1b58b70,0,3975.0,3
9a9f61e36c4b,1,12875.0,3
2728f47d579f,1,19275.0,3
5be3cc467d26,0,4375.0,0
0834fc0fb613,0,2200.0,1
2bac53eb6e0c,0,2925.0,0
9ddb205ea911,1,1675.0,1
6ce29751cae1,0,8325.0,1
802ac27cc357,1,1350.0,2
4dac2c336a51,1,8275.0,1
4b5b5b437047,1,6200.0,1
c8259a0edc7e,0,250.0,3
4330bd5d80a3,1,7825.0,1
59c32448d729,0,6500.0,1
9de152a49fb0,1,3725.0,0
19a2e1385a05,1,1400.0,2
d492da48c89f,1,4400.0,3
5d8875784f5a,0,6100.0,1
dc72a5df7efc,0,3500.0,0
a3aeb0ccf7bc,1,5625.0,2
f3089d7760e4,0,9850.0,0
c5d7f25a77dc,0,7700.0,1
26ec0526530c,0,4550.0,1
4f6a786a6dfe,0,2075.0,2
c5aa672f8a96,0,5750.0,3
7a6901f0b3b8,1,350.0,1
e3df69427fbc,1,26875.0,0
26d4d62d35cf,1,1625.0,0
79f77591fefa,1,6650.0,2
acfc39c0c4d7,0,5250.0,2
2acb72b045d5,0,550.0,1
5176ee3b3222,0,14725.0,0
1016146a2368,1,525.0,1
