id,target_air,target_value,target_phase
f56f280d0ce0,0,13975.0,2
9ee116a532f3,1,18875.0,3
97232619280c,0,7950.0,2
22dfe7834392,0,400.0,3
c075db156995,0,6800.0,0
ad1cd983f6ed,0,2625.0,3
5f22a169c7c4,0,10525.0,0
86c1ee7348ff,1,5750.0,1
7e84380c23cd,1,5050.0,1
507b2504c636,1,2075.0,2
2acb94047a13,1,15550.0,0
c87917855ab0,0,2100.0,0
ebb06a018f6a,0,2400.0,0
d308b0fd2736,0,1800.0,1
0807c25790ed,1,14300.0,3
15f11fa3197c,0,925.0,3
4d1b45e1507a,1,7700.0,1
ddca8e601a61,0,7325.0,1
3ceeab2f0df9,0,2900.0,0
201118df38d4,0,6200.0,2
0876abbca060,0,5750.0,1
606800826113,0,2725.0,0
7db9111819ae,0,47950.0,3
0151f5dc8be3,0,2025.0,0
8c401e2551fc,1,10450.0,1
b547dcc241ea,1,9800.0,2
1aa6c2c39e77,0,750.0,0
dbbb1481d2c3,1,33375.0,3
23e4f0b09522,0,3850.0,3
4a3569248aa0,1,1775.0,1
94560b501b8d,0,900.0,1
f4b6ad879ec4,0,3700.0,1
c1ae3d7f8d2c,0,13000.0,3
31094a95c209,0,4475.0,2
a82097d27859,0,8500.0,3
ec1ac1a3107f,1,13550.0,3
66685182948f,1,8150.0,1
00b694955f12,1,1400.0,1
b3d8652d1d6e,1,700.0,1
30dba6c95195,0,5425.0,0
b35e052fc311,1,16600.0,2
9e2dcc80ab5c,0,6900.0,3
ab5afae1f375,1,7400.0,2
699695347392,0,4575.0,3
7d02f1d055b7,1,5300.0,2
540dd53ef291,0,3100.0,1
266ca8bd1a9f,0,10725.0,2
5b8be7f35b14,0,17300.0,3
1b4ddbc6c0d9,0,2400.0,0
655fb1b018df,0,2925.0,1
baa5c80db28e,0,5875.0,2
50711c962cfe,0,23500.0,3
0760c255a295,0,7100.0,3
3b009d1c3c77,0,250.0,0
726bb713e6d0,1,850.0,2
6f99b931ce7e,0,2100.0,1
834ed46256f0,1,1050.0,1
13ef084501a0,0,2000.0,2
e1d884e11dd0,0,6625.0,3
0ecb792a0bbe,0,13900.0,2
768a81915f63,1,8100.0,2
2d457bc5c37d,0,23100.0,3
4a454ef2fb93,0,29650.0,3
653885f4efe0,0,2025.0,1
c5a36c5b416e,1,2900.0,2
99c790f2778a,0,600.0,1
554f488a5cd3,0,5700.0,2
2e159c126dfb,0,10525.0,3
2ced729c3ef1,0,2150.0,2
a71d35d7638e,1,3375.0,1
7e5692b10b2f,0,6500.0,2
faa44beafdb5,0,3650.0,3
249ea0850bc5,1,4850.0,1
9679299a3c82,0,4950.0,2
2f8dfd9deb32,0,0.0,0
94add8a402aa,0,550.0,2
b6238dbf837d,0,33950.0,2
e861236a688e,0,1675.0,0
d29efa3466e8,0,700.0,0
19282e2afea9,0,8200.0,3
37e2b03743c8,0,3700.0,1
886cd94fc2ce,0,1950.0,2
222d4f73ae4e,1,1500.0,0
dfd0f41411ec,0,22850.0,2
2b5760ef14f8,1,4850.0,1
76f68a928331,0,150.0,2
a4ed0a31d821,0,200.0,1
a5fb69cf8792,0,0.0,1
6c3c285d85f0,0,575.0,0
dcb88f1810af,0,13600.0,2
bcfdcb26e13c,1,3275.0,1
072a20cdf15b,0,4700.0,1
0e2e7d7325be,0,3725.0,3
7c96590ba6d3,1,8275.0,1
8660755a792d,1,2750.0,1
101ddf216840,0,450.0,1
b8958692fe3c,0,11175.0,1
6e78c8742785,0,200.0,1
ceb8472a02f3,0,1450.0,1
6a43a22edafc,1,14100.0,1
e2ff3eed5fa5,0,0.0,0
63541c5d473a,0,13175.0,1
cdb53143c7be,1,5825.0,1
b90f955a7a01,0,5700.0,2
7c7758d489b5,1,800.0,1
6fa3bbc2eec7,0,24000.0,3
0cd5fa0c35c5,0,27250.0,2
c38822163585,1,1675.0,2
76cb772f9a0d,0,1050.0,1
f8172c12268b,1,9575.0,1
4c7881f34930,1,1100.0,1
b00d7ddada3a,1,1925.0,3
01e01b6ae250,0,6700.0,2
6cad8ae07a0f,1,1500.0,1
11db7f420ed7,0,8250.0,3
33b662158332,1,10200.0,2
5eca92ae4685,0,15325.0,3
f5ab10c206a2,1,17225.0,2
797a10762c36,1,2150.0,3
fa3463eec9be,1,19500.0,1
0e3eeb824eb4,0,12125.0,3
6f99c1b19eb3,1,6900.0,2
e5108b77eba0,0,4775.0,2
48d7316d1a3e,0,3950.0,2
5eace6cc73a0,0,15175.0,3
5a8b22a3946a,1,13700.0,2
5e3d9aabcf22,0,475.0,2
b3be482140a1,0,2950.0,1
8d48dd4a8751,1,8825.0,3
6d621adb24d1,1,1500.0,0
3d4700289009,0,650.0,0
bf73405ea6c8,1,76050.0,3
1b0b2f3f6375,1,10500.0,2
ef9062f89d40,0,2000.0,3
cc5ebab1aaf2,0,1900.0,1
385c4e9254bf,0,1275.0,3
58fc480697c0,1,46675.0,2
83f2c5fea751,0,13375.0,2
690d182ca0ab,0,4100.0,3
da41a9a32ed2,1,5650.0,1
a812a220dc50,0,0.0,0
09414c0c6876,0,15450.0,2
819a0a7bf5da,0,34200.0,2
19ba50522ba8,0,4400.0,3
7a8220df92f4,0,1300.0,3
a06629c681c1,0,1625.0,1
e6e937a622c9,0,9550.0,1
ec481ea0b0a2,0,2450.0,0
832091a52111,1,14975.0,3
7bdf87b6e4f4,0,2675.0,2
f5aeb2177e13,0,21850.0,3
5b826cac20e6,1,2000.0,1
635efa0aa836,1,1400.0,3
2f0d43c51740,1,1975.0,0
616d671b33e0,1,4650.0,0
d2fbecc3d21a,1,1625.0,2
709a635c3e8d,0,3000.0,2
4f197919560e,1,13100.0,3
f62d2cca34ab,1,3275.0,2
4a2a815449f2,1,2850.0,0
017bcc99ee92,0,1700.0,1
7b304e2b6227,0,3100.0,2
8b8a7dd0e603,0,2100.0,1
5ff447a0c420,0,550.0,1
a6f2ac0f108f,0,250.0,1
b418ecba4eee,0,5925.0,3
a8e6fa3583bf,0,600.0,0
fc917b5e5985,1,20350.0,3
cfc4d2bfc4ab,0,15500.0,3
3c49f21e0982,1,2200.0,3
e030a2c9c0ae,0,1825.0,1
5150b8627d3c,0,925.0,0
e0ee3bf5340c,0,2425.0,3
9c1b4b170a26,0,2950.0,1
8596f5daba8d,1,16050.0,2
ef47b9e7321d,0,7750.0,1
83db3c9152d6,0,8450.0,3
d9e896c45bba,1,1100.0,0
545f7df963df,0,11450.0,1
96e79ce8e69e,1,9500.0,1
ca6769548a1e,0,1175.0,2
f8bc2c36ad9d,1,11625.0,3
da3fe7d1e202,0,7550.0,3
f2802432c696,1,8600.0,1
91678def821e,0,16600.0,1
81d4de3139c3,1,5400.0,1
10a9b47773e8,1,4350.0,2
6442d03e89ba,0,9725.0,3
ee5fcbcc4783,1,2750.0,1
ff3465fc5bce,1,15000.0,1
ffc7f621c947,0,4875.0,3
a98d4946b897,1,8100.0,0
a7ed275f1318,1,1750.0,0
303d0ee6101e,1,2950.0,3
2d69144a257a,1,7350.0,2
5e7cbf79d6bb,0,600.0,1
b2782f792f43,0,43600.0,3
4a972cc54766,1,1650.0,0
cdd02aebe287,1,1750.0,1
e062d4337a7a,1,1225.0,1
385089d4645d,1,1600.0,1
c8ed1a33502a,0,16300.0,3
e69d4461b9b0,1,400.0,0
c0f129619de9,1,11100.0,1
6f4e08513988,0,1500.0,3
ffb8d83c1e08,1,14050.0,2
8eb2460b30fe,1,23400.0,2
2c9e68f27a50,1,1000.0,0
dc258cf1956b,1,11500.0,3
e68614af506e,0,14875.0,2
90b44d3d7ce2,1,2050.0,0
85ed22b44a73,0,800.0,0
fd938e392bd3,0,550.0,0
43cabffb15e6,1,8350.0,3
d330cc3add12,0,6100.0,1
9bc0e55518dd,1,2825.0,0
8e315f308eeb,0,1550.0,1
9fd116d31571,1,6050.0,2
42ec9b28b2f2,0,2025.0,3
dc71572438c7,1,1425.0,3
31e7097504b2,1,11675.0,3
9c2246f339cc,0,2450.0,2
1e9262f0ba75,1,2525.0,0
a12b88c8570d,0,150.0,0
4817ebc5814f,0,625.0,0
2f48abaf5ee8,1,6725.0,3
9f5c91c1d976,0,4975.0,2
4f1bab1f327c,1,3600.0,3
9815c69f03af,0,25775.0,1
f086d1af4a70,1,9025.0,1
1a3fe205a7d6,0,3325.0,3
5c2a28e15219,0,10575.0,3
291d8df24c59,1,15700.0,3
dea9330e1a79,1,2000.0,1
4f8656a59762,1,18300.0,2
574d81ad5484,1,1925.0,1
841e64c006a0,1,8325.0,3
df89d7737018,1,3225.0,2
7d471d604936,1,1800.0,2
ae14d1e69453,1,2200.0,0
66d18c99333e,0,1800.0,0
a3ad020b37f5,0,1350.0,1
444d5c0a0a0b,0,5450.0,2
121b495e383b,1,12425.0,3
0015a1579d27,1,16650.0,1
a3c4d888d409,0,10225.0,1
685b639e71e2,1,3750.0,1
254b1f3ae4aa,0,1850.0,0
f616f53e3950,0,100.0,1
098c87add334,0,2900.0,1
08ab6a8adb1d,0,20925.0,2
d718d4260f10,1,4800.0,2
2e45e3787e76,1,10850.0,3
897aeea96ab3,0,20650.0,3
c749fcae47ce,0,1225.0,1
eceabcd92eb9,0,1550.0,2
d40ce5bf1d22,0,200.0,0
835996862a1c,0,23100.0,2
3ae00d402f26,0,14100.0,3
f8f3e0f05e12,1,6725.0,2
5f286e01273d,1,5300.0,1
058cddf7deaa,1,11800.0,3
ef381e2f96d9,0,3450.0,2
082ca407bf9b,0,11150.0,3
8f1db9e18817,0,2325.0,0
6035f6eff29b,0,625.0,1
559b8b63fdd4,1,17725.0,2
1034c3ae6e1c,0,2700.0,3
123a00f3f483,1,500.0,0
bfaf04c54b65,0,34000.0,3
13fbf43b205b,1,3375.0,0
57434030b9c7,0,8350.0,1
b96ba753b612,0,1850.0,1
dabc37285000,1,11800.0,2
74939260039f,1,9850.0,1
1eabf20d015e,1,7950.0,2
543a6fae8d9f,0,3100.0,3
ac829b502593,1,4500.0,1
2f0fbda9de70,0,5725.0,3
d3ace9535b8a,1,11125.0,3
5e52d8d13e39,0,3825.0,2
9555583ab061,0,1450.0,0
f9a713df0025,1,11600.0,3
aa99a25cffef,1,9900.0,3
9caf07758650,1,4400.0,2
c03a2b8297e0,0,300.0,0
7b32cb216213,0,2900.0,1
2c4e66700dd9,1,11425.0,3
456694c5404c,0,3750.0,2
39fa10cd7439,1,3375.0,1
9de167271a68,0,1850.0,0
996cd92c3304,0,650.0,2
6641fe418efb,1,6000.0,2
aeef94b41943,1,29050.0,3
ee90610a75b4,0,1750.0,3
fa2659aabf92,0,11800.0,2
09757a0aad09,0,4750.0,3
9e48fe80a04a,1,950.0,0
9b4d6df21954,0,3500.0,1
140b8448307b,1,15225.0,2
cde561dea123,0,17600.0,3
292d43f7402d,1,675.0,1
b5d054874880,1,13500.0,3
2bdb9c444180,0,1750.0,0
174a6da3deb4,1,3700.0,2
8f9864abf3f7,0,3100.0,1
ca445a5c1076,0,700.0,0
b19c3003db6f,0,3275.0,3
a4b566da1492,0,8400.0,0
68bb5c4329c9,1,5500.0,3
c40157031a52,0,3550.0,0
c92af1499c4d,0,14825.0,3
99964f646469,0,1250.0,2
66e26f54df50,0,5650.0,2
7c34921870c3,0,3150.0,0
ad90f832cf46,0,2225.0,3
b6370d975eb0,0,15900.0,3
c7c3db186e06,0,6750.0,0
5fed745a2323,1,4325.0,1
b1b424e347f6,0,9650.0,2
854ff01118c0,0,17225.0,1
a03cf528e6d5,0,2400.0,0
48a68c62692d,0,6850.0,3
42148c5d48cf,0,2550.0,2
f6acbcd3a8f8,1,11900.0,2
a2a521618f22,1,1500.0,1
24dbaab0a03d,0,11800.0,2
0913d55d18ec,1,4000.0,2
190a9e37fa5f,0,1500.0,1
8b7e78784453,0,7400.0,3
a8c3b18e5761,1,4750.0,2
867e03d9e3fd,0,350.0,0
7838a2bf1693,0,1250.0,2
0245965ab3a7,1,11800.0,3
e733235959bb,1,13450.0,2
1da57d20cc7b,1,9050.0,3
6f0075da3660,0,1925.0,0
152676ce93b0,0,8775.0,3
f7ba73dcadf4,0,625.0,1
57adafd08016,0,15625.0,3
7c258190a1ec,0,4750.0,2
28c91474a940,1,21325.0,2
ced1f4f0cd47,1,4875.0,2
7b0db2ba9885,1,6750.0,3
150ad0ffd4a3,1,1500.0,0
85c4cc292452,1,2800.0,1
fbe9ea726816,0,475.0,3
7a27bd060fd2,1,800.0,3
1d9969092ba2,1,6300.0,2
4ed31d0e13b8,0,2375.0,1
a9ce896f3656,1,1875.0,0
646137b356bb,0,8000.0,0
497b4d6b0305,0,1300.0,1
42dd38588089,0,10825.0,1
bfde6a790060,1,26100.0,2
488bda73d4d4,0,1375.0,1
28e11750d1fd,1,4025.0,2
7c581ceed1d8,0,11100.0,2
9f342575199c,0,18950.0,3
75779fbe7052,1,9300.0,2
66773bc6affa,0,1250.0,1
d2b686ddacf9,1,8775.0,3
13fe33c0abb6,0,12300.0,2
5e70e06b3325,0,600.0,1
69745534feb8,1,3375.0,3
89cd55cbd67d,0,850.0,0
52ba18542aa2,1,17000.0,2
bf42839d5cd9,0,1750.0,0
0f87ea90fd8d,0,875.0,0
e13cbb162d6e,1,31200.0,2
5c17ca046653,0,2175.0,0
06fcfb5dbd5c,0,11475.0,3
68d5c8c434da,1,50750.0,3
f459564954c9,0,950.0,0
2b7a2d4a82aa,0,49025.0,1
f87500453250,1,7075.0,2
bc9cb7da1822,1,3300.0,1
63dd8eaf9f32,1,9175.0,3
0583407726cf,0,1250.0,0
6877c332f62d,1,21075.0,3
8396628cd96a,1,1950.0,0
a99f8797d0c8,1,1000.0,0
b5338049a439,0,3875.0,0
e575597d646b,0,150.0,2
9959476ffaf3,1,14800.0,3
a02fd0a09638,0,5625.0,3
ba52be37fd40,0,6000.0,0
d32ab7cd0f63,0,37100.0,2
d1d63270a385,0,6875.0,3
db1a9940e8ba,1,550.0,1
882a60eae1f7,1,9900.0,1
f24a454ca992,0,4975.0,3
05b628ac30e4,1,35000.0,3
ebfcecb334fc,0,700.0,3
55cffdfdccdf,1,18050.0,1
76d3b52bc3f4,1,4125.0,1
1d8cd4090128,1,1075.0,2
8b49380ea7ba,0,4625.0,1
79debc5327d2,0,29950.0,3
c9f0f5aeb223,0,5000.0,0
e63dba6862c8,0,6200.0,1
f1e487f25db2,0,3100.0,0
ae8283d5cb4d,0,200.0,0
d0cb6f1c9a91,1,3350.0,2
5c5dcfb890b7,0,2600.0,0
c7e8a4e4bad4,0,450.0,0
7e6df6b7dd1e,0,2000.0,0
aed0129c62c6,1,2600.0,2
1e565761f9e3,0,4600.0,1
870c322fd2a7,1,6600.0,2
0e1699c0a378,0,9175.0,3
9c7d14cd121d,0,4425.0,1
6029a7291cf7,0,9600.0,3
8d6a51b34ebb,1,17600.0,3
d8565811970d,0,9150.0,3
381c73900fa1,1,5200.0,2
6c77b17ed521,0,4375.0,2
2987c465814e,0,13250.0,2
f76fb55a841d,0,3525.0,2
4e254deedd0d,1,2225.0,0
4fac342d5de1,1,2700.0,3
0a216c572b10,1,7075.0,3
28d4900b773b,1,2825.0,2
70da44420ad5,1,9125.0,0
718ae80fc2c1,1,12875.0,2
dac07852fb1e,0,12350.0,3
939921876087,0,8400.0,2
bf2323dc81fa,0,12175.0,3
6778bc7c3f31,0,3200.0,0
62f9caad1444,1,13850.0,1
9a78a3ffbb49,0,11050.0,2
184acf076d4e,0,425.0,1
6fb13680bd3d,0,2250.0,1
7bd394f8188b,0,0.0,0
ec9e68a8969a,0,800.0,0
c16b53965519,0,1700.0,0
acb1fcb2580d,1,500.0,1
dd905e7ff762,0,5900.0,1
0e435d2edc84,1,13350.0,3
9e785fcddb66,1,825.0,1
1579d42ab0df,1,2400.0,3
7896c820e087,1,9400.0,3
08ecf2ca7a9b,0,450.0,2
53dbfece13dd,0,4600.0,1
9a1fe68d41a6,0,1350.0,3
b19898f76c2f,1,13825.0,3
fbb6f63a9c2e,0,2850.0,0
c4b8ecf35315,1,3100.0,0
b1615cb452f3,1,2275.0,0
20f679c1d1a6,0,1600.0,1
62523706c28b,1,2000.0,0
9ab14461813b,1,13075.0,3
16d3cc1ed8ff,0,12450.0,3
dfeef9127f6b,0,10100.0,1
e70582e0c1f5,1,1600.0,0
7ed4e89fbf5d,1,13225.0,3
7293295fbed8,0,19950.0,3
2b6c3aada491,0,17300.0,2
2309dd62d03e,0,3775.0,2
b7bf62688afe,0,13475.0,1
b8837742d5f5,0,10150.0,1
2994dedc5f32,0,21425.0,3
565c12063e0f,0,3525.0,2
fa6f122f7a10,0,4500.0,1
9543fbee3417,0,5125.0,2
0cee407be4b3,0,5100.0,3
32eb855a995d,0,1775.0,3
29da66465e28,0,7550.0,3
d513ff879c8e,1,900.0,0
1f79c9049460,1,2950.0,3
d67916c25537,1,23025.0,2
fc22e2de9ee6,0,54825.0,3
8a163f3e083e,0,1825.0,1
1d84998d9aef,0,5475.0,2
ef930e228fd9,0,6800.0,0
cf1c73939753,1,1700.0,1
a600504a83e5,1,11000.0,3
19a5e04471b4,1,2900.0,2
6ebe62ff9e2e,0,9700.0,1
49d1cde57fb9,0,9650.0,3
95a892735057,1,34550.0,1
26adca5bd00e,0,2600.0,1
6c16c10bcb0b,0,6500.0,3
6fd64b226713,1,18300.0,2
4a2f263670b5,0,12900.0,3
9472cdff222b,0,1975.0,2
4c9d32e7d2b2,0,13950.0,3
a329d4503528,0,4425.0,0
c0d5d28499bc,0,29825.0,3
71ee99a33a05,0,100.0,2
c01c17b8a62b,1,9850.0,3
c0773dc588ed,1,5200.0,2
24ab66fed215,1,4875.0,2
aedc5e4ce03d,1,10125.0,1
ed9494bc7fb8,1,15850.0,3
53e22489a679,1,13450.0,1
cc117ed9f057,0,3425.0,2
d1efe60dfb79,1,2000.0,0
25e14f774309,1,5050.0,3
834bada03e91,1,800.0,0
eb38b0d53c79,1,4850.0,2
cab8f857d080,0,28275.0,3
5d67985843d0,0,700.0,0
0506de699371,0,1850.0,2
7eefe1fa509a,0,3675.0,3
dbe6d080608e,0,2650.0,2
42f1d05dc0f1,0,30675.0,3
ac7434ac0e18,0,2250.0,0
229f5d58eeb0,1,2200.0,3
094756b116b3,0,4100.0,3
d788e1fe2314,0,7800.0,3
5679d7f05a14,0,1750.0,0
802445f05192,0,9300.0,1
c83ddff9621a,1,35200.0,2
05bb123dfc00,0,4300.0,1
df809f418709,0,1750.0,1
aba051c8dd74,0,25225.0,2
277941eba188,0,200.0,2
5e29c679447c,1,3925.0,1
b60b06542761,0,1775.0,1
a892ab60dca8,0,675.0,2
1b41395261b4,0,5900.0,3
0c4ce7549230,0,975.0,2
ddc7c3ea5729,0,9550.0,1
d0554cd0669e,0,950.0,2
4d7b745867de,0,2250.0,2
18993b33914a,0,4250.0,3
6770134707d4,1,1925.0,0
7b3b839816f8,1,3250.0,2
9136c5bdf714,0,9500.0,3
d55844aca089,0,31600.0,2
14e9f5c0be3e,1,14025.0,2
b37b611f0eca,0,1225.0,0
128a48ec1ec2,0,16925.0,0
2cbb5b77a903,0,21300.0,1
bc00b760ed79,1,6600.0,1
eb1ae982336c,0,14725.0,2
dd3ce9cab90d,1,1100.0,0
169377151fa8,1,3225.0,3
96d484dddee6,0,4225.0,3
422ae668632b,0,3575.0,1
c90edc2e58f1,1,3625.0,1
3cb4a9b0072e,1,8150.0,3
c8478d19d949,0,3050.0,0
087ffb6b79c4,1,16425.0,3
ff05d537e2f5,0,39725.0,3
fdeb3ae32c8e,1,19925.0,1
40fe5d76a4a1,0,8750.0,3
71cc6aaea762,0,12375.0,2
df5013bbfcf0,1,7950.0,3
5842a3e67249,1,3200.0,2
9013ca64ecd3,1,1325.0,0
d858c2bb5793,1,4325.0,0
70dc28a7fc7a,1,6675.0,3
91b72dccf1db,0,1525.0,2
cf15ad05c435,0,50.0,0
0170f49157b8,0,5400.0,2
6fe81446770d,0,750.0,1
37ab0e4ac367,1,3825.0,1
28fd3d358d11,1,12825.0,3
b08c5ce29781,0,3800.0,2
ef15def1e582,0,4475.0,2
cdc3db4272ce,1,23525.0,2
612b6546e5eb,0,450.0,0
fdbd6efc57c1,0,27550.0,3
7ded7fc46f95,0,11250.0,1
b54b23edfc06,0,13775.0,3
3851926965b9,0,4375.0,2
a33ff374a451,1,17000.0,2
4bf31be962a5,0,850.0,2
bcb1ed40da27,0,7025.0,3
3140729ceaab,0,3250.0,1
153edac260d2,1,29300.0,2
6979e03390ba,0,100.0,0
df4c62541f5d,1,1875.0,0
87273d69e392,1,23050.0,2
1c56fb9df872,0,2075.0,1
dd8780651adb,1,2225.0,3
af3351afb7bd,0,550.0,0
a0975f1ea127,0,875.0,1
3939cf9d704a,0,125.0,2
f2be182cc2b6,0,5100.0,3
fa446d627301,0,25125.0,3
64ec055ff29b,0,350.0,2
a3d0b58f1b80,0,1400.0,3
644b2ac035d9,1,500.0,1
dc2d0f02c51b,0,7850.0,3
a9f4bfdc4977,0,1725.0,0
bb38d36304fd,0,19575.0,3
3383e0942887,1,2675.0,2
0358f9040f88,0,11300.0,2
784da8fbfb7a,0,1825.0,3
ed6bea0287c4,0,7950.0,2
611540b4751e,1,1975.0,2
b9b9e99b3162,1,7000.0,0
1ba8e5003d5a,0,12250.0,0
428d7c3fe2fb,1,4850.0,0
cde8511cc9ce,1,13775.0,2
0297861466c3,0,3500.0,0
98c29a0dfadd,1,3850.0,0
a0288eb89ed0,1,4625.0,1
7fe7f15f9760,0,1500.0,0
0cf9e1abb862,1,12550.0,1
9132a7f7091d,0,14425.0,2
cbbc8d46c4a7,0,10775.0,2
1ffa5f04b6da,0,4000.0,0
9d85bf37b09c,1,400.0,1
ef30cbabdbdb,0,23725.0,1
e07b030a0856,1,10800.0,3
6b18a320bf7c,0,2550.0,3
7ac9b08b811b,1,5125.0,1
5dff57be8056,0,900.0,2
40bdf29f3879,1,1300.0,3
ec6cfa39beb2,0,2250.0,0
9bd730175270,0,2075.0,1
ee84764df3e5,1,900.0,1
0395d0946b7b,1,5050.0,3
1b0c5b5a7c4c,0,1400.0,0
932b73a8bfd1,1,3350.0,1
b1317a7dcbcc,1,3075.0,1
85279f0fafe5,1,9775.0,1
5143430c4570,1,4850.0,2
c7ad9531be4a,1,8750.0,2
6a78f1049bb7,0,11600.0,3
0eb52a110864,0,14750.0,2
80ccda3299c6,1,17650.0,2
34f09ea0ce3f,0,2800.0,3
a24c285ad1c6,0,150.0,0
79c482de8af7,0,3150.0,1
d74cdf24c8d2,0,8100.0,2
838ecb65cf54,0,350.0,0
ba4501d249fa,0,23650.0,3
3093b0127755,0,8925.0,2
e999aa43a877,0,500.0,1
da5e2ef6e924,0,8300.0,3
5e3b5a0094c3,0,3100.0,1
3780322a5ef9,0,2100.0,3
4bf0ff7ed335,0,3100.0,0
af371fa0dc23,1,2525.0,0
7f6a13bb7df6,1,19550.0,2
08d874fc2a01,0,4400.0,3
ed91af8a1a7c,1,3875.0,0
a9a161b9f70b,1,4650.0,0
4cfb2e691608,0,18825.0,2
6801bf5aaeb3,0,1900.0,0
fdca119e7e4b,1,16975.0,1
1cae4d2bc872,0,6125.0,2
0b97d7a98f3a,0,2800.0,0
65bd96c07a19,0,18175.0,2
d6f0a0c3e3ec,0,6700.0,3
d542a6d7a1ea,1,13400.0,2
c5cb395e573c,0,17475.0,1
d7ebd906ae31,0,2750.0,0
af648a2dc57a,0,400.0,1
2f76ab634217,0,1450.0,3
2311b712afb1,0,475.0,1
1048be59b2f2,1,13325.0,3
4620650343ae,1,7900.0,2
712593a96ce1,0,23125.0,3
70eb1d085657,1,2775.0,1
e6c5dbc7090a,1,2650.0,1
998d9cd4ddd0,0,3250.0,2
b6defa192fdc,0,23200.0,2
e887810ae03c,1,1375.0,1
6f8fbea862a5,0,7175.0,3
624fcf714ef0,0,7000.0,3
6d05f2b237dc,1,6975.0,1
f3253f9df49b,0,4300.0,3
2178e2ec60f0,0,21650.0,1
9985550ec9ee,1,11825.0,2
01f24d74e86a,0,3250.0,1
05e359072139,0,1600.0,2
3ecc30d61759,0,0.0,0
749fa886020b,1,23875.0,3
fd81a878ac79,0,8725.0,0
ffb79d7a9573,0,400.0,1
5e33a7703d72,1,800.0,1
c879472c41ab,1,1600.0,1
a04b5132e91f,0,2450.0,0
ff01a0ab1d42,1,800.0,3
d7f47cafec73,1,1500.0,0
060e6a0aa78c,0,45375.0,3
0924414bb7e7,0,18200.0,3
0beeb02dc46c,0,1275.0,0
930aee2eeae0,1,200.0,1
6d6030b2b3f8,0,5600.0,3
1c9003dce841,0,7000.0,3
1e5d5b86aafe,0,7900.0,3
573ebd02b5fc,0,1400.0,2
ee0a578ed41d,0,6975.0,3
e945c046b600,0,14375.0,3
a57359e62de2,0,1200.0,0
7f11291ef511,0,31650.0,2
f2897019fee9,0,4075.0,1
43aeaa05200f,0,6400.0,2
1f619007ffc2,1,3650.0,2
ecb82f1275db,1,2375.0,1
1e43101e7485,0,3875.0,2
cd4c7afeb778,1,6000.0,0
63f0c47961dc,0,925.0,2
06edb317513b,0,7400.0,1
fbe622739b97,0,12400.0,2
83a9b0cb4bc0,1,5650.0,1
33bea09ac1ef,1,5900.0,0
7fdf6d285b63,0,10475.0,3
d1655e35e13f,0,6125.0,2
e1c2f706625c,0,11050.0,1
f7f6f292a1ea,1,5950.0,2
b00b84955149,0,1025.0,2
6f99f3e22f57,0,9400.0,3
73809117eb06,1,17825.0,3
26888c296d69,0,650.0,3
883b88d1757d,1,2075.0,0
9f885259fb1d,0,3375.0,2
aec40f7ddd8e,1,1375.0,2
94d2212695a6,0,4975.0,1
f825929be097,0,3600.0,1
1fb234d84c45,1,525.0,2
e4f606efcf13,1,11100.0,1
59fc90cea48b,0,26875.0,2
618f1b575f66,0,9350.0,2
487aaf9c1624,1,11725.0,3
5059539ed6cb,0,28075.0,3
f4160ada9b80,0,5800.0,3
89242eed1b2c,1,3900.0,1
6643339e1ce5,0,1550.0,3
a37c0dab5492,0,13875.0,3
0f3a8cb9e1e3,1,1200.0,0
f8ba3e4f62c4,0,10450.0,2
39b22b549933,1,14800.0,3
06a4f164a02a,1,15625.0,0
d73ae9008735,0,2075.0,1
61bad809624b,0,6700.0,2
44ac0b147aba,0,100.0,0
9d483cc2e341,0,500.0,1
94810724c7ef,1,3800.0,1
00fa958e1379,0,10250.0,3
f7cb8a6b4c19,0,3750.0,1
7128621b9b81,1,1900.0,1
6e7233c579ad,0,13250.0,2
3e4231e9e007,0,6000.0,2
ef949abcc170,0,50.0,1
ba80d755dbed,0,700.0,3
5f9d05ac5e1a,1,2050.0,1
debb286e6e77,0,3900.0,2
225dcd07f428,0,4825.0,1
de75523cf365,1,3125.0,1
e66ebeee554d,1,4150.0,3
4629aeaaca4d,0,875.0,1
647986f6130b,0,14650.0,1
93413e9d4fa8,1,3975.0,3
ac89476ca3c3,0,1000.0,1
6de6fb70e2b0,1,2550.0,2
625919ad187b,0,600.0,0
e217594f852d,1,6250.0,2
85d410c67a96,0,12150.0,3
131af20f601d,0,100.0,0
fef75c0dda26,0,100.0,3
7b9e72cae913,0,3400.0,2
eb5accecd28e,0,600.0,0
92cc278aabe2,0,29550.0,2
fe2cdbf12ee7,0,21000.0,2
89500385d22d,1,900.0,0
1ffb820cfb76,0,7800.0,1
db021b6483c5,1,21500.0,3
d286d7f67889,1,1825.0,2
a02789ccc578,1,1400.0,1
e26bfc6a9edb,1,2975.0,0
4f289039b9fc,0,12125.0,2
6a93a672c001,1,3800.0,1
749723017467,0,4225.0,3
0123d8617268,1,2575.0,2
ea53d8674d55,1,15350.0,1
127093cfc213,1,25575.0,3
aff06710dee8,0,1475.0,3
e2941f54b052,0,400.0,1
734138868fe4,0,3025.0,3
020ad38233b4,0,4575.0,1
bde00bf79be5,1,12550.0,3
1e069e97676e,1,1100.0,0
f0ecc30d56f3,1,900.0,0
1f68fd4d04a5,1,2900.0,2
0ca21d4ba660,0,26375.0,3
2fc5e190a6bd,0,5675.0,3
81dd6c382d10,1,14025.0,1
ea9e1ff5b927,0,10275.0,2
10ee45497463,0,14150.0,3
4b8efd217ea3,0,825.0,0
1545a82b9547,0,8200.0,3
3d30a0649cfd,1,15025.0,2
2e4707996e62,1,1625.0,1
e56cc3fdcde7,1,1850.0,0
1e24f3b9c207,0,2925.0,1
b533ca11fd2f,1,15800.0,3
ed067b1c053d,0,7050.0,2
eb6d5fcd2ceb,1,37125.0,3
739a5c99ca22,0,6675.0,1
9c71d9737675,0,4050.0,1
ddbcaf9b6e7b,1,21850.0,3
480c1b3cf604,1,16350.0,3
3d272d1a3c49,1,30500.0,3
d28db34d740c,1,2800.0,0
3f42560380ee,1,20000.0,3
49971be7d955,1,4650.0,1
dea0ce8576bc,1,13700.0,1
db2e77c6af5d,1,2800.0,1
8c6d3a5771ba,1,10700.0,3
b3580ab652e9,0,8100.0,1
d04329e31ff7,0,1275.0,1
6fdc91662092,1,2525.0,1
e98e8a4bf4da,1,2375.0,0
67af3379023b,1,2750.0,1
bb8dab36ee6f,0,3125.0,1
89564e63ac7f,0,500.0,3
c3ea60c5d653,0,12650.0,1
d1acb2d0551f,0,3025.0,3
e4419c5d45aa,0,1525.0,1
52ab9116ae80,0,1225.0,1
7bfad4e170c2,0,650.0,1
15a978d3e5fb,0,1725.0,0
7772000e7e3e,0,2950.0,3
e7094a9b0b5f,0,12675.0,3
8a202529624a,0,1600.0,2
845a6420cf6b,1,2750.0,1
5dfc10263281,0,5550.0,0
4f7a2ba8a0b4,0,2950.0,0
fd175851d9c1,0,8175.0,3
27405bb9f595,0,2600.0,3
ed0ad4bc3592,0,850.0,1
64d9a1e242e2,0,4400.0,1
15b444e69c54,1,2475.0,2
777efbe6fbb4,0,2800.0,1
faff28895bc1,1,1250.0,3
0acad2bdf28d,0,5800.0,1
fb49769e8621,0,1700.0,0
f9120c75dd88,1,8875.0,2
198de39a03cb,0,6600.0,0
e2df62f666ad,0,5725.0,3
452bbc5ab7df,0,1075.0,1
4c8d13caef8c,0,100.0,1
11895da76e83,1,11800.0,3
fd5aa13c9e00,0,2225.0,0
6489b6340f0b,0,1750.0,2
db44872f735f,1,1125.0,2
3653be1d1b41,0,2700.0,3
54c4f57f0ab0,1,5850.0,2
5e6d4f43095e,0,2125.0,1
0d2977b63e00,0,1750.0,2
95e88692ccbf,0,13050.0,3
81c30946d646,0,3300.0,1
b2a018f3585e,0,4175.0,1
32b59786927b,1,5250.0,0
ff3599bc1fc3,0,1550.0,0
f1ba600f4a2e,1,43200.0,3
8bae52509681,0,5925.0,3
1b98ed472f27,0,19650.0,1
d00b3963262c,1,6050.0,2
415ca689e502,1,9475.0,3
85d12bdf47e3,1,39550.0,3
504377ae5920,0,2900.0,2
845402f98399,0,48550.0,2
fd7d265f43d2,1,9250.0,1
347a5024be04,1,32475.0,3
a03f1caa5d5d,0,2600.0,0
aef9c3d9c4b4,0,5400.0,1
934995de9158,0,15500.0,2
dda6c2805156,0,21675.0,2
1c1acd15dbf9,1,1150.0,0
f4e850b47ed6,1,2200.0,3
24e94dbf1097,1,6900.0,3
b3e9c6e0f07b,0,500.0,0
28daf74e16cb,0,6200.0,3
42e3223227de,0,13575.0,1
dfec6c2762a7,0,14550.0,2
42919ad13786,0,1850.0,0
4a57b34826aa,0,2675.0,2
6731a507b23b,0,13450.0,3
ccae82dadff1,1,2475.0,0
0bac3d2b1da0,0,12525.0,1
896e4c6eb649,0,775.0,2
970d32fa6a97,0,500.0,1
fbfeb3587e14,0,14175.0,3
98da2252f39a,1,1125.0,1
307b1056fa05,0,17075.0,2
c0778728aa89,0,100.0,0
7bcd6f10b9e9,0,6800.0,2
96d5ca474727,0,20100.0,3
af3fa98199dd,0,0.0,0
a65143d123a6,0,9100.0,3
cd18c030086b,0,600.0,2
17a6a8b45321,0,4450.0,0
10f1e4638897,0,18200.0,2
b3bbe88f4430,1,3025.0,1
1572e35af02e,1,5800.0,1
782792ad79e0,0,3700.0,0
cd778485f4a0,1,4200.0,2
5ba88b49d043,1,19150.0,0
7367f1bdabbe,0,20825.0,3
c157e124c272,0,2200.0,3
1859117d8e0b,0,6950.0,2
4a7bc47ca07e,0,6700.0,1
b946a1bddfe4,0,6550.0,3
e7478526571c,1,10050.0,1
d7d7e295cb3a,0,11875.0,2
20536d721d52,0,3300.0,0
045eee4f9d3c,0,36225.0,3
e6e40288c80d,1,65300.0,3
fd67a349c7f8,1,11775.0,2
9bc0d0343b14,0,1500.0,2
5bfc905de639,0,50.0,0
c7c280a111dc,1,16000.0,3
d49217b9e3d8,1,6450.0,2
2989dc73d234,0,1325.0,3
b4cee93bee6b,0,14900.0,0
d58fb4135762,0,3300.0,1
716b58cf7f02,0,0.0,2
59f3d2a29165,0,15550.0,3
32946851986d,0,8225.0,3
59ef7f8dea2a,1,7975.0,1
0c7389e2465c,1,6600.0,2
f096ba67c3ef,0,31375.0,3
c8dee6b77ea2,0,4575.0,0
0790c8c74ea9,0,12175.0,3
213613118084,0,450.0,0
27d7c6dc0546,0,100.0,0
8e5786c38be4,0,10775.0,3
8c4beff0bae5,0,3300.0,0
cea4c1e09208,0,14000.0,2
616b3079ffac,0,325.0,0
7a724c912730,0,50.0,1
0812dc8fc445,0,5775.0,1
f12e71b38065,1,19200.0,3
3b6967cc51ee,1,2800.0,0
0b1d3efd35d2,0,700.0,1
56977c96f16f,0,250.0,1
a8b8bbb80531,0,4025.0,2
2812eb4f0381,0,3100.0,0
16780d98f442,1,7900.0,0
dbd77e23930a,0,1050.0,3
dc1569c04a5b,0,5325.0,3
ec8b5936fbe5,0,13875.0,2
464ec6c5febd,1,1950.0,0
ba8ef4f943ff,0,2875.0,1
69cdf3242843,1,800.0,0
1bc5c89f1432,1,200.0,0
26169bab70af,1,9500.0,1
64a88e5e1501,0,700.0,0
663a2b99e501,0,350.0,1
41053b177936,0,1650.0,3
25fde6b8996f,0,35275.0,2
9ec598573594,1,17725.0,3
20ddd14da214,0,7875.0,2
fc349304a899,1,2450.0,1
a94daa424e03,0,4050.0,1
00fa362f9ee4,0,3550.0,1
bff139d425be,1,3575.0,2
2354a6cf091a,1,57075.0,3
fcc0c2f7ac54,0,20000.0,2
9dae6ed1bc98,0,5025.0,1
2bf8e3f61dae,0,12525.0,2
8345e39b493c,0,4250.0,2
0f75e5100956,0,550.0,2
1d7cc864a42f,0,15100.0,3
7aaf62a97063,0,2250.0,0
d26075b58355,0,8800.0,3
a4a0aa4ee771,1,500.0,0
60604f6098fe,1,15275.0,2
4ef59107453a,0,6400.0,0
3e7232785b2b,1,950.0,0
ca0bd8a7f5aa,1,15075.0,3
6acd8ca0ade8,0,1800.0,0
5474ac61d234,0,19300.0,3
8af2050cfa7a,0,2050.0,1
230e42ab2347,1,7250.0,0
9348744ea1b7,0,12500.0,0
3627d6fd5937,0,13350.0,3
ebb9e1066091,0,3450.0,0
6be28beda650,0,775.0,2
7019feac072a,1,9600.0,2
13372a198182,0,3075.0,0
0a74cd892840,1,2100.0,1
49b88db62f08,1,3325.0,3
0e1a0e642b94,1,100.0,1
eed792712c30,0,4825.0,1
b049d9247f6d,1,25125.0,2
aa5809b45564,0,5500.0,2
6440a589f911,0,5650.0,3
31f493741228,0,3250.0,0
d25be08d7edf,0,925.0,0
8abfa5b16dbe,0,13425.0,1
99bba03a5924,0,1075.0,3
4220c45ab7ec,0,1400.0,1
d921488f3b5c,1,4450.0,3
cd8e15478b53,1,12400.0,3
38d9fff6bdab,0,7750.0,2
b0317d0509e3,0,975.0,0
d349a7f93750,1,1300.0,3
784ab5610ad2,0,9000.0,2
fa86590a5318,0,19025.0,1
60afa606b5ca,1,3825.0,1
e19de2662109,1,950.0,0
847fa5558eff,0,4325.0,3
46ca68237eee,0,900.0,0
e9fa836e61b2,0,3050.0,1
5f23d5900c7b,0,8475.0,3
fcedcf293ed2,0,8700.0,3
18a523e5e3b9,1,8450.0,3
cf74789369f5,1,925.0,2
222d5d2c5dc9,1,14275.0,2
e141958b367e,0,11600.0,2
f59c0e2ef9e9,1,6125.0,1
14b6c6dbdd12,0,1050.0,2
0ae8b492a795,0,1575.0,2
686d4788c3dd,0,1400.0,0
f1340d7d32cc,0,2200.0,3
645662397690,0,5700.0,3
2fcfcdea7875,1,1850.0,0
dcaf3bd1627e,0,7100.0,2
552c53320bff,0,7425.0,3
22915cbe1a6a,0,700.0,3
ee44057ac849,0,250.0,1
c0d2b2f5e7f0,0,1400.0,0
ce94b2f88c5f,0,1700.0,0
a08613b78acd,1,23075.0,3
ad34e6054409,0,15375.0,2
31844e3e4d92,0,5100.0,3
6d35b4bf33de,0,1675.0,2
047fadc9ac03,1,400.0,1
d778624185b4,0,975.0,3
f2e6d96a51f7,0,2100.0,0
c080786fe274,0,2775.0,1
5a53a0e54108,1,10950.0,3
3fd623f38b42,1,16425.0,1
dd88906d3479,0,2250.0,1
967940eca46d,0,4325.0,3
6bfc25044cbf,1,19300.0,2
b091fb0edb47,0,1325.0,2
33fe9c861c29,1,1800.0,0
35b8759271aa,0,21200.0,1
a93185c8e0d7,0,6675.0,1
16e12691ad24,0,1500.0,2
5b25c9fe22fe,1,1575.0,0
67cd78bdf144,1,4800.0,1
ceded8fc8db0,0,31975.0,2
b24fbf0c50b4,0,150.0,0
18b6ee1faf65,0,50.0,0
a4602dcaf190,0,3200.0,0
fe65d91c3cb9,1,7150.0,3
8eb28e8d34a5,0,200.0,0
ecf95b2b3657,0,4525.0,2
9e12113f2bb5,1,1600.0,0
cd5cda5ddbe0,0,12975.0,2
444d04554c2b,1,4825.0,2
75a94928863c,1,17675.0,0
b34018047366,0,3300.0,0
12b7d3c6e229,0,2100.0,1
1c0293e8cb21,1,1450.0,0
ed1beec349dc,0,23150.0,2
b5ddeb3bdded,0,3575.0,2
8952035f578d,0,50.0,0
781141809f58,0,8750.0,2
64eb692c13cc,1,4800.0,3
7e414313b9b9,1,1200.0,0
2e9055781035,1,1800.0,1
1b23c732f70f,0,6225.0,2
21fa28564e02,1,4100.0,1
dd8f633d8d0b,1,10650.0,2
cbf01e05c440,0,2850.0,0
9c55e5e5d7e3,0,600.0,1
70cb9286e0ff,0,11775.0,2
cb1e74c57416,0,850.0,0
c8e983eb4e57,0,3175.0,2
f65c40d148ee,0,875.0,1
6ae11fafb3d9,1,8200.0,2
2337ca074aff,0,5000.0,2
96876fb4be2b,1,900.0,0
9a58047ddaa4,1,7425.0,2
0a07a987a43d,0,200.0,0
ca36a52af8a0,1,1700.0,0
71f8c2278f35,0,4900.0,1
d2409712f52c,0,950.0,0
51ef1aaeee31,0,150.0,0
10b06798e122,0,23850.0,3
8ad0b35778fe,0,3675.0,2
44470367459e,1,9950.0,1
38e6bbc7cb67,1,22575.0,3
f084a4418cb6,1,1100.0,0
3880b14e318d,1,9425.0,2
dd14e86ebc6d,1,8900.0,3
eec200b80f75,0,59025.0,2
27158bc81af1,0,3625.0,3
c629a8ebff91,1,32900.0,3
9c9f32552e0a,1,11625.0,3
915aa4395771,1,7175.0,3
fdc0ecf59581,0,2400.0,1
b766264a9e08,1,1100.0,0
59c29b41725b,1,2675.0,1
024d04dab0c0,0,6450.0,2
a577ff385baf,0,7200.0,0
3d3d665b4ff8,0,5325.0,3
0fd02d51ff49,0,3400.0,0
4709ed84ddb4,1,3375.0,1
9b865c8a7d51,1,13125.0,3
c898b3457e5c,1,6975.0,3
54de23058127,1,13150.0,0
15f773b8de82,0,21150.0,1
4a0e7c2ec3f9,0,35800.0,3
2161aa3b2087,0,3800.0,1
a6c9ba71969f,0,5600.0,0
bd5b725013ac,1,20550.0,1
a3b1f53c37e1,1,7575.0,1
b2a856d1091d,0,1400.0,2
e2e275f7a954,1,1200.0,0
2b557842bcc5,0,19825.0,2
8a91aefe3e67,0,1800.0,0
fcbf58e4c897,1,7350.0,2
f3868cf625ce,0,3325.0,3
6a714305b9f2,0,4025.0,3
d761d9e6e41a,1,17300.0,2
70a1157f6de5,1,475.0,1
1a3ccf009b49,1,12925.0,2
2a15cb1c36f8,0,1450.0,2
8c8fcde3af9a,1,2875.0,1
6d9531187796,0,2800.0,0
7e6815097a07,0,1325.0,2
cc8f6b0f4fcd,1,8000.0,3
5c30344acc4e,1,1100.0,0
a37a24b2575e,0,575.0,0
a57eee558fca,0,14125.0,3
cb2adafbeb42,1,13600.0,2
92bd6c6a3d87,1,24075.0,2
74e185ecc08d,0,650.0,0
70dec495989e,1,7475.0,3
22e9aa38dae0,1,7650.0,3
e0e66f89b628,0,12700.0,3
c52f2ef5ab63,0,19125.0,2
8dbe2662ee87,1,2550.0,1
f6783fb73655,1,12175.0,0
bbc35825cd8f,0,2675.0,1
dbbd91e362a0,0,3700.0,3
ee4900f83920,1,2125.0,1
f1b8012987cc,0,1575.0,1
1399955f3ecc,1,7350.0,1
8bdc8f6ceb00,0,950.0,0
8c3fe2ad8686,0,3250.0,3
93f449fe497d,1,750.0,0
f1e8c6ce8b66,0,2675.0,2
98f6b086cbb2,0,1700.0,3
d52009c66ee2,1,23500.0,3
6067a1c7c356,0,3325.0,2
5c8fdc001744,0,3400.0,1
447fa88f8568,1,2200.0,0
11583202dc86,0,3700.0,3
815bf1538360,1,200.0,0
d160434d5520,0,1800.0,0
238052910624,0,12675.0,2
5813039b2564,0,1325.0,1
d912a70b2e6d,0,3200.0,0
deee149a2ba9,0,8475.0,3
9f9e1f058b0d,0,475.0,3
e3f86f30174a,1,19875.0,3
11cedcbb3428,0,5850.0,1
f6e9e1ec0b2f,0,1950.0,0
2c8d5412ed47,1,5600.0,1
d4710a76d165,0,1450.0,2
c7a42e7a98d7,0,45200.0,3
10ef86b49584,0,1600.0,2
529eb39f3fee,1,13350.0,3
d157be9af9b9,1,14875.0,2
15ed5395d8fb,1,2175.0,1
b3d1a5ad4673,0,50.0,0
c4ab0b3d50d4,0,3100.0,0
4cc6298cfc7b,1,10150.0,3
ea3b2573b96f,0,4425.0,1
ed5b7bca4b78,0,3250.0,2
605f2f6f1021,0,875.0,1
62d8a8a7c7bc,1,3500.0,2
c94d34359836,1,1200.0,0
46338c61ce2a,1,1200.0,0
f3e8c6a5a607,0,2850.0,1
ef8ba7391a2d,0,1150.0,1
c2ce4a7e3126,0,6700.0,2
d00e0375d526,0,21575.0,3
f02ea3a0ef49,0,8925.0,2
ea3f5ce2e266,1,5400.0,1
e2fb4178df13,0,8075.0,2
c70829d74561,0,14725.0,3
1df4cbd5dfa3,0,15450.0,1
e65f24f648ab,0,21000.0,2
357c10bf2378,1,16425.0,3
935a966f7cb9,0,9800.0,1
c59a3af62cff,1,425.0,0
321b87fd46ba,1,16725.0,1
a0a165456a16,0,1800.0,0
1648bd73992b,0,1200.0,0
932ddbf01d5a,1,1325.0,0
7173552d4df6,0,150.0,1
d15b2b0055b5,0,1000.0,0
a3183a6d3c75,0,7825.0,3
28779afe6396,1,4550.0,2
237c1fa7f9c8,0,1400.0,1
0983536fd7ee,0,50.0,1
276308ef5c0e,0,3350.0,3
96e99758ff06,0,1275.0,3
65d19796e4c6,0,4950.0,2
d55a517f26a9,1,1875.0,0
a1e3f81e6a67,0,50.0,1
0c7462f460a3,1,2300.0,1
946dca940870,0,15475.0,2
dc587ea4dbc1,1,875.0,1
7642eb86828e,0,2850.0,2
630fca2891b1,0,12100.0,1
ec8efa225414,0,4850.0,0
a074668ab576,0,2375.0,2
688573152dc1,1,675.0,0
7ce02cbc6908,1,10150.0,3
5a7f2ed28992,0,650.0,1
0a29654e1491,0,1675.0,0
b408187bae50,1,26325.0,1
5af8ead5db4f,0,1400.0,0
ec65915020bc,0,8600.0,3
25d20068d3a9,1,3300.0,0
b316f6ed6ab7,1,22250.0,2
e1bf243e6383,1,11050.0,2
5a201ded715e,1,20975.0,2
ef11222cf92f,0,3175.0,2
6639c84d8d63,0,6850.0,3
9f6579c52011,0,7200.0,3
827a6e1fdfee,0,34650.0,3
c5a892ab53dc,0,9450.0,0
a1ce167d5d2c,1,19675.0,2
2af655a342ed,1,10950.0,2
a04b3766eab2,0,2625.0,3
052d60544178,0,4050.0,2
3671b20dae15,1,5475.0,0
0d2642cb810d,0,21925.0,1
05cc48383abd,1,1500.0,0
7d745b86da94,1,15100.0,2
352367ca6100,1,6875.0,1
2449787afd3b,0,300.0,0
834cf49add43,1,11900.0,0
51a8f4d8af59,0,675.0,3
59bfe0937d74,1,19075.0,2
14b29c0f8dc4,0,1900.0,0
20cb3a701dc7,0,2300.0,3
d89ea4ef4a09,0,1975.0,1
b496c3a25b1e,1,1800.0,0
70e4993698a3,0,1975.0,0
b7ab796740e8,0,7400.0,3
937045febc7a,1,1575.0,0
4b4035d5b9d9,0,5550.0,1
ca60bf490d71,0,9850.0,2
9d8f99937e7f,1,1000.0,0
d562a0d06321,0,225.0,3
328a65853273,1,6875.0,1
8d639ef9a3fb,1,22050.0,2
85b8b1f0031b,1,4725.0,1
6130dcde4f1f,0,500.0,3
78c22e27a691,0,26875.0,2
7c8884bea5b7,1,6050.0,0
f56b375f0e4c,0,8325.0,2
d6cb25e96909,0,2075.0,3
cf51432a9f26,0,5925.0,3
8262a3b1f325,1,2325.0,1
70ef99c117c6,1,825.0,0
503bccc78700,0,13225.0,2
7733bdd40cf0,1,1450.0,1
c40128e4e2e0,1,9650.0,2
46a1b3b27814,1,7950.0,3
f2a33253d0ac,1,1000.0,0
23fecc0114ae,0,350.0,2
58b949a9ef2f,1,12125.0,2
5670570e9228,0,8675.0,1
d00384edb522,0,800.0,0
0b705abfee84,0,39100.0,2
398344aa9395,0,11375.0,2
f7eac3389e35,0,4050.0,3
2b659f338ea6,0,4525.0,2
83bee3ac0e98,1,6575.0,1
a487f528c551,0,6400.0,2
083b8c752538,0,11450.0,2
d2cc49c88cf4,0,27575.0,3
5147d00f751c,0,6925.0,2
b2032349625c,0,3850.0,1
75cdaefa1476,0,3725.0,1
adfcdc996e74,1,4900.0,2
5e2cee18f9b6,0,4125.0,1
44f33167de52,0,15775.0,2
497b07b296f9,1,5875.0,1
e931a856c500,0,3300.0,0
5c06a86e46bc,1,9450.0,0
3ce0b145bc29,0,1100.0,1
c5b5056c028b,1,2625.0,3
383977122eb2,1,29800.0,3
a2711014c515,0,1125.0,2
4fbca2700292,1,425.0,1
462fc8c743b0,0,1500.0,1
76b79f5b4cf2,1,30750.0,3
3285fc1f85dc,1,9225.0,2
028b844aa361,0,3000.0,2
c9eeaafdab08,0,1375.0,1
7bb21d02a231,0,5600.0,3
bd5e7b4ccf91,1,4075.0,2
f4b0650a6780,1,1825.0,2
7430916c392f,0,300.0,2
1e2f03b69b70,0,4500.0,2
488d2f69944d,1,1525.0,1
07d185ccc6ee,0,7475.0,2
b9cec0d2d63e,0,1900.0,1
433bcb63a0fc,0,3425.0,3
4bff738ec5c5,1,3875.0,3
57b1234ea9e6,1,1950.0,0
6a4787b5e4e9,0,1025.0,0
7e5168b632ae,0,1750.0,1
fba0107bf101,0,850.0,0
844174adeefb,1,8475.0,3
db6a35d2942e,0,550.0,1
2598811d825e,1,16400.0,1
95c7100587be,0,6850.0,3
e172b7a0d874,0,9175.0,3
154655b6e8e9,1,1500.0,0
9b8dfb4cc492,0,0.0,0
c482bdc598e8,1,3550.0,0
9c6144a25def,0,4075.0,1
a3c7b5be975b,0,3850.0,3
bddf1d75dcd1,0,1200.0,2
e0744d0fa29a,1,1750.0,1
ce03fbdd606d,0,350.0,1
4e4351df5461,0,8050.0,2
9b6c50584e0e,1,4775.0,3
9e06988fcb5d,0,200.0,0
749616e17964,0,3200.0,2
36128fabeb4b,1,6125.0,2
13c0730fa4c5,0,350.0,2
25f176e428cf,0,3300.0,2
eda033c47d47,0,7675.0,1
3b83d105a4a7,1,3600.0,2
d0a0e244007a,0,6650.0,1
c2de3a007356,0,9125.0,1
d9d11116d1e4,0,5225.0,2
e73fd82e2683,0,11000.0,0
d1edd05d2098,0,5475.0,1
6930d96f006b,0,12925.0,3
4dc742de69ae,0,1700.0,2
209aaae26635,0,850.0,0
78aa76717b27,1,19600.0,2
65c1cd1a5d58,0,7825.0,3
a0d6901785cd,0,2625.0,0
2d0e2d644032,1,18825.0,2
8a1603001125,1,9300.0,1
619eecf6e583,1,11625.0,1
1e175323cc40,0,8650.0,2
d90e72a8bc73,0,2150.0,1
881b07484cc5,0,200.0,0
02fe5cc5d700,0,4325.0,2
30c57acbb672,1,2850.0,2
8616a5c8a28a,0,1650.0,0
96d424b1eb82,1,4725.0,0
012476145764,0,3850.0,3
308d71b7ebf9,0,2850.0,2
58747c66a0a8,0,10825.0,2
6f21753a0c4a,0,10575.0,1
9361a3e9baf0,1,4950.0,3
c2611c8e3fa6,1,6275.0,3
4c428ba35a99,1,26225.0,1
8da60657c758,0,3825.0,2
554c139c2d04,0,1175.0,2
e1269b050456,1,8125.0,1
d67ca5592fcf,1,5400.0,2
da171bc83f63,1,21925.0,3
380e8c012a4a,1,2525.0,3
3dd721bdf2f3,0,1200.0,2
2fedc2b38786,0,1475.0,3
88d8e92fa7c1,0,11050.0,3
108ad8afc24e,0,1000.0,0
6a851781a7ea,0,850.0,0
ded06773718e,0,2125.0,1
9abd29223733,0,1600.0,0
ed360ab3cb7b,0,38975.0,3
1ba73d7b9be2,0,600.0,0
1589e5bc41da,1,1100.0,0
e096d42398fe,1,15100.0,2
c90c1f472d17,0,4275.0,3
f245b76bcb07,0,2400.0,2
f6786821d156,0,3500.0,3
19177f193174,1,1125.0,1
d1420482df6c,1,3250.0,0
43503a188784,0,1950.0,1
c9c475f3e077,1,4025.0,3
c2bde531b8ef,1,1775.0,0
eb40e830f055,0,2400.0,3
e711094701c1,0,3500.0,0
c0e484101edf,0,14350.0,2
daff68b33e47,1,1225.0,0
bd8c4fb626cd,1,1825.0,0
db65b835eebb,0,2200.0,2
c1d58dfaafff,1,2975.0,2
dbb3e8957543,1,11625.0,2
4bb5c45959df,0,300.0,1
8e802e7f1ce2,0,2400.0,3
bbcb0f9f9554,0,625.0,2
637bb2c79a1d,0,2075.0,3
e739645d6149,0,9150.0,2
e350346de716,0,2100.0,1
5f4e19f338eb,0,7575.0,3
3e8e157cc23a,1,2000.0,0
f4f9f2fe675e,0,32675.0,3
1525d343215e,0,10500.0,1
89695ae32b95,0,3100.0,2
0a1c79523a10,0,3600.0,2
0475d8187166,0,3475.0,2
eeea1b6a69bb,1,13175.0,2
2c3d84792795,0,950.0,2
3746edf52efa,0,2025.0,3
aa5d79e17f4b,1,3800.0,1
bb58f5bfeae9,0,4900.0,1
039172013961,0,16325.0,3
135422fa3516,0,150.0,0
203d55c5019c,1,3675.0,1
039aec9da401,0,2200.0,0
80e57d6dcc61,0,6100.0,2
a5fb10463fd2,0,11775.0,2
5408f4b8c607,0,11200.0,3
1e4feb490245,1,6675.0,3
22c993373d1d,0,600.0,0
39f0e5d6bd09,0,250.0,2
1817f7c0653b,0,5325.0,3
aae769a28212,1,1300.0,1
26f28dbccaef,0,8275.0,3
feddb126bdfc,0,25175.0,3
b19eb9526586,0,9000.0,3
505460b880fe,1,8050.0,1
df0ebe7652fc,0,7825.0,2
743c43c31a31,0,23075.0,2
56d142d6c133,0,4075.0,2
eb032982500b,1,6425.0,2
cae9f5729aef,0,10950.0,2
3a1aefdae01c,0,275.0,0
b5a5608d0a0a,0,3100.0,0
835f511e9683,0,850.0,1
4878b0878dec,1,4125.0,2
6031c66bde3f,1,14125.0,1
74e47faf7237,1,7125.0,3
601a14845f38,1,22825.0,3
191d798ee760,1,42800.0,3
ccc6ce77361c,0,775.0,1
92b1674dc29e,0,9425.0,3
fd104299b749,0,1925.0,2
95282a629914,0,2550.0,2
4cd62dd7df36,0,550.0,0
09e2aebeb0e4,1,1200.0,0
324349e3a18a,0,10275.0,3
44e630a520ce,0,10075.0,2
fa02693b0107,1,3800.0,1
fa5a9550bd1e,0,2250.0,3
9dfe8be8de9b,0,1575.0,3
3592c1e28ad1,0,4150.0,1
b4728d0c0af0,1,59875.0,2
2572aa4c8ef0,1,2700.0,1
c24f016f9d60,1,1725.0,0
0a70ce56b921,0,1150.0,0
8992509619da,0,100.0,0
0349d0a0faf2,0,15400.0,1
eba2dd85b909,1,4750.0,2
13f18ce7969a,0,5600.0,0
60876c0f0318,1,1700.0,2
a467f776bb31,1,27500.0,3
7bbb1895cb18,1,11750.0,3
0c8e2569190b,1,1175.0,1
d01ddae4c428,1,27950.0,2
bc3da2e39657,1,3100.0,1
5b70f2820690,1,1200.0,0
5f8712d6b6b1,0,2700.0,1
25e431893413,1,1000.0,0
bb0c6b07e324,1,8800.0,3
1d3cb77d8f25,1,10100.0,3
329ec168ecde,0,2925.0,2
cc53a2a8bff0,1,26000.0,3
a5179e6fd018,1,4750.0,2
9c794e48d2a8,0,100.0,2
0081fc099ffb,1,1475.0,0
893e84eca8ba,0,1650.0,1
91ff959c4135,1,22125.0,3
ff93a77ef38e,0,3100.0,1
31b3c0a7093e,0,10100.0,2
c1a3c8ca818e,0,4175.0,1
0b997ac5e885,0,8525.0,2
79ed7fdd1df9,0,100.0,1
541714b2d882,1,2550.0,2
d10598c3628f,0,1675.0,2
a2d78b35a405,1,1725.0,3
764c1d01d7a6,1,1600.0,1
ccebae184624,0,1725.0,0
a47f5528378a,1,25300.0,0
55e10d610bef,0,350.0,0
550f4c6d8ab4,0,3975.0,2
1cf879dcbd9b,0,1800.0,2
4cd2134b8f00,0,2175.0,1
20226abbf07d,0,4200.0,2
edfe50434cb4,0,7100.0,3
92223a99ec99,0,550.0,2
c6f4958c757c,0,5450.0,2
1e53d9cebf52,0,4275.0,2
2f0f2d3b91e5,0,900.0,0
352a22661092,0,2400.0,0
cf8a4412ffe7,0,1125.0,1
f12c8cc6288f,0,11900.0,1
bab94ecccb0e,0,3775.0,0
664a4a421f1f,0,1200.0,3
d9df336232db,0,100.0,1
e7223b678359,1,3625.0,3
0305776a2bcd,0,350.0,1
b47c577aaf84,1,1850.0,0
f6bdc25c5dbc,0,13875.0,2
f1fcdefc011e,1,5775.0,1
361efae09b53,1,20775.0,2
b3c245b6b110,0,1650.0,1
b3590d9803e6,1,1200.0,0
51953b976a0a,0,1125.0,3
959e442e14a8,0,14425.0,2
5d6f9a3af6bb,1,1500.0,1
cfa8f8e59cff,0,8225.0,2
3aab808c4196,0,28100.0,3
d2ac135b5a9a,0,1700.0,0
3ae598cc653d,1,10025.0,2
553a439c5b19,0,25350.0,2
246028289684,1,7075.0,3
39de32e1669b,1,2300.0,1
d49635302fc9,0,4225.0,1
dc962eb4dffd,0,9000.0,3
5b0391079a45,0,10550.0,2
f0004686cef1,0,1250.0,1
9b8b52b68149,0,6275.0,2
854a5ae8da54,1,900.0,1
0d4f6dcb72a6,1,42775.0,2
bfb920ca25af,0,8100.0,3
c7e5f41addea,1,13500.0,1
1b9ba0090150,0,9675.0,3
9c773b7de252,1,5100.0,1
93ca39db9157,0,5450.0,2
1c9e9adad945,1,39550.0,2
9dbc7530738c,1,22575.0,2
00f768e6fcf4,0,6775.0,3
f583b7e0bc53,0,2600.0,0
c09376ca7bca,0,6100.0,2
ce3df6ce669e,0,32025.0,3
4823848c9fac,0,13850.0,1
90ec30125dad,0,300.0,0
c04370c5b37a,1,3550.0,1
c6a485a0d132,0,6000.0,1
686c55b6d03d,0,3300.0,3
b4eb0159d384,1,1100.0,0
5b182cf37f55,0,100.0,1
286bb3cdcf66,0,100.0,1
157a97425962,1,1425.0,1
be6fb2aefeb4,1,1300.0,0
9be0f1705fdb,1,2350.0,1
5c519ff18dc7,1,7700.0,2
47a0de32f702,0,24150.0,3
81abd191ae53,0,1400.0,0
76aa258ec9ed,1,15800.0,2
081d07cca238,1,1800.0,0
68602f8f107c,1,26050.0,2
2bf6f44e000a,1,17650.0,3
0f85b3ade856,0,3150.0,0
9f0592519fa9,1,4675.0,2
71ae5945aeab,0,100.0,0
c84a3c6c47ff,1,1675.0,0
06702289bf8f,0,4375.0,2
4a84946a9f31,0,350.0,1
9127e7951172,1,8575.0,3
96c0f874337a,1,1975.0,2
4785e6d04836,0,1900.0,0
0064aaab1aaa,0,2800.0,0
4d577f52d756,0,1300.0,2
ab7eb38470c9,0,1250.0,1
72084b0810d6,0,14600.0,2
ed5524eaba80,1,1500.0,1
baacd1b1a7f9,0,10725.0,3
352fed47586a,0,4450.0,3
8a62727829fe,0,1100.0,0
5b1bcc47ed3f,0,34200.0,2
7004df54ec8e,0,4400.0,2
40613073c8d6,1,1900.0,0
bbb5cf81e0a3,0,4300.0,0
c5d856a994dc,1,3300.0,2
c051c84fa497,1,4150.0,2
2e3f81c91732,1,7400.0,3
08fcff751403,0,4000.0,0
04fc63325c5c,1,4150.0,1
1c6193b18db4,1,650.0,1
aea3db3a9116,0,5075.0,1
9247a3664f21,0,10250.0,2
524e011999d2,1,1700.0,0
3940f565dd15,0,4650.0,2
76ffe1d1e043,0,1950.0,1
f4eee081a169,0,150.0,1
3d9a566e9182,1,4750.0,1
f85c566dbe9e,0,2150.0,0
b85541e04d97,1,4375.0,3
5bf376702b75,0,7925.0,3
aefadf1f4f80,0,2400.0,0
1306e929d3ca,0,3500.0,3
217ffc8677ef,1,1000.0,2
312ca3e795fb,1,1425.0,1
fbada3a51b8b,0,700.0,2
0b6d1da9f3a7,0,24600.0,2
c8c84585364f,0,4675.0,2
7be505d9632d,1,11025.0,0
4157f605a253,0,500.0,0
dd48b87708f4,0,3250.0,3
c536ea61322c,0,6700.0,2
fac952286d45,1,4300.0,1
e7e7eb8ba12d,0,200.0,0
2fe0866318e6,1,5425.0,3
3233f3c4ec46,0,9850.0,1
5f544429bab4,0,950.0,2
c188a2facac6,1,400.0,1
019ab422964f,0,2300.0,3
8ae6414d21ae,1,1750.0,1
4509e869ff91,0,300.0,0
a2528491dc0c,1,2900.0,3
019a1ebdfbd2,0,13475.0,1
7533ecb99e0d,1,9050.0,3
f3da5e9b25ee,1,5050.0,0
8f7e0776df90,1,1675.0,1
90cd795347ff,1,1625.0,2
0bf769227acc,1,1200.0,0
53b96b54d3fb,0,9450.0,3
aa4f5000c1d0,1,7650.0,2
238ce3000814,0,33100.0,3
77a5e1b293a1,0,1625.0,1
de85e91afdcb,0,23800.0,3
e6e28a8b86ad,0,8350.0,2
becbb42976d6,0,6975.0,3
926004ad6d96,1,5100.0,3
6089f11caab1,0,2350.0,1
a131c9d0129b,0,10900.0,2
adefa8299524,0,5050.0,3
6fe43a7080bb,0,5025.0,2
571d9c13ad18,1,2400.0,2
2bd0ff81686a,0,7425.0,1
bc5f29083f29,0,1200.0,0
b0ecfb7189c3,1,16900.0,3
684c118e9b64,0,2550.0,3
84ea282bc733,0,3950.0,0
53e8b617690f,1,32425.0,3
e29d53ddba10,0,3100.0,0
49aa49fdedc1,0,5300.0,1
31b42c55f427,1,1250.0,0
299ef6df5441,1,1800.0,0
b6bcc980dfa5,0,2900.0,0
6ad9e3c256ec,0,4600.0,1
06a0f59b49c6,0,3600.0,0
b0028c969a55,1,1100.0,0
6c38c9cafd46,0,13825.0,3
406b2ee6075a,0,2500.0,0
44d99228f599,0,11700.0,3
d1f02a0a50f6,0,24650.0,1
ee9f86696ee7,0,8200.0,1
e5e51510f827,1,7900.0,2
fd4096c3724c,1,4625.0,2
28c4164b17b2,0,100.0,0
63a4ba97d982,1,8250.0,0
dc4edc8b3d9e,0,3325.0,0
33c35ed6b5ee,0,1725.0,2
160c66ed738d,1,5700.0,2
9b7097c92693,0,23625.0,3
d9f4ff93707c,1,11475.0,1
2442a23a4496,1,1425.0,2
887b146087b3,0,15500.0,1
36cafbb6c650,0,3325.0,2
d026db199f1a,0,8050.0,2
8079c7ccd74a,1,1950.0,0
5243ab3c40f0,0,1650.0,3
2b13d0555397,1,13050.0,2
7991e4b273e4,0,12500.0,2
60850e0ba8fd,1,2600.0,0
10e289f624a0,1,6075.0,1
04f48823f305,1,11900.0,2
d3869d7c2cda,1,1100.0,0
2f8b66d7e527,0,2250.0,0
81386564301b,1,16500.0,2
49f2d7f08517,1,16725.0,2
caef553616f5,0,31200.0,3
80f7317c22d7,0,19100.0,2
f35164aa5de4,1,4425.0,3
6b57789db671,0,7000.0,0
b7eb7c6cc233,1,3700.0,3
ed250403b9a8,0,4575.0,2
61d193f71c2e,0,1475.0,1
7ef33b1603b3,0,9600.0,1
b93bbd84df99,0,3400.0,2
ddfa316d197c,0,2200.0,1
a306d3ad872d,0,100.0,0
39fd7b33b7a4,0,10425.0,3
0fefb7dd726e,1,2200.0,0
4cfafb538011,1,1200.0,1
239c35df986b,0,575.0,1
e6e62218aad9,1,11300.0,2
0e6f72c1575d,0,17100.0,3
4e8025508c63,1,14250.0,2
b2e61f677ba0,0,2100.0,1
443065f08539,0,7825.0,2
c81225dd61c9,0,6675.0,1
256ea0bd22cf,0,11200.0,3
e950da3b2e81,0,29525.0,3
64d5bf5bf6a2,0,3750.0,2
63b7288843c5,0,17850.0,3
f2b1607eb218,0,6200.0,1
39dd4ec5efbe,1,2600.0,0
4637bddcae87,1,26600.0,1
135f75d39e1a,0,3050.0,3
c34fc53983b1,0,15450.0,2
0c84c7ba4a5d,1,13525.0,3
434a09c4ec96,1,3775.0,1
8c191fd34e30,1,1900.0,1
2b7801f8fe2e,0,1650.0,1
596d15e657dc,1,18700.0,3
cd828e1278a5,0,3700.0,0
a6fe6448b1e2,0,1000.0,1
140e1e9a60ff,1,9275.0,2
80371e9ceacd,1,1625.0,1
a2a2db5654ae,0,3625.0,0
89cb5ea6a3d7,0,10475.0,3
41cdd5298467,1,20775.0,2
272f0870d55c,1,26500.0,3
ff65830aa210,0,4600.0,1
ab39fdfe4974,1,1100.0,0
28bb7a90dddc,0,950.0,1
1bfa073c9c1c,1,7925.0,2
9e044e2384fb,0,18850.0,3
aaa89f6bb51e,0,15025.0,3
06936b453419,0,1575.0,0
eab8a3a3bc00,0,475.0,1
494dce9e4938,1,28675.0,1
0ab78dd8df58,0,350.0,0
c229e30a53de,1,14625.0,2
b23e6a179716,0,1000.0,2
0cb5ebb58e2b,0,7725.0,3
e3039052ead5,1,2325.0,2
eab767523e00,1,2900.0,1
c2c0267f812f,1,13425.0,2
a0f3887660a8,1,4450.0,2
b8cc3369ec14,0,10150.0,3
8c5c1adc0333,1,6150.0,2
efbd05009bc8,0,9850.0,3
81569b523587,0,100.0,0
d726c36417e0,0,2900.0,3
9b4516275ec2,0,9700.0,2
0458b2e5ba55,0,1900.0,3
c54b80cdda0b,1,2575.0,0
4980800ae055,1,5125.0,2
467af3959af4,0,1700.0,0
4f4ea9392e4e,0,11350.0,3
0b4db82bdc9f,1,4250.0,3
10b132c45158,1,9125.0,3
5cbd599f5f45,0,1725.0,2
4de5fae1bfb6,0,2050.0,0
d8da87cec917,0,3775.0,0
e86aca2875e1,0,1100.0,0
37c09581d18c,1,4675.0,1
f4c1e4a9e397,0,4575.0,3
315387d2eb21,1,34650.0,3
056644650963,0,12875.0,3
33e64947d734,0,74850.0,3
1a1424d2c3d3,0,2950.0,2
503865c1f008,1,30850.0,2
0c37ff1f7f7c,1,300.0,1
d703e79d6d9a,0,33250.0,3
89c84c01e428,0,6350.0,1
a82ad632e176,0,4625.0,2
77bd0e0dc34d,0,8025.0,3
9a64113d3f48,1,6000.0,2
250b8ca61c17,1,2650.0,1
c0b9d10a1dd3,0,1025.0,0
7d67bc04a2e3,0,1100.0,0
75d25cc6d778,0,50.0,0
aba7c40bfa17,0,700.0,0
707594a417b0,1,46350.0,2
d9dea73ce58a,0,3000.0,1
2e5ce81c0a0d,1,2500.0,2
59b22c7a5fe0,1,1100.0,0
d606613a622f,0,975.0,0
89878d67732a,1,10250.0,2
9e853a971f79,0,3525.0,2
8c9420704d65,1,9175.0,3
bc584d1adcc5,0,10200.0,0
451b6475bc10,1,13700.0,0
4802c4624e26,0,350.0,3
76e319aa400f,0,3725.0,0
827bd1e3927e,0,8550.0,1
2f5dba00daa5,0,2600.0,1
7278f73be564,0,100.0,0
3fac6755c3bb,0,14425.0,3
19134b5c5872,1,45525.0,3
6ef90faf3ee1,0,1750.0,1
693cc2656c18,1,24775.0,2
5fc6603f10a0,1,19850.0,1
b792f3175517,0,650.0,3
71c61e1cc8e7,0,2150.0,1
942210f018c0,1,21375.0,2
5a73c0c6427f,1,575.0,0
f69a9a1e06c3,0,750.0,2
451f54352717,0,10775.0,3
5bb63d31af9e,0,1275.0,1
321bfc2795b1,0,1300.0,1
4f69dbeb062c,1,14150.0,3
010b5c20a69f,0,5800.0,3
8ac99b9cd18b,0,5950.0,2
ccf19ee568d8,0,1575.0,3
dd7443a12343,0,2700.0,1
ee5cd104c3bb,0,200.0,0
aab4160e6c74,1,3100.0,0
d8331def6386,1,15850.0,3
878afd4f5975,0,20575.0,3
d77ebe18df9d,1,2025.0,0
2d3a957af0d2,0,8000.0,3
d1d87dc1fb6b,1,25500.0,1
9b786570af6c,1,2500.0,0
bb12119fbf0c,1,17100.0,2
db97ef41a34d,1,1300.0,0
03c58b652cc9,0,6450.0,2
ff7e641eea62,0,6625.0,3
7b23b7ed3605,0,1900.0,0
66177db1fecc,1,5925.0,2
405942cd78d5,0,12300.0,3
007099bd123d,1,32950.0,2
ed15ab6df859,0,1925.0,1
e13d1208fe92,0,6150.0,1
41c75e69e5d7,0,1125.0,0
7ec66bf376a4,0,3800.0,1
7cb82e95bead,1,1800.0,2
55a6fbc10902,0,12425.0,3
6cf191dbea77,1,2000.0,0
45bf2878988c,0,3175.0,3
1eb78a3162bd,0,2350.0,1
f6ef001dd4dd,0,100.0,0
49368dda77c8,0,11950.0,1
af7624c38c16,1,2750.0,1
0098fa845b86,0,1800.0,0
796ee14c58ed,0,5000.0,3
cb26918f8104,0,2850.0,3
3fa8eabf2203,0,4150.0,2
2a08bbf71847,0,3750.0,3
624e72733659,0,5700.0,1
bd1625a6fb7d,1,2800.0,3
f44334aaf8f6,1,1700.0,0
64f251d26e22,0,3975.0,0
648dfcda0e4c,0,700.0,0
f657980fa2de,1,800.0,0
1d32ea130abb,0,125.0,0
6df431b636dd,1,1100.0,0
94563e044766,1,2600.0,2
0918cbb8bc19,0,800.0,1
88ac050a8aec,0,4575.0,1
2cccb247f9ec,0,1025.0,2
592a17e0e2b2,1,41175.0,3
8382dd710c67,0,11025.0,3
392cb5ec7b9c,0,2600.0,1
bb2e8f720a22,1,29050.0,3
95e4dd12b732,0,4950.0,3
5387705b1a07,1,6200.0,3
adbedfe020de,1,6050.0,3
8a4575c35e47,0,6225.0,2
f2f4a4020879,1,2775.0,1
b92935b1cfcc,1,2675.0,2
6d5b232011c2,1,700.0,2
30c906157cd4,0,8675.0,0
9d3f101492e4,0,14300.0,3
a6e57ce91895,1,2300.0,0
57bff1de9563,0,41650.0,2
a967cc56326b,0,150.0,1
d62cf745dc1c,1,6875.0,2
ea5993bc2f10,0,250.0,0
4e108e8cda2a,1,14875.0,3
bd06c83e523b,1,1400.0,1
c4c12ac56ec4,0,28475.0,1
baabc819ec0a,0,4325.0,3
8569a17ee730,1,10250.0,3
ad2446d065c6,1,1300.0,0
013bf7e90778,0,550.0,3
10632397b6df,0,1550.0,2
f983f860d42b,0,11800.0,1
41aa1791e23f,0,2550.0,3
83910a6423e7,1,27325.0,3
ab66c4a9911a,0,9300.0,2
b0400f0c2074,0,2950.0,1
8be8d3f672e8,0,2475.0,2
48f241eb4aa0,1,22400.0,2
c458e22c6db6,0,11825.0,1
b851af1646a5,1,8250.0,1
91397042023b,0,1900.0,2
c6c9c369b1f5,1,1775.0,0
e91d42b13bac,0,5500.0,1
8c30d04efc94,1,20100.0,1
30324a3669c7,1,1950.0,0
b7a7d01b37ba,0,750.0,2
bbef8389a26d,0,4200.0,1
369ee0a57158,1,31800.0,3
7a0746945f8c,1,7400.0,2
d144be9fba42,0,200.0,0
73f71fe14aab,0,13550.0,3
de844e6dfef6,0,53175.0,3
71474a2e5956,1,5225.0,3
cfa63e3ee082,0,1350.0,3
f245346d4b28,1,36675.0,2
a20faa1dc8f9,1,5275.0,3
ac19a2674a5a,0,2850.0,0
fccff919202b,0,900.0,2
8eac78f673ea,0,325.0,3
30652a1e8076,0,100.0,0
43b61046d231,1,2625.0,2
5fa79ec16c12,1,10500.0,1
f03438258167,1,10400.0,2
b318c6af75b0,0,4825.0,2
85462d162ba1,1,14325.0,3
bac6db522366,0,50.0,0
824cd2ebb647,1,9525.0,1
3235e3c4ed07,1,2600.0,2
e365c3627b9c,0,925.0,3
a3aa2227aa25,1,7625.0,2
00b45b700746,0,8300.0,2
bc62dec974c8,0,8300.0,1
53898a41812a,0,5000.0,3
6e91786db151,1,3925.0,3
9c53817d4143,0,4000.0,2
acf52344dabf,0,4900.0,2
ad75f6d6069b,0,6325.0,3
920b37466f94,0,44500.0,2
73ef88c791b9,1,2450.0,0
e33a9f70a602,1,1150.0,1
f3f99acfd5e2,1,3275.0,2
d32be4182e77,0,1600.0,1
37d39c84247e,0,4525.0,0
1246a8ef3c80,0,15750.0,2
11cfc6370a5f,0,2600.0,1
6f7b928e61a5,1,600.0,1
b7d5febb810b,1,2325.0,2
8af933145cd7,0,21150.0,3
42fe794edbec,0,6250.0,2
6ac25d36d134,1,3950.0,3
1b3326195bd3,0,2175.0,1
254fa7fda5ba,0,2450.0,2
c0888dcb1c7d,0,6100.0,3
dfcd8d42ab9e,1,13675.0,3
7d704e892b65,0,1700.0,2
820bfb678284,1,8050.0,2
50d6aa93721c,0,4350.0,0
8c36e739496c,1,1100.0,0
a81c791de51b,0,7675.0,0
627c1a2a9dbc,1,2400.0,1
1aa65c266eb1,0,5275.0,2
3b2f20f8f92e,0,1975.0,0
28b5c25faa79,1,3025.0,0
ac5f19dcb28f,0,2600.0,0
c88868b623a3,0,10175.0,0
4a5592cef7f8,0,1600.0,3
19f896486b26,1,9300.0,3
cf34ed8503f8,0,2175.0,0
2145564b161a,0,9350.0,3
2f034729bcbb,0,20850.0,3
1a23935c08f0,1,13150.0,2
5f9a917e0e54,0,4475.0,1
938fb7ff789e,0,28000.0,3
b9b997954958,1,1175.0,1
19de6de76688,0,10400.0,1
522f13562714,0,3200.0,0
93cafab17350,0,2950.0,1
f35b276d67c5,1,2075.0,0
7a0cfb560840,0,1225.0,0
893efb4ac556,1,2700.0,1
299b10daf1e1,0,5225.0,3
6a68f2957323,1,26850.0,3
49e2d302ee73,1,100.0,0
0d07c5af6d2e,0,2900.0,2
e7b64030d4bc,0,2875.0,1
49d91547fc8c,1,11050.0,2
c1dff8d62d73,0,2150.0,3
58a507113a63,0,3925.0,0
5e1470bcd3b3,1,4850.0,1
f330df0dc3b5,0,125.0,0
4c2bb8bbe0b3,0,3150.0,2
778d31ac29fb,1,2475.0,2
a0cda68069c0,0,8800.0,1
fe9ab63634b4,1,1425.0,2
9c123acd43b8,0,6550.0,2
1941443df236,1,2100.0,1
d8755d8af9c1,0,300.0,1
8057c5d1614f,0,875.0,2
b181ef279a9a,0,875.0,0
105d5985903f,0,18000.0,3
d246341b2993,1,1800.0,0
24a1e452e5fe,0,4450.0,3
835e5cf399b4,1,21375.0,3
276944a10a94,1,25200.0,1
8ec5e5bbbcf5,1,2075.0,0
388ec9ed61a2,0,475.0,2
ae0ca48b34da,1,1300.0,0
59e5bd7f50a4,0,975.0,2
88f9be37222d,1,21325.0,2
c5ceb92ad083,0,600.0,1
34c161edefd5,0,1000.0,2
8566261ce447,1,1200.0,0
09baf07e9156,1,7975.0,2
f69cc57fd522,0,57725.0,2
42cf9c945ac4,0,6175.0,2
6efd800e7eb7,0,5800.0,2
3e7f10671b1c,1,8400.0,3
77cb9b0a94f4,0,4125.0,1
9317ba3ee1b8,0,8050.0,3
c47ca3d19263,1,4475.0,0
91ec97441405,0,3050.0,0
54a4e51768db,0,1225.0,1
552d424c5c9c,0,3375.0,2
f56f7353d37a,0,2200.0,1
0bfc5f79ffa1,1,2800.0,0
5ad0e44df508,0,1025.0,3
e4379aca3df9,0,3325.0,3
a58ec126a333,0,41800.0,3
f0fae730ded8,0,1350.0,2
81959ece5bef,1,950.0,1
e963a0a98443,0,3375.0,1
6010abce2141,0,2650.0,1
79c959274341,0,2475.0,1
e90bd654eeca,0,2600.0,0
f5f4f12d77c5,1,40650.0,3
6dd40b9b71eb,0,2125.0,1
b7c9f61f362d,0,2150.0,3
711323d2b8b3,0,550.0,0
c79df0adaabf,0,3450.0,1
cfe5739eb42a,0,31950.0,2
2177fb17d759,0,1700.0,1
fbfa3021a66e,0,2750.0,3
c3c1f32efd14,0,1025.0,0
5b48ec5d0076,1,9675.0,3
87929c55f326,1,6675.0,0
ac412be16e8b,0,4800.0,2
7d594604b897,0,4400.0,2
14065ba204a6,1,1600.0,1
905c8ac2d204,0,4900.0,0
3d1558380fcf,0,50.0,0
05353344f82b,0,11500.0,3
7f0aa93660d8,1,17800.0,2
6b258b1093ce,0,4725.0,0
0bdac78af58a,1,4850.0,2
513e377742cc,0,16000.0,3
2fb3b84ee2bc,0,1800.0,1
d694f2e285a3,0,3500.0,0
acac9f51d5c2,0,2100.0,1
5e3280114232,1,6600.0,2
f544f9879a2d,0,100.0,0
ec43dcf8d844,0,8475.0,1
f5ff1569ba0b,1,15100.0,3
67a9d849bec9,0,17450.0,3
eb8d381510f8,0,7125.0,3
01afca53f11d,0,7050.0,3
96607c5d3bf1,0,1400.0,1
a6accdaef7a5,0,15525.0,3
3aff2c005774,0,750.0,0
4b23175dbc52,0,625.0,1
0ffdfada8fa7,0,3375.0,0
d4f361174e6e,0,1825.0,2
c5a6bd944f57,0,1125.0,2
408d433e91af,0,4900.0,1
2a18d48bfe02,0,37000.0,3
f0e7c2030d6f,0,11900.0,2
390fe3d016af,0,32625.0,2
676a669717f7,0,900.0,0
53969eb2ed52,1,800.0,0
51c012706808,0,200.0,0
7cda015fbf1d,0,200.0,1
34a0e3ce1f6e,0,600.0,3
9291f85866ec,1,1975.0,1
50986de7ed88,0,3775.0,1
dfa057f005bc,1,1400.0,0
1b50d1e545bd,0,1800.0,0
a09ffa169e73,0,2225.0,0
2ff7861fd24d,1,2675.0,2
2fdd851f01d6,0,4450.0,2
aa3d21fb3387,0,650.0,0
050dcb813853,1,1100.0,0
238fd573e0c0,0,350.0,1
5d6d7ce3259c,1,12225.0,3
9cb90de36c34,0,1300.0,0
68473550b383,1,9400.0,1
63c8b0682801,1,5275.0,2
e3729572c0dc,0,24525.0,3
f06e3ac1d502,0,1650.0,3
8459a540be82,0,32675.0,3
475d4cfe3838,1,7050.0,0
a1950a3b649b,1,6025.0,2
518431d176d2,0,775.0,3
51fb76d70017,0,18875.0,0
9e8b2116b7be,0,24350.0,2
11270596bc99,1,8450.0,3
b25f267f2fcf,0,1900.0,0
edcf46c0eed5,1,16300.0,2
a6a888ef9363,0,4775.0,2
b6c8cc1a8965,0,19675.0,2
f87d5397476c,0,400.0,2
57978109f5f4,0,3675.0,1
717b53d35a9e,1,500.0,1
cbfcae70a611,1,2600.0,1
a522e71a27fb,1,1525.0,3
0b15fc8f53cc,0,0.0,1
4f13b9fd50f0,0,5700.0,0
1e583042bcbb,0,3700.0,1
397581217497,1,1000.0,0
9a19ab8ed419,1,5600.0,1
ede4214b4c81,1,1400.0,1
c34b6477f165,0,425.0,0
ed1980929a7b,1,1200.0,0
ce2f74d755f9,1,4050.0,2
f35755349536,0,275.0,0
422953b3bbf7,1,2375.0,0
50881e596f52,1,9700.0,0
2f359ccf5db1,1,100.0,0
e922e0242ea2,0,3300.0,1
edf991ee7565,0,4950.0,2
4418edbeeff2,1,6975.0,1
3a832fa862c0,0,5125.0,2
3657b613530e,0,6750.0,3
a5e03bca7be9,1,5250.0,2
4da8f74bcf1f,1,5600.0,2
68f62a5dd26f,0,50.0,2
64c2337bbcab,1,1250.0,0
33472f2f7ff5,1,4725.0,1
2b02f8fe85cb,0,3025.0,1
35f19ee86774,0,2850.0,0
4e6a92259720,1,2400.0,2
c5dd1bcf4256,1,14175.0,3
67a49cfa33dc,1,13100.0,1
966e07c798ff,1,8525.0,2
05d6b3e24cd7,0,36600.0,3
c32a6d8ba2c5,0,4800.0,0
5961b3e254f6,1,7650.0,2
a623bffe930f,1,9000.0,1
4c148d00bb3f,1,5925.0,1
7f11bb7cfd19,0,9850.0,2
49a037d95dbc,0,4725.0,2
85c2f707f953,0,1700.0,3
35c1135f5731,1,1600.0,0
9ad5b4aa943a,1,10900.0,3
c140ecc396a6,1,4100.0,3
65093be42dcc,0,14375.0,3
25a1bf1c3620,0,1450.0,1
433281f1b540,0,500.0,0
a6549452a37f,1,1100.0,0
2571448eb682,0,3250.0,3
9b9fe8a68fae,0,19800.0,3
075bd06de003,1,1075.0,0
d88c277265d0,1,3175.0,1
e3056603f4e3,1,1300.0,0
fedcfe57c949,1,23475.0,2
0e958891b86f,0,9375.0,0
c282e323544c,0,9225.0,1
2316c63e26a5,1,1300.0,0
c04457ee837d,0,26000.0,2
ed0d0965af6a,0,450.0,0
08b48f89e703,1,59775.0,3
7294be2ca58a,0,4250.0,1
d3f07a78fc5a,1,16400.0,3
bedb722db33e,0,3925.0,2
d13e2472c89b,0,3900.0,0
f15b60cfc4a5,0,675.0,0
9d574237df9e,0,250.0,0
73c6096cc841,1,6825.0,3
395be4bbd224,0,750.0,2
c732ec4f38ab,0,2900.0,3
3ad99f597744,1,3850.0,2
971fb6c29265,0,300.0,1
286aa1ef3cf3,1,6550.0,2
d0b3b9f441fb,0,1000.0,0
de59274ba449,1,18025.0,1
71b067f896d8,1,1200.0,0
06ed7bcb3831,1,2100.0,2
c2247446f5d2,0,2125.0,1
3467a7702cde,0,10500.0,1
a21f7e9b3ddf,0,12925.0,2
336181151c2d,0,2500.0,1
21b218b831aa,0,1400.0,2
74fd4fe735bb,0,3500.0,2
3ca411c37fa1,0,4900.0,2
81ff875a552f,1,1200.0,0
a49bea6fad98,0,2075.0,0
96e7a63b7482,0,4250.0,1
80efb5d6af80,0,4575.0,2
db132d19ea43,1,16975.0,0
96b2c3840cb6,0,8300.0,3
29e8458f9d50,1,4825.0,2
ecffa9de2546,0,16025.0,2
36bc4ef0de59,0,2550.0,1
e81d7dc059f7,0,21175.0,2
3b194c50d9a2,0,1450.0,2
751fea680cf8,1,1975.0,0
39ee43673cf8,1,3325.0,0
671dbc162bf6,0,2600.0,0
186bc36a124d,0,1050.0,1
7d86056da415,1,16850.0,2
b3d9de2aa386,1,7725.0,1
6aa0ab1f40db,0,600.0,1
da4835ac732a,0,5075.0,3
33c44ddb3cf9,0,600.0,1
b9a4ca610797,0,625.0,2
953bb21cb70e,0,2325.0,0
0778d824c929,0,3175.0,2
b59763fbffc2,0,850.0,1
f64b92a83622,0,45975.0,3
13ff80ef550f,1,1800.0,0
6a7765a1376d,0,6825.0,1
6ab4ca76e84c,0,4450.0,3
38cc6c92e969,0,2650.0,3
34645c4c0c57,0,1050.0,2
228d86d1feed,0,7750.0,3
407c2b155308,0,18850.0,3
c2b8ab8ddb63,1,1100.0,0
d7943f3d9c34,1,2325.0,2
0ee13cf1a796,0,5650.0,3
bc75880fc22c,1,3200.0,0
ea167b010131,0,5050.0,0
2562c7366b8c,1,10425.0,2
286aeacd095c,1,5300.0,1
7b5385253585,1,5050.0,1
a12e82fd02c0,1,2100.0,0
df311880e175,0,7925.0,3
e22882149a70,1,13000.0,2
b10bc7c65216,0,1200.0,1
50fadf473003,0,50.0,0
ee6e6edcb026,0,1425.0,0
7b3edfa47162,0,1350.0,1
7a283dc80e34,0,17600.0,1
70d430dd9b11,0,3450.0,1
84b3582c4e94,0,11675.0,2
007a977f2eda,0,3475.0,1
d29b4df2c5c6,1,5175.0,2
ae3ee9a86096,0,400.0,0
c72329dda737,1,200.0,1
ee4c3a64843c,1,28000.0,3
089d66e38bf3,1,2200.0,0
277e057c9de0,0,8700.0,1
1601709066f7,1,4800.0,2
3cad89e9d5ac,1,16200.0,3
5fa739bbccf2,0,1600.0,2
7e5d6c815d56,0,3525.0,3
883feeb49f51,1,10175.0,3
b6d83e70de00,1,1275.0,1
d8d5129dfe42,0,200.0,1
be6f0c61af3b,0,5375.0,3
f4df2a97395c,0,1275.0,2
d5a20b95b293,0,450.0,2
1dcdb133edea,1,17550.0,1
2033581f2763,0,8000.0,1
e5812e080805,1,1375.0,1
c82fe67ffece,0,1425.0,0
e901541088d8,0,4350.0,2
aed215b95da8,1,8075.0,2
2f38ce8ac524,0,10525.0,3
b06a49b789c9,0,500.0,0
9b4d183b270e,0,1800.0,0
4748c757b573,0,18900.0,3
f6e967ee54ec,1,9850.0,2
70fdde7e9bb9,0,1650.0,3
0d4b3f7986b1,0,2900.0,0
6dfc916339af,0,4800.0,2
4bca3b731fda,0,11200.0,2
6c2a1c1141c7,0,850.0,0
4b0295c5893a,1,1300.0,0
708f9201d1a5,0,3100.0,2
7b863354f2f5,0,3275.0,1
c530bdefc24b,0,975.0,0
ce1c2adaa0ee,0,800.0,0
9ad24cd76d16,1,6075.0,2
fc9019ff0b5b,0,875.0,1
5d6d53c99da2,1,17700.0,1
fe1ea1c8ca90,0,1350.0,0
3156421fc3ad,1,7775.0,3
0d1d5513ff5f,0,325.0,1
213c875fa8e1,0,100.0,0
52891f90883a,0,1100.0,0
080ed54e619a,0,11650.0,3
f7e56842c048,0,57800.0,3
18998b00c55d,0,300.0,0
80a49e1b9504,1,8200.0,2
831ae1a8940c,0,0.0,0
be094984e8ec,0,3575.0,2
be102af017eb,1,5325.0,0
e387fc76fb78,0,400.0,1
43d66705a43e,0,3150.0,2
3d01cb90a926,0,27350.0,3
b6bfbef05ce7,0,26150.0,2
1cb482cd071a,0,950.0,2
c8e0fd0ec1d0,0,11000.0,2
c66cb8b8f0a7,0,7800.0,2
39e7d80791ea,0,1825.0,1
2fe20b9913c5,0,2025.0,3
d01c46c46dbe,1,1325.0,0
ef5473a21944,1,4150.0,2
5ec7ce8ece9f,0,9150.0,0
dff4b87bdb24,0,700.0,1
6237f334c733,0,2350.0,0
7f465e13f759,1,3475.0,2
f12e491a7418,1,2600.0,1
23c60cfc35c3,0,1500.0,0
988960cde7ee,1,1650.0,0
7976b3284391,0,12100.0,3
ff628df5199b,1,11375.0,1
0e00a137e3c5,0,4325.0,3
7fe3b9a7d58f,1,4375.0,2
b49a90111e2d,0,2250.0,0
7a02a8c35660,0,900.0,1
ac8c4f0a39bb,0,44150.0,3
7ec6aaf35764,0,20950.0,1
c88af4c4c520,0,27300.0,3
6949b94981b4,1,8275.0,2
3e1614c0cc2c,1,1600.0,1
d0858e562628,0,2900.0,1
86a544f9821a,0,4950.0,1
b7621a883f56,0,7300.0,3
979fb6b710b4,1,10125.0,2
0ea93cd2168a,0,4875.0,1
abb66e7cdd14,0,2325.0,1
cbe6fff2e3a6,1,7000.0,0
d4bbf2503d83,0,6175.0,2
e44a2eb510ec,1,29600.0,3
2c1616bf0422,1,13475.0,1
f02ae857818e,0,11325.0,3
3030b3ca908d,0,500.0,0
c7e78f08a159,1,13525.0,3
2efd4598615f,1,10225.0,3
9767b0b8e4ac,1,800.0,0
34beaef5c336,1,9100.0,1
39e31993bb4f,0,1000.0,0
57fb950e69ff,1,1325.0,0
c26c54e64f0e,0,925.0,0
595a7a16508f,1,9900.0,2
64fb94b92fc2,1,7000.0,2
4f1c1c1ab889,0,375.0,1
b3c825fbf62c,0,7875.0,2
422868e7603c,0,2775.0,1
0b8590ce4b8d,0,24725.0,3
10e292dcc425,0,2275.0,0
631c8a7adb21,1,4500.0,2
0b4cbc7e03b1,1,1425.0,1
6a9f4a790089,0,28600.0,3
0681d78288fd,1,15875.0,2
cd731ae74db3,0,200.0,0
6002cf32c111,0,3800.0,1
fa3dfd3f7332,1,1700.0,0
b560c5ffffa2,0,10000.0,2
24ec76e0a9f8,1,8900.0,1
fd706e46019c,0,9750.0,2
164b44eb2407,1,1975.0,0
3ffc7d497c9e,1,41275.0,3
a64e29bccc30,0,3450.0,3
81d225334bf4,0,8750.0,2
8c1a1c1ea6b4,1,2150.0,3
0fe51c869edc,0,3050.0,0
4bfa31fba602,0,4650.0,1
db1f987ffc35,0,1800.0,2
a9b6076d7aff,0,1675.0,2
8cce4f3b3bbb,0,250.0,0
6ce1dba19ea5,1,5950.0,3
f0ec11f591c6,0,225.0,1
37dd96727054,0,4200.0,1
cd6f5478b280,1,2800.0,3
73f1b7b82f7e,1,18350.0,3
61192be3ddcb,1,9925.0,2
640f3008b9cd,0,16875.0,3
226a6ad2b9e2,1,22225.0,3
f155a2a7773c,0,7875.0,0
0e75d2602f3f,1,3850.0,2
977de24741da,0,900.0,0
8cee07b502fd,0,6550.0,2
ed22eda26004,0,250.0,0
53e58af9f1c2,1,900.0,1
1baabda4b61b,0,375.0,1
e620bd566e7b,1,5500.0,3
aedf07bfdccc,1,13825.0,1
1b88eee71b12,0,3300.0,0
d5f5714c1774,0,12450.0,3
c38e16337b48,0,1100.0,3
8af75e131a74,0,10000.0,3
fab74f3cf12e,0,3300.0,1
f93bcadc61a6,1,900.0,1
1861443976b4,0,1425.0,2
2793396680ae,0,4000.0,3
41740ad4fc14,0,6200.0,1
1c224c8fe78a,1,8450.0,2
764d79bc694c,1,3325.0,0
11529d4d0b31,1,1575.0,1
2a927425686c,0,2000.0,1
201b334b56b2,1,18250.0,3
50e29097f312,0,1000.0,1
360c55663eea,0,4875.0,2
b9f601f0b688,0,5850.0,2
15179b31536b,0,30275.0,3
307b8585aaf2,1,9000.0,2
8189c463e752,0,5625.0,3
b556626d23fb,1,25625.0,2
ab8bc989c4c4,1,7225.0,3
9f35206687c3,1,13725.0,2
f48cbd300135,1,8675.0,2
77df334efbb5,1,6675.0,2
9515f07db5be,0,2375.0,1
d2348613ef5b,0,1100.0,0
ad2f204368e2,0,3700.0,0
7d3413e1c8a1,0,700.0,0
f44996bd8608,0,34400.0,1
c7da8489295f,1,9900.0,2
ca9af8b25e3f,1,1100.0,0
97dc0da77ad6,1,4375.0,2
3db5672dd2b8,0,7850.0,3
4462f1388af4,1,5100.0,3
946d06676573,0,4600.0,3
e06a967e4924,0,800.0,1
818f4b21ed77,0,10325.0,2
9b5c994217d6,1,5400.0,3
61f5f8c9b90f,0,27450.0,1
71e0f06a69d1,1,850.0,2
f97d646a1981,0,350.0,0
db08a8c3cd76,1,5800.0,2
876b18bb21aa,1,6475.0,2
afe21dc50451,0,8925.0,2
fab566d44abc,0,3350.0,1
b74c5cddfa80,0,350.0,2
cda8687b4c27,0,650.0,0
2bb0060ea6f3,0,11200.0,2
ac237bd566b5,0,500.0,1
8af98a55dd8d,1,7700.0,2
21bf3c990e99,1,1200.0,1
e4b70d12ddcb,1,10000.0,2
63d4fd1cbbc3,1,16125.0,2
de3267060efc,0,10225.0,3
6dc5c2f8a357,0,7200.0,1
ec592c7e882a,0,350.0,1
a7edab67d793,0,200.0,1
1ade88d61230,1,1925.0,0
aedaa106997b,0,1925.0,1
cc8bbbd2c49d,0,10300.0,2
5cba78abb561,0,44000.0,3
764d935b02ec,0,1750.0,1
9db1ea3a4d3a,0,21750.0,2
5e35f208114b,0,7300.0,0
24dd8572003b,1,2025.0,0
e89b58736be3,1,2650.0,2
9d23bc39533e,0,1575.0,0
1d95424d53a7,0,2025.0,0
90f780f994bb,1,25250.0,3
ae8474ab6c63,0,0.0,2
c7bd3b0a3c25,0,6050.0,2
283934aeba33,0,5000.0,3
a123ab85a12c,1,14100.0,2
c4107566312e,0,200.0,0
9cd8704bfcc2,0,12975.0,2
500c9ed5644a,0,19450.0,1
7f139d1129fe,0,8525.0,3
2d15ed1f1579,0,3250.0,1
60dc0bd1616c,0,3500.0,3
bfb4fad49934,0,9250.0,3
a6733f6a28c3,0,6300.0,1
5f3b9ca30f1e,1,14550.0,1
46a26a063614,0,3100.0,0
dd44f71ab437,1,7250.0,3
9ebf7ce3adee,0,3275.0,1
d9434d899714,0,3125.0,2
c9e03a750a33,0,1000.0,0
7981c6484c44,0,20075.0,3
fa280295b166,0,5475.0,2
b5f105f2d09d,0,3750.0,1
6d7aff1a8f17,1,8100.0,3
d1ef7f7ab904,0,975.0,0
96fb170495cd,0,7725.0,2
593f3bb9dd9d,0,1400.0,3
d0789f24ce73,0,7600.0,1
224f9fd6210e,0,1900.0,0
bf2616669a4d,1,8300.0,0
b62dc874111f,0,1700.0,2
592613a3e460,1,5400.0,0
50f9683a577d,0,1225.0,1
f198c8bc1d87,0,725.0,3
59d4858d01e0,0,23650.0,1
53e58e375d00,0,1100.0,0
db0260d23790,0,2650.0,1
645a8075bd31,0,5300.0,3
122f30212f7b,1,1825.0,3
e10a1704b314,1,6775.0,3
0184d3fdb611,1,2700.0,2
af26c61d5842,0,1725.0,2
a5ce385013bb,0,20275.0,2
4312c7f26552,1,10550.0,3
fe90ca21bdc2,1,3150.0,1
2cf771bd9287,1,6875.0,1
247a043d8aee,1,8200.0,3
322caa5dc0ab,0,8000.0,1
dc75050f51c4,0,13225.0,1
93a34f9ef057,0,625.0,0
f66016721f25,0,750.0,0
126f17d7504d,1,600.0,0
7078dba040da,0,9650.0,3
c81f4053f6ac,1,3300.0,0
ed5f9a8bb66d,0,16100.0,3
1d63c81dc261,1,10800.0,3
b30d682b9f55,0,17525.0,3
e914e7690c2d,1,8475.0,1
115c0df4d749,1,4200.0,3
77f5bad76268,0,6000.0,0
2f271b86f0ea,0,4800.0,1
a83ed3070364,1,4400.0,3
5e58519f78cd,1,16825.0,3
e92aa0c4519d,0,11150.0,0
a1941b7448e8,1,7175.0,0
61e7a71d62e9,1,3350.0,0
89d699756f25,0,5475.0,2
2f5f64fbd3c8,0,2700.0,3
708310c77cdf,0,5125.0,3
1bdbe4b43c2e,0,950.0,0
00d75f73e6b0,0,0.0,0
8e82ef42eadc,1,1300.0,0
a59ba54233bc,0,17825.0,3
a69786008cae,1,800.0,0
4b661d8b8345,1,1600.0,0
1188717e153b,1,5300.0,3
00b6545334f3,0,2350.0,1
043c2b429066,0,100.0,0
bdfa1871c338,0,18075.0,3
a03dd12bd5df,1,4825.0,3
02bebd3e9645,0,1700.0,2
c1ac356cbed9,0,3425.0,2
419b994d7230,1,8750.0,3
61af98f8b7a7,1,1275.0,1
56a1cddbc089,0,5650.0,1
d9a4c16c8bea,1,3525.0,3
d3dc0c61b304,0,8225.0,1
48c991804fb6,0,1200.0,3
79717715e56b,0,300.0,0
2f3b918706ae,1,1550.0,0
8bf2832430a9,0,6425.0,3
8520879547ad,1,3500.0,3
8eb9946187be,0,400.0,2
ddae112b45be,0,8575.0,3
7e8776ca938a,1,13600.0,2
74fbf43719f4,1,12875.0,3
3dd17a490340,1,9400.0,1
28b6e4b32b7b,0,20750.0,3
747059d2709f,1,6500.0,3
07cd4b76e597,1,15925.0,0
454c6267130c,0,30675.0,3
23da51a0a049,0,16600.0,2
d24f95930375,0,275.0,0
caf6048568b4,0,7700.0,3
80c7e0b89765,1,7200.0,2
5d4eeda37f10,0,1725.0,2
ea2661c51795,1,6525.0,0
ebb42f8f4bd9,0,3175.0,2
0b77295caa51,1,9300.0,3
44414b4c7ad2,1,17200.0,3
c0ed67d80b4d,0,26275.0,3
aa1314c6e6c8,0,6825.0,3
adfb66920312,1,7050.0,2
d3a59b589e26,1,6350.0,2
809a202f7f8a,1,5250.0,1
91d88acd9de2,0,3300.0,0
117eb6aff1a6,1,3775.0,3
17b5ad8a2dd9,1,8800.0,2
9cfdd29b1c34,1,1100.0,0
2466df88be9a,0,8900.0,1
29771d25e919,0,3450.0,3
879f733029d8,1,16225.0,3
b613ca03d998,0,1025.0,2
52955c250db6,0,525.0,0
8afd57317e8a,1,16800.0,3
48e16b80abac,0,28825.0,1
9b087d86aed6,1,300.0,0
6ba02965cb2b,1,27825.0,2
3ca6b7c6eb4e,0,11250.0,2
805984d0b73f,0,550.0,1
17407abf3406,0,1050.0,1
8db2881bb969,0,10700.0,3
4c9a3fcb4bf8,1,700.0,2
20abc34651b9,1,1700.0,1
32c9734cdd7e,1,1300.0,0
074978dc4821,0,1150.0,0
ae28770b9740,1,3150.0,3
a90a703fbd5d,0,3300.0,1
08150d68adca,0,3850.0,1
520b8a3cc980,1,13225.0,1
ad83e50ab3ff,1,1425.0,2
074a6dff0305,1,20800.0,3
35a431b52225,0,2300.0,3
d3e2399c6940,0,2700.0,1
e005ed815904,0,3550.0,1
ac1ec70a4033,0,19900.0,3
d8a409950e84,0,24675.0,2
cb3438f30759,1,2125.0,1
bca2408f6a9c,1,1300.0,3
d8657c02d5ae,0,100.0,3
ed6e648c4572,1,5700.0,2
c9bcc424784b,1,2300.0,2
92fcc1812461,1,5350.0,2
c4505602ea83,1,1100.0,0
05aec33cad67,0,2100.0,2
efad3f1ce47e,1,1200.0,3
68d22daef0c9,0,3500.0,3
12ae356ee41b,0,6400.0,1
957c12ef5451,1,6775.0,1
48481bafd0d2,0,3000.0,1
2268b8db34a2,0,2400.0,1
1ae5306f3d30,1,6100.0,1
7417c756243c,0,325.0,1
a311e47a114a,0,4900.0,3
619c73545bd5,0,2300.0,0
1c9ba244ac1d,0,6600.0,3
7cf146dd0e2d,1,14450.0,3
3384c975a094,0,17950.0,2
a42db9bd29d7,0,2500.0,0
8b2f5cee0b8f,0,550.0,2
6fdc368ed388,1,11375.0,3
af31a219d188,1,2550.0,0
838480ae2fdd,0,825.0,0
d40ea91a809a,0,4500.0,1
0c76e467b11e,1,1700.0,3
de72957ac5e3,0,750.0,0
77a66031c947,0,2650.0,2
423452c7dfb6,1,10725.0,1
5655c422aab0,0,5550.0,1
237d43336e05,1,8825.0,3
0e7a5389a6d5,0,10400.0,3
8486ba34b11a,0,3050.0,3
8c1d4264a41c,0,18100.0,3
1a5f2e9d0d3f,0,6950.0,3
d9913a88dcd7,0,13375.0,3
99417c58fa44,0,6400.0,0
8271390143b6,0,6400.0,2
a74a7a434583,1,17100.0,2
9d9242b9ee4c,1,875.0,2
5b2d07a018c3,0,8025.0,1
ab08309e8a81,0,18750.0,2
afcc5a96b5c6,1,31075.0,3
e4120a93dd9b,0,800.0,0
eed6ba7d63b0,0,6975.0,2
8d6f20c9aff5,0,9050.0,3
5da794f62c83,0,0.0,0
ff853a57e4f5,1,6650.0,1
11f6be85afc6,0,7175.0,1
ad6260f88a2f,1,21275.0,3
3a76f73319a1,0,0.0,2
16d3af3eaa96,0,3175.0,2
195b414eac96,0,2375.0,0
afaf20423718,1,300.0,2
bb118fa4a011,0,5600.0,0
11588b71d384,0,500.0,1
0d96387562bf,0,575.0,2
58bd22ec0e36,0,1875.0,2
7d2bfb17546a,0,4300.0,1
bfe84240dbf7,1,9375.0,2
a609beb6fc64,1,3450.0,2
7d6c689556b5,0,1425.0,2
53af20b5d388,0,3700.0,0
d577e982722a,0,3200.0,0
f423d3bec1b9,0,1625.0,2
a9c13a7a1425,0,1025.0,2
67aaee0325d2,0,325.0,0
ab943ee2cad1,0,1150.0,3
d1befeb4f802,0,3650.0,1
b3aaccbba9ef,0,2900.0,3
01751fd595ac,1,12225.0,3
09e78193dfb1,1,10325.0,2
da04b33853ad,1,7475.0,0
9a50e9490b1a,1,8300.0,3
6e917ae6c8de,1,1500.0,0
66bdb187f75b,1,8025.0,2
a958d89893bc,0,8450.0,0
765f12013d67,0,5125.0,3
6b8ffe972e33,0,1825.0,0
3ec9f57361b1,1,2400.0,2
5d8021a76197,1,5225.0,1
1d5919b3aa38,1,14225.0,1
e9b268781fda,1,5800.0,1
ae62ce402c6f,0,1925.0,0
9b73e23883d6,1,12600.0,3
b4a0a83e3353,0,1500.0,1
4bee96f92b24,1,7275.0,3
d0bdde7dab1f,0,8425.0,3
f7a8412bf750,1,7450.0,2
09171f3ae41e,0,1800.0,0
405b4b309ef7,0,3050.0,2
0e795bc20564,0,49575.0,3
6d80e7eda6ab,1,6575.0,2
bb825eaf289e,0,1100.0,3
7faa3dfc7cbb,0,7225.0,2
d075dc7ef3b0,0,3100.0,3
b2a58566077e,0,3400.0,2
c4e0d66fffc8,0,11475.0,3
c208c8267246,0,600.0,0
af7c0d7da26d,0,4650.0,1
7feee59c9bd3,0,22425.0,3
c60a9c9d9efd,1,6350.0,0
f4993619dfb3,0,3900.0,0
94041eefb74b,1,5750.0,2
9dc251702299,0,3250.0,0
2d76d160c681,0,1975.0,1
b2a3bed99fe5,1,9400.0,3
e170ce503623,1,500.0,0
7fc685cd8910,0,7975.0,0
ee1f6b614ff0,0,100.0,0
27a9465db531,0,3000.0,1
141bff3fd342,1,2625.0,1
125e232c961d,1,9750.0,3
ad3b45a8a49c,0,3750.0,2
3be197bae5ec,0,900.0,0
f8f03d3d7b13,1,2700.0,3
9ae71c68d947,1,2300.0,1
8dc5ae195b27,0,500.0,1
b1b57d652027,0,3475.0,1
e540e5973f77,0,7050.0,3
0b314b244cce,1,13375.0,2
c6eb6f813db4,0,3800.0,1
335381b17642,1,11850.0,3
629b35d49401,1,10275.0,2
bead5f524ba2,0,100.0,1
89c9d4d8965c,0,10275.0,3
b9dd199588aa,0,7800.0,1
760afcac70c9,0,10850.0,3
9e15f2403212,1,6325.0,2
cd88af78e295,1,900.0,1
b16fe7e29fb7,1,4100.0,3
7db23bef323a,1,4375.0,1
453c00f41f3c,0,4550.0,1
15e21c9cde5d,1,51500.0,3
70f76efd1837,1,3125.0,1
13cbe55ee32b,0,1050.0,0
e655bc144216,0,21275.0,2
d2534b504945,0,750.0,0
ce692a69488a,1,4700.0,0
eb0ab54e77f1,1,15050.0,3
85d16b8d178c,0,1650.0,0
9b03db4153ba,0,1000.0,1
a259f014881a,0,2475.0,0
5897b87cdba1,1,2700.0,2
dd0e30bd4952,1,5725.0,2
c4946040c5f7,1,5800.0,1
aa52118f193e,0,1250.0,1
65769bd745aa,1,24475.0,2
f9dfb4b05946,0,200.0,1
d8b19566cd19,0,7150.0,1
e92ebe7b085d,1,2500.0,3
0a82d1f40301,0,2975.0,3
af544ab0a0c6,0,1075.0,3
8ffbdb4c204b,0,21625.0,2
524b708ff855,0,950.0,2
b5b606616d4c,0,4775.0,2
85443df3e05e,1,13900.0,3
c7513f65e80a,0,1250.0,1
a4b4133036d9,0,10000.0,2
4a9f0e5eac32,1,200.0,0
64f4f5b9fdc6,0,1200.0,2
cee2fbe5e9d5,0,4925.0,2
bf7bcea50cd3,1,2525.0,1
cc08e2bbad5e,0,4575.0,3
08967f70406d,0,5375.0,1
e3215a6222a3,0,875.0,1
ff1503164758,0,5450.0,3
152466e7d1cc,1,10325.0,3
f1265c9b30a6,1,3100.0,0
1409030a0179,1,4650.0,2
57483636fe0b,0,2650.0,3
9c11eb133e7d,0,13550.0,3
112db7b77b8c,0,1700.0,3
08f8c6fe193d,0,1625.0,1
ada1ccccbfe9,1,21000.0,0
8d24cecd2e78,0,2125.0,0
029e0debb518,0,350.0,0
50ad35ef774c,0,1750.0,0
d2101b9030e7,1,900.0,1
cc6d2664bc14,0,27000.0,3
a8c49de0efd8,1,10875.0,1
7f0559c49198,1,59475.0,3
3a25aa123d06,0,900.0,0
5a407ebbd234,0,3050.0,3
a23470eab38b,1,19100.0,3
914a2f655cb8,0,2575.0,2
d22a56978f81,0,8850.0,3
97e468131594,0,750.0,2
0ffc21f10401,0,3200.0,3
560fa32adc19,0,150.0,0
b0c4f9878492,1,9800.0,2
22e57c3fa161,0,12200.0,0
1f92b54303be,0,4325.0,3
7b385684cc0d,1,1200.0,1
677653f81a59,0,2775.0,3
5f7902ae1d42,0,125.0,0
d0b8b0e855b5,0,550.0,0
e9351e196a47,0,23975.0,3
a8e9a6307cd6,0,43850.0,2
12f41d82eb53,0,1850.0,3
55e9abbcd704,1,16600.0,2
0b5fa0939473,0,11650.0,1
c6691e5c5a15,0,3750.0,2
3a90e32cd61c,1,1925.0,0
a4aa73cb84b2,0,7475.0,3
a537580461c2,0,8700.0,3
2270d645c823,1,7250.0,2
b415b93cef90,0,2000.0,1
40559ac54047,0,11700.0,2
be1e23921419,1,29100.0,3
bff2d114141d,0,2925.0,0
53689c7dd911,0,2850.0,1
5a1cf5ad5572,1,10550.0,2
a60a8fa1fffe,1,2500.0,0
750b97353922,0,400.0,2
483dd5388d98,0,300.0,0
7704f3ac4a79,0,3050.0,3
3d22dbd110e7,0,18200.0,3
3733a04d9c54,0,300.0,1
0c34177e2ed0,1,10075.0,2
45ff42ef88ef,0,2000.0,2
c2974e431e17,0,11925.0,2
656565a763e8,0,2500.0,2
4a24a1f21cad,1,1400.0,1
dea366a66804,0,1050.0,1
fe48e845aeda,0,1125.0,3
9f031cc38e6f,0,6775.0,2
53accb204336,0,12325.0,3
1604a9f75033,1,18825.0,0
a6fb89541bc5,0,18725.0,3
484eaab8b14d,1,6175.0,2
bafbc2b07100,1,9550.0,3
7f936ddccf0d,1,3550.0,0
c889866e46d3,0,53750.0,3
8cbc2933a817,0,3200.0,3
8e4014293c1f,0,425.0,0
2a2f9eff6d9b,1,1400.0,1
7a3103adac33,0,4800.0,2
79781a07861b,0,2200.0,2
d6aa1794b27f,0,8100.0,2
2a9f6e70d6d0,0,3150.0,2
482f359ac0ab,0,3250.0,3
e0c1674cdf96,0,1350.0,0
88847c380420,0,14500.0,2
e98899f678da,0,825.0,1
bf7819564211,1,5125.0,2
8b2e5bab7964,0,4125.0,3
827ad759bbe2,1,14150.0,3
a409e7d61eba,1,26625.0,2
dd76d4fca10b,1,9650.0,1
d2f24269377d,1,5050.0,2
13ec9a840b79,0,9600.0,3
888d575d3c7d,1,5150.0,1
17104a4ae163,0,3600.0,1
6a6e8d06ddbd,1,2050.0,2
dd1021862891,0,7700.0,2
dcd3fa3799e1,0,28350.0,3
7caba103379c,0,3650.0,3
819c1a18ca9b,0,4100.0,3
3092918448a2,1,100.0,2
75bbf158cbb4,1,15750.0,3
fecbe412fe33,0,500.0,0
b0e39aafa48e,1,8650.0,1
4acd0804b552,0,11650.0,2
2c59fae9c661,1,23175.0,2
55c5b490e3cc,1,1450.0,3
6078b10b4258,0,2825.0,0
3c24e72b9e64,0,14200.0,2
e8863a3643b3,1,9275.0,1
d04897b7660c,1,42275.0,3
20223ebd28b8,1,4200.0,3
da181606b809,0,1700.0,0
36ac0c1697d4,0,1850.0,0
436da3361bb1,0,2400.0,1
0600eaa3fcc9,1,3350.0,0
5211000fef4f,1,10700.0,1
599f9009502a,1,3175.0,2
c0d631a650c1,0,1125.0,1
793a478e4f64,1,20475.0,2
c8e6f8c8b101,0,5100.0,3
6ee4761baa81,0,14475.0,2
c01d7d1c5e03,1,7250.0,2
3c506ffb5e7c,0,3450.0,0
76a89605b20c,1,18550.0,3
335e56d79a83,1,650.0,0
c82639dd97be,1,4650.0,2
cfff21803e3c,1,2225.0,2
3deeb913e4cd,0,12100.0,3
89c606eaf8da,1,3575.0,3
ce07ac645033,0,3900.0,1
ec040362b923,1,3050.0,1
05933ea6c328,0,14850.0,2
6a0be384e06d,0,3575.0,1
056f694bcfbd,0,5425.0,2
af8cdb4cf690,0,350.0,0
2f087768b719,1,7925.0,2
5ab7b1d2339d,0,250.0,0
71f4a7ee9ead,1,19550.0,2
0e56e8d849e4,0,500.0,0
4b2e7e57cdd7,0,100.0,1
d7fbcb60cde8,1,10500.0,1
6aa1ca51d42a,0,6450.0,3
d6f1fbb83438,0,6150.0,3
a67e975924b0,0,10650.0,3
4c06d3be22bc,1,4900.0,2
e13ba4859461,0,27450.0,3
1dfb730d1b4f,0,2000.0,0
8978a86529ee,0,2525.0,3
693ada05e038,0,11825.0,3
ad7e8ea6ad11,0,3100.0,0
33b56dbc2437,1,7550.0,3
74bfa6b6a115,1,20325.0,3
15e611a9c0d5,0,3100.0,3
0aeb114dabd0,1,1275.0,0
d5acd3929a92,0,2800.0,0
a1f70c00a1c9,1,5025.0,1
ccce0e50b50e,0,450.0,3
57a9d16b5f0a,0,34100.0,2
65ae2813c57d,0,14175.0,3
44724fa64d11,1,2225.0,0
4293976da048,0,33650.0,3
2322ad03b582,1,2450.0,0
73e0431147ef,1,550.0,1
21c0d2afae9d,0,4525.0,1
131095d62626,0,15300.0,2
df089261f9d5,1,4800.0,3
8ba2a6f80aa4,0,5500.0,2
ac0f69b06526,0,11900.0,1
e0528567d4a0,0,5250.0,3
769917df2ae0,0,4200.0,1
620137f7febb,0,2275.0,0
66160d6d3074,0,7350.0,3
b731e45c564f,0,1250.0,1
e98e6edd692c,1,10700.0,3
a0544f6ad919,0,425.0,0
c2939455e2bf,1,19050.0,3
b0bbd8e5d060,0,250.0,1
a96e820a2187,0,2000.0,0
899fbfb7b85d,1,8350.0,2
b35e6033e8f5,0,13125.0,2
7a5c110687d3,0,2400.0,0
608ae3bf22a8,1,2250.0,0
b5fb0f215e7a,0,2875.0,1
dd06d700af5c,0,125.0,1
ef75af9ca26c,0,3875.0,1
675118dab27a,1,8875.0,3
8e22a4e95b53,0,11675.0,3
ba9d58e6ac7b,0,6100.0,1
822df55a8603,1,41900.0,3
4ebefb552b0d,0,2700.0,0
7f7bbeb56b88,0,29100.0,2
6ed1e0fc4e78,0,2700.0,2
c0b272f6cd42,1,2350.0,1
6746662615cd,1,5725.0,1
668214e729cd,0,7250.0,2
64b8d962041c,0,3550.0,1
8df744f725fd,0,4250.0,0
60a3e8576984,0,1900.0,3
9252740856ed,0,1375.0,1
fa9068f6a0b7,0,4350.0,0
639b1d7e8733,1,10500.0,1
733c08724895,0,22050.0,3
905bddc641b3,1,2275.0,0
d848b6a2288e,0,14400.0,3
cae74e615f04,0,3275.0,2
7edd3ff7df7f,1,5825.0,3
f02f07921448,0,3900.0,2
576d4038bf33,0,2250.0,1
af81aeb98b4c,0,0.0,0
8d9f0d6beae3,0,2175.0,2
06249d288f5f,1,9825.0,2
14f4eb2b9e18,0,8375.0,2
885cfd243590,0,1625.0,0
97c3755fc732,0,100.0,0
55ca89136dbc,0,450.0,0
4073ea9eb18b,0,19700.0,1
810f40a49f30,0,5550.0,2
590fe8564184,0,12550.0,2
54dc2b194dd6,0,1550.0,2
ddea26c55314,0,10850.0,3
c04025b0fb4e,0,6175.0,1
b2311b90b03b,1,5525.0,1
381ce694a459,0,12175.0,3
00bde9ab989c,0,350.0,0
bcf7a51d953f,1,23700.0,1
8bd06db7e89d,1,3750.0,3
0343516eced4,0,17075.0,3
b163176f818d,0,3050.0,1
e926a6995369,0,3325.0,1
0db99e3ddc91,0,6675.0,3
d25eeea8c3bf,0,400.0,0
014e1859e125,0,6050.0,2
fb281ef460bb,1,1125.0,2
e9530403ee8c,0,3450.0,0
e2cc71ea46fc,0,7275.0,3
60e8e1d6a48a,0,275.0,3
af2b50bb7c5a,0,750.0,2
e34a31f522db,0,575.0,1
77d546e6e8ee,1,3975.0,3
f086fb3c5d24,0,375.0,0
f947a882d4f2,0,3300.0,3
1b2c1392fa5d,0,36900.0,2
5c6ff293489b,0,3100.0,0
4cef66e60b85,0,3300.0,1
52ff59df0cff,1,1375.0,0
6c59436e80ac,1,8675.0,2
5061818620e8,1,7400.0,0
a8be3ad9b3da,0,3075.0,3
deddf3a9c042,0,8625.0,2
c3530638a096,0,25025.0,3
30c5980a1d56,1,6300.0,3
d3a4625e576c,1,2500.0,2
e6c613c9e3a5,1,17525.0,3
60276fa39384,0,700.0,0
31c6915b347d,0,7950.0,2
24b287cdae6f,0,300.0,0
73eb957b617b,1,4700.0,2
4a72643e24d8,0,17475.0,3
9d5dfc7abe1e,0,11675.0,3
239687e37bfe,0,10300.0,1
2d79e9ecb433,0,19800.0,3
224d505badad,1,1650.0,1
1e02cdc08dc0,0,700.0,0
ab61e52872aa,1,8100.0,1
d00f72929538,1,25250.0,3
72d334a8d253,1,13300.0,1
3a0fd3a5dc60,0,5025.0,3
d5e01c3e0f47,1,800.0,2
f6a09406c1d7,0,1275.0,1
0cf1ea5e6b95,0,25200.0,3
3feee5e9ff50,0,7525.0,3
07fcb1a65367,0,1150.0,2
b82f0af4e965,1,2725.0,0
62b0482bde75,0,600.0,0
b651d14dd169,0,2500.0,0
df7109dbe322,0,3250.0,1
626ffd6c305e,0,6075.0,1
549fd59d5b29,1,37575.0,1
c88593c4b6d0,0,7225.0,2
79b20b951498,0,11200.0,1
42448b115751,0,2950.0,1
23d468b027df,1,21825.0,2
163495b6f81c,1,19100.0,3
d2b410efc19c,1,1125.0,0
105d213f1c95,1,4125.0,1
c176ef6babcd,1,11100.0,3
0d6fe46fd49f,0,5275.0,3
af3d0d0b0a2c,0,150.0,0
c96be88a28bf,1,17800.0,2
76817466c859,1,8150.0,2
7f18735fb118,0,1450.0,0
d80a2747a5f9,1,1300.0,3
8aa26687fc50,1,1675.0,0
b3f43561bd69,0,100.0,0
e253fa121f6d,0,16025.0,2
e3fe66f5793f,0,10550.0,3
73ed64471e0f,0,100.0,1
8d9f8d29a90d,1,14325.0,2
c3e5ce9417e1,0,7900.0,1
18a4c8d8b9a2,1,2400.0,3
e62d4d261fc5,1,4425.0,1
45776cdfc480,0,3900.0,2
f28a84c93c2d,1,10075.0,3
f8c34bd116ac,0,21425.0,3
ad2bf67b21f3,0,725.0,3
c7e6a1c0bba6,0,11150.0,3
064aa7576663,0,6525.0,2
502669375468,1,1950.0,0
4fa0b064f580,1,5700.0,0
a531d458fc1f,1,29750.0,3
3666b5f0c457,0,1600.0,2
36b3ce5de538,0,9900.0,3
a0c8c48e4307,0,27650.0,3
444a2d1844bf,0,5125.0,3
4d3775446843,0,2175.0,0
740e602f67a8,0,475.0,0
ebbe5d37f957,0,6550.0,3
932bd54e44e2,0,2475.0,1
81b2df3539c1,0,3300.0,0
b8cd921ecf81,0,2125.0,1
a2d05eb247e6,0,7700.0,0
dc4817647bc0,0,1400.0,1
18ce0d3c4afd,0,100.0,0
9af398247f53,0,4400.0,2
17ba4c40073f,0,800.0,0
73b27f5b99d2,0,11625.0,3
dab4ceab7191,1,13550.0,1
c35b7e0f1b5e,0,450.0,1
d09cd969e38a,0,12700.0,1
acfd672b388c,0,3400.0,2
7951ee55d56b,1,13975.0,3
2357acc48790,1,15425.0,2
4aca6d486678,1,5300.0,3
1d52914d8b33,0,3050.0,2
9cfbd43cafee,1,6925.0,1
1c344662801c,0,14400.0,2
bda628d87501,0,3750.0,2
63bb08d8800b,1,16500.0,3
c4534a7a1c1f,1,2775.0,2
ad20cb8afd2d,0,3325.0,0
da84dea623d7,0,12450.0,1
b1307d2f98a4,1,1325.0,0
6c25dd22e5be,1,20200.0,2
0b5cd70c8527,0,4100.0,3
eba6a2c29b20,0,5800.0,3
a17184ac769d,0,2800.0,0
094900897f8e,0,50.0,0
f61eadf33488,0,2825.0,1
0114454bd0fc,0,5950.0,3
c444130d9930,0,850.0,0
cd351c4b3835,0,600.0,2
d8522f7a2be9,0,5900.0,1
a5833d0115a7,0,4175.0,3
d53954526f5d,0,8650.0,3
a0cbc35b4745,1,21600.0,3
15f0afcbfb97,1,6400.0,3
f699e69964c9,0,2575.0,2
0f53ee26bdd6,0,2025.0,2
6d092e75aa29,1,3575.0,0
1801994e9dba,1,15600.0,3
0dc5c8c72011,0,6650.0,1
2d2dbb4c625b,0,16150.0,3
88296471acc5,0,400.0,0
4eb919f0081e,0,2300.0,3
cd39db30bafd,0,0.0,0
0d1364a9fe84,0,2700.0,0
4b541428eabe,0,450.0,0
849cf84d8342,0,500.0,2
466cdf1cc8c8,0,200.0,1
3c1068f4d1ff,1,27150.0,1
ae90bde7b910,1,6275.0,3
7dc3c6bfc7d9,0,1100.0,0
bb98192dadaa,0,325.0,2
a95c82243b03,0,6850.0,1
cb6c27cfb6a1,0,6275.0,0
798d22018f7b,1,1400.0,1
4d2e9dd51e48,0,5150.0,1
3b9198dfdde2,0,4750.0,3
b3cdd08d28af,0,15800.0,1
518cdfb688b1,1,16225.0,3
1104d223f747,0,5950.0,3
aa36cab666ee,0,6300.0,1
77c1105b8250,1,6525.0,3
70da7cc7f09f,1,15300.0,3
8c9ef95ed7ec,0,6775.0,3
52c23c7d05bb,1,21075.0,3
0ca50714511a,0,3050.0,1
e906c6df5b9b,1,11275.0,3
abc8aad9d198,0,7750.0,0
6ef1a03b8a3b,0,2250.0,0
888314a9918d,0,2625.0,0
16451be26f83,0,725.0,1
d3c05da30f1c,1,675.0,0
dbc680a808bb,0,10200.0,1
2ee2c2e2a2fc,0,8700.0,1
f0790d427d0f,0,2975.0,0
abc527ab500c,1,10525.0,1
c221d73b8dff,0,500.0,0
549f893ab076,1,3550.0,2
76b611e2e5e9,0,5675.0,2
a33fd8bc566d,0,16425.0,2
11b82ef9a9b7,0,7825.0,3
27820f1b7655,0,1200.0,0
4596272bc0fd,0,19550.0,3
a2ecbbbf2206,1,9625.0,0
6c24ac3a205c,0,9400.0,2
ab9337e3d928,1,3400.0,1
7b42ae292146,1,1700.0,0
c2bb62d15539,0,1675.0,1
d4d79e0ddecf,0,11950.0,1
8c28579ee26c,0,1850.0,1
be6846969b31,1,4175.0,2
8cc5cad72203,0,12050.0,2
5c4385fb303d,0,27025.0,2
9605513af0d4,1,47500.0,2
e287813181f1,0,625.0,1
70f4310a48d9,1,11350.0,2
ec55a11d1a32,0,400.0,0
d0fca3b048f2,0,650.0,2
862e3f00d306,0,2475.0,0
f7fa092d4b5b,1,1100.0,2
50db5e6a2763,0,22175.0,3
dfa29c2b6947,0,1000.0,1
cc9fefc092b4,0,14100.0,2
77f2e216f2f3,1,10850.0,2
02b9e7dd625a,0,1925.0,2
b80622ce030c,1,1525.0,0
6b93bdf7cd92,0,7675.0,3
4ab58f04190d,1,33300.0,1
f008201c0483,1,1300.0,0
a6dea56cde7c,0,4225.0,3
99ccb7119a10,1,18100.0,3
b6719ddc4b61,0,16800.0,2
6fc465d7d36a,0,3875.0,0
45ea10f1e835,0,4825.0,3
c7744995ee5c,0,3400.0,2
5d0b02c74475,1,7825.0,2
f835727d9dcd,0,5025.0,0
4001de9f0fe3,0,31925.0,3
803453d7e9aa,1,3325.0,0
9264cd6b4105,0,8900.0,3
34f438c0456b,1,3500.0,0
b18aadef7b09,1,11175.0,3
eb5d07ca58aa,0,10075.0,1
35a6eac0befc,1,26000.0,3
e67e7111ba1f,1,8200.0,2
0903daa72221,0,250.0,1
3d3896f02452,1,7100.0,3
c0da08f0b6f5,0,500.0,1
1b0700a2fc7b,1,1300.0,0
a37a814b82ff,0,10725.0,0
c2150e0b4e49,0,2600.0,1
7d8bbd9f7546,1,2250.0,0
6ab2a13f63d5,0,1950.0,0
952bc0bc28de,0,16925.0,3
e1599a40a5d6,1,2500.0,1
73332b17ca13,0,5000.0,0
5caeec3fe436,1,1250.0,2
896d9e712bae,0,6825.0,0
b84fdd0c54d0,0,13425.0,2
d8ebf9ec858d,0,3775.0,2
1044b58beb9c,1,5900.0,0
181258436761,1,5625.0,1
65a42e5b2c57,0,10800.0,2
3e121995c229,1,3050.0,1
b2c9e1cdf6a2,1,2175.0,1
e38dfaa3fc76,0,1475.0,0
7a4871313e7f,1,700.0,0
9eb8b1738601,0,4775.0,3
30baa2debede,1,2350.0,0
896a18886a36,0,250.0,1
b228910500f2,0,600.0,0
8252184b2063,0,22325.0,3
f93a70236bbe,0,9025.0,1
80d409d6a4bb,1,2450.0,1
3aafcc6077ba,0,10200.0,2
540d18ecefab,0,2100.0,0
dec3be81d45c,0,5100.0,2
4bd1334d5719,1,2075.0,3
8e591a38c5d2,0,12750.0,2
f80f4f35dc05,0,2175.0,2
aa9b1e1550e1,0,700.0,1
1eca58b3faa4,0,7800.0,1
32a2267ae556,0,0.0,0
dda755c9db09,1,1800.0,1
263df23d5c81,0,7800.0,3
498e4a056522,0,15175.0,2
73a24bed51e7,1,1100.0,0
6b9922c1e3fe,0,2325.0,2
3d72b8c2ffc5,0,3625.0,2
942965690bc8,0,5350.0,2
959cf87e2ee6,0,1200.0,1
ec7aa7973d3a,0,2025.0,0
47a0fd929d2a,0,6100.0,1
4484b76e999b,0,550.0,1
a04728dccc2b,0,3800.0,0
d043505414f1,1,2600.0,0
5cf671a3259a,0,1850.0,2
30cd0a61b0e2,0,975.0,1
0f16931dde21,0,1050.0,2
cfd9da24e0d8,0,3875.0,3
4e7c0a199537,0,5525.0,0
e8a533032d2e,0,300.0,0
9f60df870e22,0,750.0,3
1dc520c50c5f,1,3850.0,3
93492620f723,0,3725.0,3
b35b78990ef9,1,1150.0,2
f8c8c0f18be1,0,19400.0,3
8014136e648d,0,3700.0,1
80df2f6aff16,1,21625.0,2
f55fb13743fd,1,4050.0,1
7b41c3f483ec,0,800.0,1
976028f1ed7a,0,7050.0,3
ba9ab2867bcb,0,1450.0,1
e84b40786ee8,0,3200.0,3
21a3effb5601,1,950.0,0
fd9d5358f4a8,0,14550.0,3
06f89decfbf5,0,15400.0,2
85b61a8b42e3,0,43975.0,3
e3d978886e0d,0,15600.0,3
48ac85fcc47b,1,3725.0,0
d2b2a322732a,0,2500.0,0
de90bee6a588,0,12100.0,3
8b997ad8fb5d,0,13500.0,3
f4505984a7e7,0,1850.0,2
79af1d81b2a9,1,14075.0,3
079786d0c31b,0,12300.0,2
602a72092bfc,0,8825.0,2
6a290f62fb39,0,0.0,1
c63dd3b3f22c,0,1950.0,3
8bf86e21c1fd,1,1475.0,3
eda96d0f976d,1,1500.0,0
7b48cb5ad084,0,9525.0,2
25528d9b1458,0,2400.0,1
ed61edde8d6f,0,5600.0,2
7171e7db1cd2,1,4050.0,0
44fcc6283d47,1,16775.0,3
0fb22c7edc94,0,1625.0,0
4b576d4290c1,0,625.0,2
3f9ad0c8d39a,1,6425.0,1
ab0447bac68d,0,3025.0,0
4c127d1b697b,0,32950.0,3
dcf6cd269d58,1,2375.0,0
8dd06becbdb2,0,1100.0,0
018d124ee6de,1,7700.0,3
46f0109e3b8c,0,9700.0,3
952851856775,0,1850.0,1
1bb93c72a64c,0,3925.0,3
3dd04384f6f6,1,2850.0,0
fe252800022e,0,3425.0,0
62722f95fd78,0,4250.0,3
e65426fcf51f,0,750.0,1
939d7ab41e4d,0,28450.0,3
3d563bf321c4,0,1125.0,1
b20910e07bc9,1,3350.0,1
5dac5f940447,1,6900.0,1
85f3ac3b8663,1,13600.0,2
d7ae31046db0,0,1200.0,2
374398b818d5,0,25075.0,1
5e9cba0446ae,1,2300.0,0
893f339c1933,0,24050.0,3
5cbcc79b5727,0,800.0,1
0cec3dfc7a15,0,4075.0,1
c2aa47f348c5,1,9675.0,1
5330ee8fe03f,0,5100.0,1
5e6187c7669d,0,2400.0,2
9ff4df67466f,1,1700.0,1
e446fe40a7c5,1,20450.0,2
a63fc940aa2e,1,1300.0,0
d1e7f18fbb43,0,2925.0,0
26c2597e91b9,0,9975.0,3
9565c4e71586,1,2300.0,3
78d75b32adbb,1,1300.0,1
8dd37946654a,0,5700.0,3
de5a3c9f53d0,0,6800.0,1
d1794c71e415,1,2475.0,0
9e7867cdbe72,0,3700.0,3
b73bddc13032,1,14475.0,1
a73f63506b0b,0,2550.0,3
52bdf45d7bc7,0,100.0,2
025e9d6e43fe,1,14075.0,2
e1604fcfc63b,0,1250.0,0
04a205bd7761,1,8600.0,2
02b6b2fa5ab6,1,1025.0,0
d2e5f0005448,0,8100.0,3
1d044a0be31d,1,7050.0,2
a7905a8c241e,1,6675.0,2
7245cdbb5f5a,1,1400.0,3
cbebbe1da869,0,2275.0,1
9b68b032ea3f,0,2575.0,1
2631cfb8133c,1,2525.0,3
87df56e06ab1,1,8825.0,3
76415668261d,0,7700.0,2
08aa5478a15d,0,4975.0,0
980811adbd3a,0,3650.0,2
2d2d41e18fbf,1,100.0,1
47556d6e4b62,0,3400.0,3
82c6d20e13cb,0,13325.0,3
2c0dc3ca7421,0,2525.0,0
1e54a49ceed6,0,22200.0,0
3a47ffbe3f90,0,1825.0,0
87642650c46f,1,2400.0,0
03222cdd3eba,0,10600.0,3
8945c05800f0,0,1500.0,3
1c059c86bf48,1,850.0,0
20de7941921d,0,300.0,3
e8db772f754f,1,20825.0,2
a30c84a7f7f1,0,1200.0,1
06ee2f1d0539,1,1800.0,2
4e7972b4275a,0,14000.0,1
425b6142dedb,0,50.0,2
5ff1503a8254,0,1025.0,0
1ffd7453573c,0,7175.0,3
442a3819fec2,0,32525.0,3
0f5776d5dc2a,0,14425.0,2
8272ee8d137e,0,23700.0,3
47c0e04759e9,0,15025.0,1
ff627179ff45,0,2700.0,1
70cd7668b710,0,4775.0,3
a7f17bbafa22,1,2075.0,1
9a1a23801849,0,0.0,0
420ef4748e06,1,1100.0,0
24dda94e7179,1,22475.0,2
131c10aa1404,0,1925.0,1
9702185e64c7,1,9375.0,2
33ef9385c3f4,0,8900.0,2
0f4488a227d9,0,10000.0,2
4218383f2080,1,5000.0,3
431f1a40fd50,0,1950.0,2
6aeb4e101b03,1,1650.0,1
4f3c1fffefbc,0,7650.0,2
a76327db9e1a,0,20500.0,3
0d0b024e36c9,0,2150.0,1
e1461421298b,1,2025.0,1
726ab336e25e,1,2125.0,1
3e7af9be7ede,0,900.0,0
ee1d77ad21b5,0,11125.0,3
4bb55e550fcc,1,4150.0,2
ae8c64cf93ec,1,8100.0,3
8e4260e7de71,1,500.0,2
b1c13ceebef6,1,4300.0,2
4ea2f7bd4fef,1,2075.0,0
9db37433ecb6,0,18575.0,3
f098381f1559,0,23975.0,3
f94dfd842561,0,27050.0,3
63902bf7381f,0,2125.0,1
6a7ab744c4e5,0,1300.0,3
bf17ddac7684,0,1000.0,0
68f4672707f6,0,2350.0,3
203d6c22346d,0,5075.0,3
011a09f4e56c,1,14975.0,3
a6315ada4900,0,900.0,2
5b73a2ed39df,0,7750.0,2
dadbcb698605,1,2425.0,0
af5f9de224df,0,7250.0,3
373f52ec9137,0,950.0,2
3f60ca3f310d,0,7575.0,1
51a9d83da914,0,3075.0,2
1311b149f015,0,0.0,0
c04e4ec8e02a,0,3225.0,0
1c511d081cee,1,6400.0,0
5236ce49857f,0,950.0,0
536463386729,0,1900.0,2
78e0da94760f,0,14650.0,1
40d863d6b2f1,0,13650.0,3
9c66e06dd5f3,0,9450.0,0
5375858c865c,0,800.0,0
66563971d00c,1,1000.0,0
b1f7281d357d,1,29800.0,3
b7cee4197038,1,10650.0,1
86da9471026b,1,3700.0,3
3414d1381ed5,0,2475.0,0
66d7103010b2,0,2100.0,3
787e0ff1524d,0,150.0,0
2cae6a633a4e,0,2900.0,0
883d0d0f34ff,1,900.0,0
670f1e34d500,1,3500.0,2
bdf6ab841011,0,2425.0,2
04282bb24f50,0,4975.0,1
0e07ea7db925,0,5000.0,3
bc19d47083c6,1,10025.0,3
7a02ef0d48f9,0,2200.0,1
7847d8f870c5,0,12225.0,3
b7ea31019123,1,2750.0,0
89dfed67d4bb,0,13475.0,3
9af36af47438,0,4950.0,1
2e6e44284780,0,3000.0,0
88908b315c6d,0,25800.0,3
ad2e0fb04a05,1,4925.0,3
f3c21edaba57,1,1300.0,0
a8cbfc5b0b5b,0,26350.0,3
5953129fde10,0,4825.0,0
a48122b56cb4,0,1700.0,0
4b3482306c0e,0,6925.0,2
d05ba6b34478,0,8125.0,1
b1bc35fefbd7,0,1800.0,1
faaf801f72db,1,9775.0,2
ad1bc9085f6a,0,14750.0,1
2c88602a8ba9,1,6975.0,3
f851ccf415f1,0,6350.0,2
5b23dacb87bc,0,3975.0,0
613eae9c0590,0,4475.0,1
9554438786a5,0,1125.0,2
0a262a5dc89e,1,2000.0,0
bad24c97c7d0,0,12500.0,2
642607601002,0,3500.0,1
0f72c58b469e,0,16300.0,1
e6a0c650cfc6,1,8300.0,3
247a2325adf7,0,14075.0,3
291b597427a7,0,7475.0,2
729ac5598f6a,1,13600.0,1
d7578b709789,1,1500.0,0
da0b1d3183f5,1,4175.0,0
6a8916ab1814,1,10100.0,3
63905e64826e,1,14700.0,2
e8477fef91f9,1,1500.0,1
21d9ba58d558,0,4750.0,1
9a4d825290c2,0,2375.0,1
f19e430fbc67,0,4600.0,1
5dafd77c39db,0,8975.0,1
aaaf4eb12b01,0,28900.0,3
b4c523d8da79,1,18725.0,3
f987eeb5b96b,1,2825.0,0
341e6b605c1b,1,35250.0,2
95c5b1f7c37c,0,500.0,0
2d4af6b8146a,0,600.0,1
f33828f7a31b,1,8300.0,1
f0f229b02943,0,3225.0,1
a872793a29b1,1,2675.0,0
7e04778ca95d,1,12500.0,1
9734a6b59d36,0,600.0,1
1dff958c1145,0,1000.0,0
4ad1a08d7aa6,1,3700.0,2
7ae1d37af7de,0,1725.0,2
ef152802a28c,1,29050.0,2
9caefe6e83f2,0,4525.0,3
1217964cf4b5,1,7425.0,3
fd4bd7fb8190,0,3950.0,3
f7d644317cc4,0,200.0,0
2baf3122a18d,0,16875.0,3
76854f1c3db4,1,1600.0,0
92333ca2a9ff,0,900.0,0
5d7cf8915d2e,0,600.0,0
631d0ed1e8ef,0,6275.0,3
2d0d624c4f99,1,4725.0,1
8ce33dfa1b03,1,14675.0,2
8870fc4de511,1,1400.0,0
38e6dc4ab77f,1,675.0,1
cbb586e0e949,0,2925.0,1
d2d3bf3e73e8,0,250.0,1
43149b90cf24,1,2425.0,2
9ca4d87d1ccf,0,5575.0,2
790e118fab9c,1,1900.0,0
1190353c996b,1,1000.0,1
20b85d6f2b52,0,16650.0,0
cce17530bb2a,0,24300.0,3
fc3b50f85026,0,10100.0,2
7a5e40909fe7,1,8025.0,3
bc86f47c43a3,0,2250.0,2
e54f766b61e0,0,19700.0,2
2013fd4e67e0,0,3600.0,0
1add5eac2e96,1,4400.0,2
69608b51a3f8,0,3375.0,0
736d7637eca0,0,6125.0,3
4f14006b9bea,1,11475.0,0
a4556ccfde32,0,3300.0,1
463c105b8e46,0,21550.0,2
eb0fb4804542,1,8125.0,1
6a0c46caca1b,0,22775.0,3
5d720cdc7ae6,0,9200.0,3
586dca82956a,0,10975.0,2
f8831a3ee4b6,0,3750.0,1
c6d8180c281a,0,1000.0,1
49e2e01020fb,0,875.0,2
b7a47e4802c6,0,3000.0,2
859fd0bf3e98,0,2550.0,3
14d88f6538d7,0,5900.0,3
c7da763fcadf,1,3675.0,1
5bf37bb87a57,0,3400.0,1
7f871a785c7c,1,4425.0,1
3bdd68b06ad5,1,11100.0,1
f532624b83c4,0,500.0,1
8cb6d281c817,0,11500.0,2
c9f66c293aea,0,4200.0,1
f6e992b3c6e3,1,10550.0,3
e660d6302035,0,6125.0,2
bf39cc0a58f3,0,2725.0,1
b4b8b77e6ab4,1,6000.0,2
e76bbdbae9b0,1,1100.0,0
a1f24679778e,0,1075.0,0
68cffc6cd725,0,3000.0,0
14559bb5a909,0,6850.0,1
466cde5842a5,0,8850.0,2
43eb17f92247,1,16150.0,3
b9cea1f964b8,0,1600.0,0
907b1d8ae875,0,4875.0,3
79da16bdd339,0,300.0,2
74d156122f85,0,30150.0,3
9ceddab5989a,1,5875.0,3
1576288dd41f,0,725.0,1
78c3a48eb389,1,6600.0,0
7b118856f41f,0,50.0,0
80e5dd90fa6b,0,5925.0,3
fdbc3b08545b,0,1550.0,0
aa1ff6511b24,1,3000.0,2
e99bfadf7de5,0,1225.0,3
a44a278ff43c,0,5000.0,2
8af9ef3a9a4a,0,12075.0,3
623af5e36394,0,3175.0,1
d55204eaf749,1,800.0,2
223a3a5fc9f9,1,1225.0,0
8effac5c431e,0,3500.0,1
b4f46035af72,0,8525.0,1
8b7934e9a069,1,5300.0,3
86eb0794f22b,0,3000.0,1
46ad099da6a1,0,3100.0,0
8d2d03d9ca42,1,12325.0,1
e3fabc6140b3,1,19075.0,1
77a12cf7426d,0,1800.0,2
4c237548c462,1,3325.0,3
8600f3ba98cf,0,825.0,0
fd883af15741,1,20350.0,2
527aa4086270,1,20250.0,3
e9b7e77e244d,0,4150.0,0
09522cdd650b,0,300.0,1
d4599ada1a98,0,6775.0,1
97bae48e1223,1,7175.0,2
72e3874f58c0,0,700.0,0
a9bbae102ee6,0,2850.0,3
9287b1f94e12,0,1800.0,1
a0f22626ed79,1,1500.0,0
cb75117bcc3a,0,6200.0,3
2427d612c96a,0,1750.0,1
9e586603f728,0,1975.0,2
940b8eed2d5c,0,47825.0,3
3c3302c14a1c,0,2350.0,3
f1501cc94eb0,1,800.0,0
c155090ee0a0,1,6175.0,3
d8310084e0ae,0,1150.0,3
24a37d9d8a69,0,2700.0,1
f6596676f7f9,0,350.0,0
c821d941cf4c,1,7100.0,3
8bc49b3dc5eb,1,27400.0,2
3e9c55e74186,0,1025.0,0
832a2fb909fe,1,4950.0,0
5c81867ea571,1,4375.0,1
171c533ad153,0,3600.0,3
a065e038d065,0,10675.0,2
4c777996290d,1,4475.0,2
27d22ee7bb69,0,5000.0,3
86a9ba6b76c2,1,34375.0,3
133772c60534,0,2825.0,3
644276d032c5,1,5500.0,3
bac26628c975,0,2225.0,1
635607c0a490,0,40000.0,3
b014d2711367,0,2725.0,2
7006d9e13733,0,900.0,0
0e504a5081ac,1,1675.0,1
f6f00380c0e9,0,500.0,1
20c73d61d3d6,0,8525.0,3
ee071bd0f25a,1,4050.0,2
9b847c281a59,0,17175.0,3
5ba7f7239c4f,0,800.0,3
e94cf17a08e3,0,675.0,1
064e0817d22f,1,3825.0,2
28b242aa00af,1,10700.0,1
46c6431324d2,1,12050.0,2
3fb9b8503ee5,0,300.0,1
f872bc9f433f,1,6200.0,2
b4d4cb223a2f,0,700.0,1
0a91f42f5263,1,8300.0,3
6fc3d56d3016,0,44950.0,3
5cdf5a63c524,1,11575.0,1
150fb0923af5,0,14375.0,3
6c254ef1c0d2,1,1925.0,0
5da531bf3f11,0,9375.0,1
de04a1acdd6c,1,13350.0,2
1468b81269a8,1,5850.0,3
1fbbcdcf4ba1,0,2650.0,0
3ffa4d99a1b8,1,3825.0,1
e34c73069aeb,0,10075.0,3
7e1b3e7104f8,1,24875.0,3
bdab2d5e48db,0,24050.0,2
0ba90c8df51c,0,2900.0,0
96b33b5721f2,0,350.0,1
de655a3e7e4b,0,11500.0,2
e8ad3b2fa3e0,0,14625.0,2
8547e4527b6e,1,3775.0,1
873342013980,0,2950.0,2
275e94099b80,0,6600.0,1
fda0797926bc,0,4400.0,2
2b0a02ad88e7,0,4300.0,0
ef01fef986b8,1,7525.0,2
4f30767590bd,0,5875.0,2
ea554cda3857,1,11350.0,2
2788c4695f09,0,975.0,0
9b9da9a5dfe3,0,750.0,3
aaed107c90db,0,4300.0,1
f1254d8813b7,0,2800.0,0
74a64127cd8c,1,2875.0,1
0ca67137e71e,0,900.0,3
7a00d157674c,0,100.0,0
c3e35e229b82,0,6975.0,3
6419a0bcb88a,1,1100.0,0
e2985fbf7b86,0,4000.0,1
ec0a0dac6bb2,0,275.0,2
0084cb9ced52,1,1100.0,0
21d2b4921a89,0,2625.0,3
c5a42987cd1e,0,525.0,0
31fe3090d7ff,0,1300.0,2
c2adff6f2879,0,5850.0,2
303c57e7a361,1,7000.0,1
5cbc6280ede3,0,1375.0,2
a8916d519ccc,0,3600.0,2
17b11c2c55a1,1,23150.0,3
5ca4e95951f7,0,2225.0,0
f92473a5ec08,1,1300.0,1
b60f617b32e2,1,1400.0,0
413c30a184b1,0,1400.0,2
196f8aa87e28,0,38125.0,2
0423431e79be,1,1075.0,1
a2933c687e12,0,2200.0,2
4f325764a38a,0,2600.0,1
1cd1b239a967,1,1175.0,0
755ddd31880f,0,4650.0,0
ebe70d3e2f59,0,1525.0,0
7a0dc88f1145,0,1600.0,2
fa1c6792dfc7,1,1300.0,0
379ea5f09be4,0,5200.0,1
9bd1902ef1bd,1,3450.0,2
edaddf425982,1,2525.0,0
b19aac265faf,1,28000.0,2
a7b8adb01a8a,0,1625.0,1
99ebaba49f44,0,275.0,2
28acf0f1bd31,0,7400.0,1
9f11ae53c420,0,36975.0,3
cc6642f8d712,1,1725.0,1
6a21dc032500,1,11350.0,3
3520270b5c17,1,6775.0,2
58a546030934,0,2725.0,2
b008af425ce8,0,9400.0,1
028a772c092a,1,6450.0,3
512598c11d3c,0,2650.0,1
a6b874aa500f,1,600.0,1
957e86e46474,0,1600.0,1
40bd89d3b561,0,925.0,2
65e0f1d8df68,1,10250.0,1
25d755b39aca,0,16200.0,3
b72fa217afbd,0,7000.0,0
83c8e5fa27e8,0,6625.0,0
062139d5c98a,0,14250.0,2
368d3d20e068,0,850.0,1
9dd12dbd17fb,0,18225.0,1
37f9302453bc,0,5250.0,3
85c3e0580338,0,550.0,2
15811096f518,0,2400.0,3
343371aa981d,1,2000.0,0
01cc469d31be,0,525.0,1
1a5d260f2de8,0,3400.0,0
32728ea73c7a,0,11100.0,0
12fa7e319cb2,0,2000.0,3
054fa7762d6c,0,4850.0,3
bfeb433dda20,1,3725.0,2
54c32ef01d45,0,6425.0,1
a1acab89b21e,0,12650.0,1
f3a740647337,1,1900.0,0
cae37d8a9d77,1,15350.0,2
656bf35f1bf4,1,5500.0,3
e32c45de0068,0,1700.0,0
17aa3bf44122,0,4950.0,1
917742234edb,0,34450.0,2
8ce931a4c898,0,4000.0,0
36aa6d8b9b84,1,1100.0,2
1ed031294998,0,10400.0,1
676e52187b96,0,900.0,1
a8c13fdc6612,0,100.0,0
a4ce5eb9ea87,0,4100.0,0
21927c5cf674,1,9025.0,1
721b6afa8289,1,7300.0,1
54b6968d98eb,0,200.0,0
0a44577d6e42,0,19775.0,3
f7c14fe31316,0,2525.0,1
2e17a9248f08,0,15250.0,2
cbc9e255abcd,0,3875.0,1
fa74bdc22f43,1,700.0,0
45b0e78c22f5,1,2050.0,0
b93e75b08ccd,0,4375.0,1
e3908621b9ec,1,3100.0,1
2bc39ee0da2c,0,4125.0,1
3ee8bed61506,1,17725.0,2
8311b8764c75,1,5200.0,3
658f1236aa43,1,1500.0,2
85432d366f40,0,1250.0,0
6671371c4301,1,1450.0,2
6222be6c4bd0,1,750.0,2
61f1c20dc5b3,0,14700.0,2
1db2ef7830b7,0,2700.0,0
6240290c5b00,1,1350.0,0
983d91774ee5,0,7175.0,2
67eeeb786a22,0,2450.0,1
d1aeac7c92da,0,3350.0,2
e3c3679776d6,0,2300.0,1
6d9944a2668b,1,1300.0,0
8895c8d413e2,0,13725.0,3
5abec1e760e4,1,1300.0,0
d16d262f51ff,1,7850.0,3
eabe6881e354,0,4300.0,0
84bf7e8d0049,1,4250.0,0
0b6ba61c58cf,1,3850.0,1
3b3f84ab26ea,1,1300.0,2
e6f88088d0d2,0,14400.0,3
66d10f0280e0,0,7475.0,3
9b04a7c0c93f,1,6600.0,2
e4eb255c8549,0,8350.0,2
208d0860d35d,0,10725.0,3
d3fce8b3ff0d,0,600.0,1
276af3f1f7eb,0,16550.0,2
6d6b61842ace,1,8000.0,2
718505d4f000,0,5500.0,1
eba8419e6966,1,14175.0,1
45b754a804b3,0,19175.0,1
43b1b2b328b9,1,1900.0,2
7ad6d58b23c9,0,4475.0,1
72b3e881f0e1,0,2700.0,0
36dbaf20bf0b,1,25800.0,3
b2eed4f2b63a,0,1350.0,2
f3605de0c58e,1,1300.0,0
694acc6fe420,0,1150.0,0
1e7b1b0eab0d,1,1300.0,3
581752fa0595,0,475.0,0
ffa6a59b29d4,0,2900.0,0
eb364d5e6beb,0,8500.0,3
31061984ff69,1,1950.0,0
7feff52551fa,1,1900.0,0
599b444a766c,1,1000.0,1
f745ff8473f0,0,6250.0,2
a8786b286024,0,850.0,0
6329ba889b8b,0,22150.0,1
4893c0049ab8,0,3725.0,1
40eaceecf261,0,1625.0,0
788174477ab8,1,11425.0,3
1097cab480a7,0,2150.0,1
7dcf9f12f800,0,5150.0,1
5dedf051a3f7,0,8500.0,1
7dd88876fb4e,1,3600.0,3
693dbee2a72a,0,250.0,0
5800ca75efd6,0,6575.0,1
e36a99ef7c3a,1,8725.0,3
faaf02e41219,1,7475.0,3
d933a9ff8592,0,1000.0,1
a482dd507e84,0,9100.0,1
94b530f3da9f,0,4550.0,1
cda194013d8f,1,11300.0,3
917b69eee399,1,725.0,1
4970692835e0,1,550.0,2
336d3858a13f,0,11225.0,1
6350d8bca0cd,1,1075.0,2
6ca753fdd297,0,650.0,1
6136bda4633c,0,3500.0,3
d5843b9ea3e2,0,4525.0,2
4ded108aa839,1,16675.0,2
d34fc917016e,0,15250.0,2
a9399aa05e47,1,2650.0,0
0a5c1962b8de,0,19775.0,3
c8e3b663574a,0,50.0,0
1477e13ae28f,0,400.0,1
3ea27cc8da91,0,100.0,0
0d56981b2bb7,0,45700.0,2
e7ddadcec64c,0,3800.0,1
fd07c1796ee0,0,5225.0,2
ff8cef176f65,0,2400.0,1
70e3595556ea,0,725.0,2
086e03667cc2,0,21150.0,3
6b5b222008a9,0,15725.0,2
e5e11638d8f7,0,100.0,0
bb0b06a4a99d,0,22425.0,3
d3a44149d68f,0,1125.0,1
af76b5604ab5,0,4475.0,0
fb176d870be6,1,10975.0,3
23cb189d9feb,0,22250.0,3
f05177c936af,1,19900.0,3
1d3dc15c445c,0,12375.0,0
ff3a7f0025a3,0,17925.0,2
e36d5866ba02,1,9175.0,3
df0f3f2c0ed6,0,300.0,1
f81d00715d5d,1,15575.0,2
a55965cb2200,0,2325.0,2
6387e8af14d4,1,12400.0,3
85c2f84e6ca5,1,17350.0,1
4214967d24ba,0,2450.0,3
e322b55c5aaf,0,3950.0,1
584bcdf190b2,0,1950.0,3
3c6c41b99f6d,1,2225.0,1
5addd53afd32,1,9400.0,0
229a4dd38d3d,1,7700.0,1
ecdac1105505,0,42650.0,2
aa5a19c8e081,1,10350.0,1
e83b84242a17,1,4525.0,2
681582f2cae0,1,6300.0,2
c7f43f2eb00d,0,3100.0,2
bb01411fbb21,1,22850.0,3
bb6ad9364482,1,2250.0,2
b67aa31e6404,0,1200.0,0
725d4dd59ca5,0,8600.0,0
d843145847ed,1,12500.0,2
5e48bc549bd5,0,7100.0,1
d0d8e852083d,1,12100.0,3
0e10d9b854fe,0,3050.0,3
38dfac28cc44,1,2850.0,3
5695fa9d8902,0,1700.0,2
6561e5215dfa,1,5300.0,2
3c388cd9cf65,0,8475.0,2
d0a7f75f7f71,1,12700.0,0
21cce78a9de3,1,2425.0,1
3fe89cf5302b,0,800.0,1
ea5407e82baa,0,5600.0,1
3dcf74c24952,1,1275.0,2
e3129bc40088,1,5075.0,3
8b4b3a8d2ab4,1,9500.0,1
12bb96158122,1,1800.0,0
6d60eda7cc10,0,1700.0,2
6d72092f5dea,0,1725.0,3
f1434586dbf3,0,9950.0,1
641f1de21ede,0,3625.0,0
6595936bacb0,1,1100.0,0
726d624eeb38,0,6000.0,2
3290c0c1178e,0,1900.0,3
6b2381768aae,0,4575.0,3
f6c2ad1e1f03,1,88050.0,2
c5dee51c7e67,0,2075.0,2
69c6d4a3a0b4,1,8350.0,3
89828b9f88e6,0,1050.0,1
63653aa892ec,1,2900.0,2
58e5b3704e49,0,0.0,0
18f52d32b1ba,0,5350.0,3
77e92dbb382d,0,1600.0,2
af690001fadd,1,4800.0,3
9003a30998a2,0,22275.0,2
dde4b277ada9,0,1050.0,1
5f668d16bb96,0,6525.0,2
69619c4b954c,0,11100.0,3
af5691e4e124,0,33850.0,1
8a81e0d78650,0,5900.0,1
39edb4f0f63e,0,20050.0,2
40a43bb75a31,0,1600.0,3
4e52da76c0ef,1,1700.0,1
256af51dae87,0,3400.0,1
11c94f30796c,0,0.0,0
a16d5ba87592,0,14800.0,3
0e64f565cf22,0,6325.0,2
baa21c825bb6,1,2625.0,1
0aca4ee2fcba,0,7475.0,3
bc23341dbd25,1,1825.0,0
f95dbcd05406,0,6400.0,1
af6b5a02d85e,0,27600.0,3
5f1601f26cd8,1,2150.0,0
3c2a79dd2c53,1,3325.0,1
20547a7f35db,0,5175.0,3
11e9df42419d,0,14250.0,3
27e38157183f,1,19175.0,1
b1a3769708eb,0,225.0,0
9925c4886a93,1,1400.0,0
610e4fb9e626,0,15000.0,3
8954a7fa4b5e,1,7300.0,1
cf83f59585b5,0,1950.0,3
111196bdf65a,0,600.0,0
a846f64c5c1e,0,1200.0,2
32ca61986b94,0,4000.0,1
0f0bd14af6f2,0,6400.0,2
e727f874e315,1,1375.0,0
0c48d24ca204,0,1050.0,0
68b34602a1ed,0,700.0,1
53f9255da988,0,400.0,0
8b2c6f651bd7,1,6425.0,1
38e8ec1c1da8,0,13575.0,3
222feec3fe5e,0,2225.0,0
ea9a87cdb0bb,0,2600.0,2
41c1235660a4,0,1925.0,2
4dd0ad1dbe6e,0,14100.0,3
6b8e1b277e3f,0,3300.0,0
ae810692e839,0,7750.0,3
bc5222aeb077,1,22125.0,1
e99851bb9f3b,1,2875.0,0
0db7bdf2a3c9,1,14150.0,1
3f782dddd194,0,1525.0,2
f4ebcf9a4f35,1,10200.0,1
31afe00450fc,1,2450.0,0
0dbbefe32d6e,0,150.0,0
82a509bb7111,0,12825.0,1
1f50267049c0,0,475.0,1
0eca7e096803,1,5125.0,3
0e18358e03b2,0,3700.0,0
34cec0c54dd4,0,12275.0,3
b1920754cf6e,1,800.0,2
0a3427fee44f,0,100.0,1
39f7da932c5f,0,15675.0,1
a209e5ad5b45,1,4975.0,1
45ace2da93dd,0,1750.0,1
cef72348895e,0,4250.0,1
0d6778532fd3,0,9225.0,1
c8648ab14777,1,11650.0,1
c5a20ebfd4fb,0,500.0,1
294c38127b8b,0,2275.0,2
5c534c2928ec,1,16075.0,1
b9c9b5940e04,0,12150.0,2
9e4026e88306,0,1400.0,0
4ccde9d50a3b,0,1100.0,1
fb465eff517c,1,20600.0,2
f177f4ed55f4,0,925.0,0
ce169727404c,1,3650.0,2
29887ef9a808,0,5100.0,2
7e60f0ebcb36,1,20850.0,1
108a53d9d515,0,3700.0,1
9f3258ffa7c1,0,1225.0,0
a9f7baff7e4d,0,525.0,0
38cd5edc990f,0,10900.0,1
30f3fdbae463,0,1625.0,0
11da37256f95,0,20850.0,3
fa3799b94a89,0,625.0,2
d11416ff9c6b,1,2300.0,0
686cb23a3a2a,0,100.0,0
19e6ad67a84f,1,1225.0,0
6755ea0e5e6a,1,2350.0,0
11503efdbae5,1,3800.0,1
83a13f86748f,0,20350.0,3
a11c91e127ca,1,1550.0,2
2b2eeae5fbd0,1,500.0,1
c588c55999af,0,6075.0,2
0fdd43737c92,0,2900.0,1
75786a6d79b1,0,1000.0,0
b6107497dfe0,1,9000.0,1
e72a02951685,0,3825.0,1
5467b59804eb,0,2250.0,0
8832f8e94dbc,0,24750.0,3
e3bba000b14f,1,10800.0,2
48c8675b6521,0,3200.0,0
957e18452489,0,900.0,1
e95a29fac30e,0,350.0,0
86cb77e51564,1,10000.0,3
5041ccad85cb,1,100.0,1
e4de19ab3397,1,11300.0,1
43fe90cfa155,0,11800.0,1
c72951506161,1,2100.0,0
73303b4fe448,0,4200.0,2
1e749f2eefa8,0,150.0,2
850edcaa370a,1,20775.0,3
ceb3677b723c,1,7000.0,2
72fc346cbf88,0,8325.0,2
233169c1b759,1,725.0,3
7a8bc29fa7ce,0,8100.0,3
574bfb5f5e74,1,300.0,1
630984e2a4f5,0,5600.0,3
4051cd0d815b,1,13050.0,1
517c63e25cc8,0,3025.0,3
54b5175c0b3a,0,2125.0,2
0568121792e3,1,12625.0,2
70d8a52f168f,0,17525.0,3
f1ec02bddec7,0,22250.0,3
322e7d583a66,0,3225.0,2
640da5dd097d,1,26250.0,2
8176b808b734,0,1300.0,0
e9b16ecd9d79,1,5450.0,3
df79dec99368,0,1625.0,2
bd97f0fb35a0,0,5400.0,2
914911dc0555,0,0.0,0
bb2e0e46bfe8,1,15200.0,2
16694c001607,1,20050.0,3
48ef3e815136,0,3500.0,0
71123650597c,0,375.0,2
2e6b14fe8c74,0,19200.0,3
e98253f99a9e,1,13825.0,3
0f9526b7c32a,0,1400.0,0
0e62067a3736,0,6050.0,0
d43919269db1,1,3275.0,1
999c1deb189c,0,3925.0,1
20eeacfc8bf3,0,6325.0,3
712688a1ea4b,1,5675.0,2
b9388c8abc91,0,21925.0,0
9b4f710a06b6,1,7250.0,3
7e6aa0aabeb2,1,11450.0,3
35f73a1edd88,1,3925.0,2
d76befa58794,0,9150.0,2
534bd2e645e1,1,1200.0,0
b0c9ac7c45e7,0,10650.0,2
b1ccc5c8d1be,0,10000.0,2
bcdddced8289,0,600.0,1
f25dddcbf441,0,3950.0,3
2add4907b5b9,0,7775.0,2
73a769333d8b,0,1300.0,0
da9611c3f070,0,150.0,0
d57b9981ec88,1,2375.0,3
92448aebe9d4,0,100.0,0
abcb7dd04755,1,3200.0,3
e8e5f09f718d,1,2000.0,2
fabe9b3ff1d3,0,1900.0,0
ed5ded5a345d,0,14150.0,3
e3deb653c758,0,13125.0,3
e87a6efe94a5,0,6300.0,2
82232baa741d,1,2025.0,0
7d33b849802e,0,3225.0,3
307fb07223af,1,200.0,0
6753086f2ece,1,15175.0,3
95581167f733,0,11800.0,2
ce3a1a1b985b,0,5350.0,1
020184175232,1,4175.0,0
5cd7290374be,0,4075.0,2
b26ae4f55701,0,30700.0,2
dcbb60b11b6c,1,15200.0,3
a24bbb4ba182,0,1525.0,1
ee58f842f836,1,13475.0,3
b89a6e02d26c,0,6500.0,2
d14fc11c483f,0,4250.0,1
3bf226c5750d,1,3100.0,1
4de2783d2b61,0,2525.0,0
3fa55eeb2b34,0,5200.0,1
7c9535dd1db9,0,1450.0,0
ef9f95dd345e,0,12200.0,3
4faa38c75424,0,4250.0,3
017c3f58d389,1,1300.0,0
eb8b344ac0ce,1,29625.0,2
7a20e7137797,0,7325.0,2
8e5995a07804,1,8800.0,0
6586ed81106d,0,525.0,2
605a531233bd,1,4150.0,2
b0c8fc6b98d5,0,58050.0,3
52a69221e320,0,28825.0,3
8bfda3a98fc5,1,33475.0,3
dd858e54d88a,1,8300.0,3
47af1e3abbb7,0,850.0,1
f2314c150ef3,0,4000.0,2
74c89c15e3d0,0,8500.0,0
cbf6bb1ed9ba,0,6450.0,0
0d1ee3c97099,1,3500.0,2
3d9328ca27f7,1,2850.0,2
175ff2ec46d4,0,6975.0,3
8d37126c2957,0,36925.0,3
46eff8aace8d,1,15525.0,2
76885b956e12,0,12525.0,3
3041a1e169f6,0,11850.0,2
3fc2cca37120,1,4900.0,0
819825297170,1,8175.0,0
e760bac7ef16,0,5750.0,3
5206730b4f3d,0,4150.0,0
20152fc1aa2b,0,15500.0,3
cb5d635ef640,1,22825.0,3
9dacecde022b,0,2250.0,3
0863b2c17b29,0,3200.0,1
14942eeadec4,0,1175.0,2
c5599c214bd9,1,10950.0,2
073f4e7e26ea,1,1200.0,0
c3267adb1d23,1,1800.0,0
d36dbadeff06,0,7775.0,1
cba51957c202,1,1625.0,1
d4596aeb853f,0,4300.0,1
bfd1d892d46c,0,650.0,2
f55adf24fd32,0,62775.0,3
5cf27edb0d1e,0,2600.0,0
b8a16982da5c,1,1000.0,0
495bb7ffe556,0,3825.0,3
fc5a68802657,0,4025.0,3
ab2b3ef5ad27,0,5050.0,3
73884f6ad069,0,16000.0,1
10ccf5966f8a,0,600.0,1
93c9d8b12bd6,1,3650.0,1
63b37cda0356,0,25000.0,3
c679e2c5dd49,1,500.0,0
f19db9ecd989,1,4450.0,1
26951473d81a,0,11875.0,3
9d35425515a5,0,925.0,1
eaedad465204,0,15400.0,3
c5783b5a6da6,0,4725.0,3
dfba27170d39,0,1825.0,1
3e6d9fe10362,1,1300.0,0
a5095a3efd3a,1,12750.0,2
4337395b47a4,0,44600.0,3
2f692568f73f,0,1300.0,1
636d102629fb,1,1100.0,0
a6f7f53daaa2,0,16775.0,3
93c9bd036243,1,2300.0,3
8b46fa1cb9f2,0,11325.0,3
237f3db7ec37,0,9075.0,2
3975bff7bbd2,0,3325.0,0
0312aa0d9e14,0,1750.0,1
6c5c4d2f0403,0,200.0,0
704c989e24d2,0,2400.0,0
2a541b98d6ba,0,1225.0,1
169af091cb95,0,3850.0,3
888d17ec6add,0,3600.0,2
3c2606f70230,1,6475.0,2
74a6c4209446,1,6625.0,3
3d4a55741a94,1,15825.0,3
c6a367e559d9,0,1150.0,1
5a52ef4b67b1,0,12125.0,3
976a5e851b60,0,875.0,0
52fe119fa65f,0,3350.0,3
bba7c49d00a9,0,8000.0,3
39eade5eccaa,0,250.0,2
ce87e4d98f3b,0,10475.0,2
7a832fcda89a,0,13500.0,0
ba3440bc8ae7,0,2975.0,0
d2517fbb7ad4,0,3700.0,1
44821c2b27f8,0,8675.0,2
4417d486ad1a,1,2050.0,2
14a10838913e,0,12775.0,1
4df0ee584190,1,1425.0,0
4b05e150292a,0,1400.0,3
c07905b06f9f,1,950.0,2
d469ad88dd1d,1,3175.0,2
d0bd838f1890,1,8300.0,2
122c065bf8de,0,4125.0,2
837583775a6e,0,9200.0,0
dbb325a63e45,0,4900.0,2
6709e7a60731,1,14275.0,3
ba1d3b87b016,0,26875.0,3
a10fb3f2ed71,0,1250.0,2
d29c3d173254,1,2275.0,0
92262aed600b,1,6325.0,1
b713e630bfce,0,1550.0,1
c9a7dbfc69c8,1,5775.0,2
166bf9595434,1,5725.0,3
61d7a17257a5,1,1800.0,0
93363775f2a8,0,650.0,2
d68a09349db0,0,25625.0,2
d09398c1c45e,0,800.0,0
d28ffeeedf99,1,19275.0,2
97dc326f4375,1,26400.0,2
298bec475d50,1,9875.0,1
a7b36212385a,0,3800.0,2
2741eb7b55b2,1,41475.0,3
bba62d7741d6,0,200.0,1
71eed2e1be7f,0,2700.0,1
4625f33714d9,1,2550.0,2
934a67934c00,1,13425.0,0
25fad4c2fe17,1,11550.0,1
59d9ae3030a3,1,16925.0,1
713374a2ab79,0,725.0,2
d126faac4c59,1,900.0,0
c20482b33d4d,1,14825.0,2
b55107623a5b,0,100.0,0
53cd898ae3a3,0,1500.0,1
3b678f7b45c0,1,15950.0,1
9c54d449d71b,1,4650.0,1
118835784e28,0,1500.0,2
237ed4bae9c3,0,1125.0,1
5ec5dd6a4ee2,0,9100.0,3
32d44f553bea,0,1725.0,0
0442ff50fc5a,1,8825.0,1
158fec4f07ed,1,8000.0,1
d70fb7ecdd1e,0,13600.0,1
215f0d85955c,0,6075.0,3
31ebeef38a2e,0,11375.0,3
28979c193443,0,4525.0,1
88f7a710c6ba,1,6300.0,1
14431e643976,1,1300.0,0
7ba0aaac1c6c,0,27925.0,3
5d725c69706d,0,4425.0,0
c5fd01ac7e56,1,2700.0,3
7de602e3ab5e,0,9050.0,1
309177949e80,1,7125.0,2
101f2b45d030,0,150.0,2
8f1691c2f4e6,1,4875.0,2
2d0d7c8ef7cf,1,6900.0,3
1ae7589dc794,1,8625.0,2
75c8de1ecc0d,0,5200.0,3
3a2c150eb5fc,0,5150.0,3
1489f0d3b1f9,0,19200.0,3
f00a909a0a7e,0,1975.0,3
08579cd0282c,1,3700.0,1
c5ae5c1ced6d,0,50.0,1
c1e18f00c296,1,1200.0,0
098df95ffa29,0,800.0,1
beac2169e309,1,3150.0,3
7ef81a68a16a,0,7350.0,1
3755b6f954ed,1,5175.0,2
b5a8750bc450,0,28075.0,3
20123486bc68,1,10625.0,2
745b3977a81a,0,3150.0,1
fb3e59380354,1,11950.0,0
ac3b7e441573,0,13075.0,3
34cb26ce8160,0,800.0,0
6696b741898f,0,1000.0,1
dec3df2103d9,1,2450.0,0
531f34641a96,0,2900.0,3
8905268afe4b,0,3400.0,1
211768a581cd,0,15075.0,1
cc4c06e43d51,0,4050.0,3
cba86d37e0b2,1,5300.0,1
97c6528e215c,0,1300.0,1
5b3099543f09,1,6750.0,1
7e991713e36d,0,3250.0,1
bf78428c6024,0,5400.0,3
1c5e7a402497,0,5425.0,0
d0aefab32a39,0,350.0,0
25fec06b8396,0,0.0,1
f55509de9fec,0,725.0,0
72b7a313b7d7,0,10450.0,3
5b8224212641,0,9550.0,1
e796c00c02f0,0,1600.0,0
22e64175e8a3,0,2500.0,0
c7d68a56580d,1,1400.0,0
27dcab2547b5,1,4925.0,1
8e76e9dcf800,0,22000.0,2
28e85c753466,0,6750.0,3
03ae7d564264,0,2950.0,3
7d404cb56fcc,0,6500.0,2
897bc99177e8,1,4650.0,2
ce71b8826c0d,1,5375.0,3
fe64ada889d4,0,1825.0,2
d8f3cd1a0c4b,0,200.0,2
9ae05eaed5ce,0,5625.0,2
18935910f88c,0,9925.0,0
0d1920c10660,1,8525.0,3
418d4f07b5e4,0,325.0,2
1670851a97c7,0,35800.0,2
b26ee22923b4,0,900.0,0
8f1bc825380c,0,2050.0,0
23ef2ee5c76d,0,125.0,0
82b5d3a8f1dc,1,1350.0,1
1ea9de33cf3a,0,2050.0,0
19a750535a46,0,1300.0,0
f7c316ed26fa,1,1275.0,0
05a7dc8b77b9,0,150.0,2
05e6835bcfb9,0,3050.0,0
6e5249ca3a7e,1,5375.0,2
2a3ede9ec3b2,0,13350.0,2
372bfbccf9b9,0,3975.0,1
9f772f5a6736,0,6175.0,1
8cf8b16d79c5,0,1650.0,2
5c7100cd2e15,0,10750.0,1
3a822e52fd4d,0,1400.0,2
a32dfd291a28,0,650.0,0
2e76653e49c4,1,2550.0,2
9db5990066bf,1,2875.0,3
bfc1514893cc,1,30350.0,2
4298bb1bcad1,0,6425.0,1
a71ee9902922,0,34000.0,3
fffa6cc3c851,0,17050.0,3
42989e2ce2c7,0,12600.0,3
353e48b9ce5a,0,9425.0,3
d0f3d1b815b6,0,10150.0,2
55f72c0d29e2,0,8900.0,0
609a96f45167,0,5825.0,3
dfb111e35403,0,750.0,0
20d3082af1c8,0,3600.0,1
b196b70687d4,0,1250.0,1
0aeac9565c47,1,25950.0,2
6b8e2451b371,0,3300.0,1
0d4af18384c5,1,9550.0,2
fe5f296ba63b,0,18600.0,2
f9e4291c3255,1,2075.0,0
a7cb2db93c55,0,100.0,0
43c6619d4f5d,1,750.0,2
4d45d873af28,1,7800.0,1
e979c23d08ef,0,1450.0,3
931c0a2148d4,0,4350.0,3
01a2b94f2e07,1,21900.0,3
87b88630a345,1,3000.0,0
faf7d3b217c4,0,33550.0,3
a122622d8508,1,12600.0,1
379be8e816b6,1,1000.0,0
c27ffabe3576,0,7800.0,1
fbd81df35ad6,0,8000.0,3
0cf131d1d987,0,6100.0,2
e5804ea3a6a6,1,3150.0,1
435eec27e5e7,0,4900.0,0
5f916dfa8614,1,1450.0,0
24cbdec32d4b,1,500.0,2
e636b785e8b7,0,2200.0,1
d77239a09487,0,15350.0,3
e90af72d0f72,0,8525.0,1
ce739428118e,0,1150.0,1
5f7073061c65,1,24500.0,0
47c8a572dcf7,0,2150.0,3
242f43629a16,0,6675.0,2
31b34c6f94e3,0,30525.0,2
3db2fe4bcfa0,0,850.0,1
75c16cf39300,1,17625.0,3
83f18a3ec557,0,18200.0,3
953e323beed0,1,6675.0,2
3692e4384c8f,0,12900.0,1
8f71aa36609c,1,5325.0,2
69eed9a7aeaa,1,6900.0,2
17936ec679c7,0,750.0,0
5f42b5a2d1ba,0,1050.0,0
43902f05a5ef,1,2350.0,0
5b2e0c06aab6,0,8550.0,3
58d2540914ac,0,16625.0,3
09fafd4be79d,0,3550.0,1
56e42aae6861,0,15175.0,2
e2d5c13c6f7f,1,5825.0,3
faf9e0ca2bc6,0,3875.0,3
3282c7452fcd,1,4200.0,3
f12015c490e6,0,18300.0,2
f0b9834543d3,0,6825.0,3
d76a4b1a2469,0,4550.0,0
552380051390,1,15050.0,2
e640aec976c7,1,6475.0,1
8b4022e3e37c,0,32275.0,3
6c283c4cf6c9,0,1500.0,0
368bb19c25ea,1,9650.0,1
c3a8cccbe84e,0,15975.0,2
4bd64f3460cc,1,30625.0,2
e05310d17840,1,1675.0,0
9075f0b27e3b,0,100.0,1
419d54020e2a,0,350.0,1
6dfd3bf5c89d,0,4400.0,0
077d4ce54fc6,0,6250.0,3
bfe2cfca0d48,0,9400.0,3
89f494ec4da3,1,10225.0,1
03fa0436cc67,1,44850.0,3
26f63d87bad4,0,3400.0,3
c46e8eb8a9c0,0,4425.0,2
158b596eccb3,1,16075.0,0
40b605733a13,0,1375.0,1
126771d10cd3,0,800.0,3
5c68517d66d2,0,8700.0,3
da691a43e12e,1,3625.0,2
8c2051bc110f,1,7175.0,2
c3512b7607fb,0,1500.0,0
44225ff40e3a,1,8675.0,2
1f7aab53e97e,1,15800.0,2
67e4de58d2d2,0,450.0,1
9cd4508938b2,0,2600.0,1
3410f0d3cfef,1,13025.0,1
e4ce7bafbd48,1,6025.0,3
9be97fb16c81,1,1300.0,3
a080c445aa73,0,400.0,2
2f1c5336019e,0,1250.0,3
988ae154e517,1,11050.0,2
d67df7912fbb,0,5825.0,3
12484eb92132,0,1350.0,0
cc6b51c985f1,1,1825.0,0
4ea3b8c839f9,1,19700.0,2
564ff2601133,0,40200.0,3
9b80f38f37f0,1,6475.0,3
1a8ebd444d3e,0,6750.0,2
fc01b3202600,1,9650.0,2
e8812cd11513,0,1700.0,1
0e06f098e318,0,6950.0,3
8cc22662d424,1,3025.0,1
a37f2d019eca,0,21950.0,3
7d15aafcce2f,0,30175.0,3
a7c3070a5a8d,0,350.0,0
1bba9ab0f971,1,15950.0,2
f7169dd1a4a8,1,1125.0,0
452acca49c2a,0,3500.0,1
f881593ce0de,0,5675.0,3
95fddd47077e,0,4225.0,1
3517fc6430a7,0,1500.0,3
ba2635242181,0,29275.0,3
0bd74b2f3d50,1,21200.0,1
cff31335abba,0,9175.0,3
cc6434829b4f,0,6225.0,2
d52ff43c4d50,1,6400.0,1
343e9a013a39,0,150.0,1
669a06101437,1,8375.0,2
0238d6cdfb0d,1,27650.0,3
528f66b2d49b,0,3025.0,3
67c8281acc56,0,1250.0,2
2df6a9ec1382,0,500.0,0
d230810f50d7,0,1350.0,1
f9d410c3599d,0,2425.0,0
3916a0054b44,0,17650.0,3
b1e416950485,0,975.0,0
01d0a856fd5c,1,1200.0,0
9b4c70026adf,1,2600.0,2
058086d749aa,1,2025.0,0
8ef976e62d18,0,0.0,0
83ff85b1bdb1,1,6200.0,3
19dc4c83abf4,1,10425.0,2
9b9a747ba7eb,0,925.0,2
0b0bf4189052,1,3175.0,2
ebe468b0acad,0,3325.0,0
d37fc3593f16,1,4950.0,2
3a8db649daf3,0,1225.0,1
787e25c45b6c,0,21275.0,2
e52252248e88,1,400.0,2
39eaf8182a55,0,200.0,0
887904cffbf9,0,12175.0,3
a02614707bf1,0,14600.0,2
7a7449380914,1,6300.0,2
7db7b78d8aa3,0,4300.0,1
dc7949f2478f,0,23650.0,2
b6952e3d3f8a,0,50.0,1
1539f68e3700,0,3725.0,2
2d25b9e439f8,0,39825.0,1
f6cddf50cf8d,0,3675.0,2
985bb064effc,1,9800.0,3
215dc12254ec,0,8400.0,3
ce1beb292ae9,0,4200.0,0
ea0739289f17,0,950.0,0
0129d8630c82,1,36000.0,3
3e0a888b4fd8,1,400.0,0
9d93fc17a446,0,4250.0,3
a86e5eca64bf,0,3325.0,1
fd83cd181af7,1,6500.0,3
ded13ad2a983,0,7850.0,2
54c468221986,0,19550.0,3
29c236358e4e,0,3250.0,0
656bd4894b97,0,19625.0,2
6dd5c059b048,0,2100.0,0
1c3ac297129c,1,33550.0,3
549cb3d3928c,0,3675.0,2
01ef62b77622,0,21850.0,3
2f1223f8e635,1,3625.0,1
dfde456982dd,0,1000.0,0
22b09e79e698,0,5300.0,3
addee2edbbe1,0,7425.0,3
ec3e439802bd,0,7075.0,3
c30a24c00007,1,7225.0,2
155e43d0231c,1,800.0,0
697a4b747098,1,13425.0,1
3ef5cae53890,0,200.0,3
766e957bd10e,0,13200.0,3
0e2440d76bbf,0,650.0,1
b9d51acaced1,1,30575.0,2
aa031f69b998,0,4775.0,0
aa5077eb68c9,1,18250.0,2
fbdb7a1bfa80,1,7625.0,3
8cd3acaeb1c1,0,1050.0,1
41431e9df7d0,0,2400.0,0
67b8440408db,0,325.0,2
b471fd40c90d,0,8025.0,2
80c08357f7f0,1,24475.0,3
2ab213caef74,0,4300.0,2
ecb25ab35757,0,28125.0,3
b35c8cd62fd2,0,7025.0,3
bd9b1e366c6c,0,46275.0,2
366b8263e9c2,0,200.0,3
26b48c099f4e,0,2100.0,2
d9ed0c8e4665,1,9600.0,1
a8d8c84bbf15,0,1500.0,1
d707423b359f,0,1275.0,1
8c8fd598b888,0,2125.0,1
2070b2a114ac,1,17000.0,3
f54997cb3ba4,0,150.0,2
760adc304d7b,1,7050.0,2
c6ee1a8cdff4,1,11150.0,1
e005540b3147,0,250.0,0
af5d382cdacb,1,500.0,0
afba2e578c4f,1,6500.0,3
d2ffda79f64a,0,10475.0,3
915ee11ccb6d,0,150.0,1
b62b9dd79c15,0,12800.0,2
84855ddf40c3,0,1975.0,0
25d80a335563,1,3625.0,3
ef24964cc498,0,0.0,0
6bdbe1a62247,1,8450.0,3
4cf7b4646081,0,350.0,2
d1e9b71c67b8,0,150.0,3
56753ce6ceca,0,47950.0,3
5318d00d35f8,0,900.0,0
b5d44e98970e,1,1100.0,0
daeba2d78913,1,5850.0,3
6a19c7529239,1,875.0,1
e3d07d4a5e66,0,1200.0,3
a6f8e8f58de6,0,14900.0,3
60d52f8ebf42,0,4925.0,3
924ca2f8447c,0,5325.0,2
92280e273d7a,0,16550.0,3
76648d09bc21,0,50.0,0
5b32704b3409,0,10650.0,3
e6278cbc9329,1,37875.0,3
2045d88557e8,0,1600.0,1
17b97f59358b,0,6100.0,3
a242b917d238,1,7050.0,3
0073798feea5,0,2675.0,1
906c0815f336,0,1200.0,1
b75828e6173e,1,6725.0,0
a852cfb85cc0,0,600.0,3
167066e53249,0,16650.0,2
a9d208f28cd2,0,10325.0,3
5e50574fc217,1,525.0,1
6c1d32e4f6aa,1,300.0,0
20a6d0d99a3e,0,21750.0,3
3da7ea6f606f,0,15350.0,2
ede5ef92eda3,0,2700.0,3
e9fda62bc549,1,22450.0,2
8ad9407e3474,0,6025.0,3
68516003e3c7,0,150.0,0
8e734849d42b,0,19650.0,3
5bd8c3925763,0,11550.0,1
4cfece9b60fd,0,475.0,2
d84a2b54630c,0,10450.0,0
f97608420f3b,1,29150.0,3
d61bb6cf2ea6,1,9100.0,1
4146c5bc9c75,0,17500.0,2
b28b828b246e,0,3175.0,1
4a43d2cd23d3,0,2550.0,0
92452e936635,0,6900.0,3
b5f62ffc276f,0,2550.0,1
e6fa85514103,0,3300.0,3
3e0cdf0189d4,1,3100.0,3
6dced8888cfc,0,150.0,0
089494b58499,0,700.0,2
a16edd62bcd9,0,0.0,2
aff2c544f263,1,11900.0,3
4c336299fa71,1,5825.0,1
ac24bb44fe18,0,2050.0,1
2b3565cf4c87,0,14300.0,1
be656e4ee7b6,1,1200.0,0
428486870bb1,0,1600.0,1
c637aa10ad94,0,14950.0,3
dd16f7bc5b1d,0,13475.0,2
0119509cdb7a,0,47325.0,3
a8a2939038b7,1,16950.0,3
6b783acbd179,1,1500.0,0
13780ea49ae4,1,10925.0,1
e9e6a2684838,0,1200.0,1
675ffce20fbe,0,4225.0,2
bfef6a165bd6,1,1450.0,0
510d12c56a54,0,325.0,0
c3bb24fd2a12,0,600.0,2
273bea629797,1,3150.0,3
5d09459c94c6,1,1300.0,1
7202cefa3a29,0,8750.0,2
03bedbef716b,0,2400.0,2
161cfbf9ab5d,0,5600.0,1
0b6fed608eed,0,11375.0,2
5359173eff43,0,200.0,0
d8e612d04b0e,0,3325.0,3
6699db3d25d1,1,400.0,0
94540152ede2,1,3100.0,1
2014e0bc8b27,1,625.0,0
d61908404908,0,12925.0,2
e84c5e7bf194,0,8250.0,1
9761e0f503b3,0,3425.0,1
b78eb4ba15ba,0,3025.0,1
a8fe50e4cc3a,1,6575.0,3
1ed605b8066a,0,4225.0,3
212a48eaaf14,1,3225.0,3
81727e190247,0,2700.0,1
21677693ac4d,1,11025.0,3
45675b6d0d62,1,1325.0,1
6e32cc555ebe,1,9175.0,1
759c1e1b1f5f,1,14175.0,2
a2f3bcd00bb4,0,4050.0,1
fd912c8d10fd,0,5075.0,0
6c53ee25a205,1,3125.0,1
5aa902c899dd,1,1800.0,0
96aaa222f2a5,0,1600.0,0
47629e70fae0,0,12975.0,2
e5a1f28e9790,1,15725.0,2
bd1e80d6b1a6,0,0.0,3
b59d9d321249,1,19100.0,2
341a8adcc765,0,850.0,0
e39ab34cfc09,0,5175.0,2
5efef05a044f,1,17850.0,2
c2e7d3852d0f,0,13100.0,3
9e65e071c145,1,7250.0,3
e08d44b886a8,0,8400.0,1
0ba2c74d4df2,0,1750.0,3
9311fb074a96,1,6875.0,1
918c38839db7,1,5400.0,2
12931a0e446a,0,300.0,0
80e102916c7d,0,2450.0,0
b92cf04b9578,1,15650.0,3
87ae2dbcf2ce,0,1100.0,2
16011e29e9e9,1,1850.0,1
e382685855f4,0,1550.0,1
9b6068bffbba,0,450.0,0
c716f7be638b,1,2175.0,0
407d784dcd50,0,8100.0,1
ea25c9e8b581,0,7675.0,1
34a995a5ea3e,0,500.0,0
59299c0ca687,0,22575.0,3
43a062ff7ef9,1,13725.0,3
6b8e63064150,0,2550.0,2
43fd532c9609,0,5300.0,3
064b2ad0fe75,0,2250.0,1
015ee4fcd765,1,800.0,1
82ff68728729,0,150.0,0
1044187734ae,0,5325.0,2
07bd80626ea1,0,1350.0,2
c602b5ccde8c,0,500.0,1
5f6d549fc247,0,34850.0,3
97584d56f286,0,1400.0,2
7b594024390b,0,2925.0,2
33fe67fc119b,0,2775.0,3
24dc0cbefceb,1,5450.0,3
6a8bd7a650ee,1,1300.0,0
45dd415b1e04,0,300.0,0
b80379508c94,1,6950.0,2
71279d0d6a2a,0,34900.0,3
eaa07d4802d6,1,1175.0,0
6c65bd7865b2,1,16250.0,0
80491635d9ce,0,3225.0,1
abe654fdbf40,1,24925.0,3
9804d59b6e77,0,3550.0,2
78d7d070ca6c,1,11175.0,0
99f32ce76933,1,1100.0,0
f056f49dfc66,0,33675.0,3
4610e686b035,1,5550.0,2
3708a2eb9377,1,4050.0,1
8c024112d18a,0,1650.0,1
406fcd15dbed,1,7675.0,1
bddf69b68ef2,1,11025.0,2
faeae2531d8b,1,900.0,2
2a9353a53540,0,375.0,0
f4bb3923a63a,0,15575.0,1
1bdca5f82d05,0,3625.0,3
566be059acb6,0,3250.0,2
cfe6631cce94,1,9100.0,3
2a1237327a4a,1,21125.0,3
553635fa767c,1,5975.0,2
ab5f784bc827,0,2950.0,3
c0fec4560fa0,1,38300.0,3
86e007ce3ed9,1,5550.0,3
4350028a59c5,0,6000.0,2
80adcedb5ab3,1,925.0,2
f8bb6a7c18e7,1,1400.0,0
acc72136f2a8,0,21975.0,2
b9efb0ce81b8,1,17450.0,2
59951ccd861a,1,525.0,0
a44ddcbc1f6e,0,3600.0,2
dc2a232a71dc,1,900.0,0
336d0dc66ad6,0,12625.0,2
23dcb45e43aa,1,17750.0,2
e8fb33d12971,0,250.0,1
d2057b8ab87b,1,6800.0,2
9f75e0e9990b,0,4500.0,2
e7569c5c14d7,0,48600.0,1
ec749c8bf2f7,1,8675.0,3
2da2ee596e4e,0,2100.0,0
7361a9d28a9e,1,5625.0,3
67b3a369ed33,1,1100.0,1
85994284758c,0,38150.0,3
49a1007a1911,0,24025.0,1
48e42b2a0579,0,8600.0,3
065f8eefbd32,1,1325.0,1
dea52c3283c1,1,4225.0,2
36ca99413d59,1,20525.0,1
b470ee1e37d5,0,1850.0,2
d9f56280fe74,0,6625.0,1
c447ad97c93a,0,5300.0,3
6db99c747025,0,11375.0,0
ad6e79b55879,0,2450.0,0
3f1a1a1b0337,0,2675.0,0
eb35b5e35556,0,10075.0,1
d09f0d8011fa,1,13100.0,2
8900077c5d7e,1,1700.0,2
27ca8b29564a,1,7275.0,3
4bb628886757,1,1800.0,0
068c6a3fa3cb,0,1800.0,0
175ac2d0f691,0,550.0,0
f5e464770c96,0,7450.0,2
4f94b20567a3,0,1525.0,0
4e20aa96f6e8,1,23875.0,3
b1d3dff3abb7,1,2675.0,1
e52c51f42092,1,1675.0,0
2317e346a1b8,1,1775.0,0
64b4e8ec67cc,0,24600.0,2
4080313c3934,1,15350.0,3
2079dfa1c64b,1,5275.0,3
026d548ea624,1,21050.0,3
715dcf447924,0,2675.0,3
c3e8e83e5faf,0,16800.0,3
9c25fb5ba5be,1,2100.0,3
8187baf19140,0,175.0,0
cc05a6524470,1,3775.0,0
63e54b427e8d,0,14250.0,2
d3359c461b9c,0,8850.0,2
9470afb7a257,1,17475.0,0
8d00d44bf7c3,0,775.0,0
7025aedb83b7,0,125.0,0
908e2a65bfc2,1,7700.0,1
d712d51c1c89,1,4250.0,1
39b3b612c472,0,975.0,0
d2900347fbfb,0,14475.0,2
251d26bd568e,0,1150.0,1
0daa987b8311,0,41900.0,3
c5fca65f99a4,1,19500.0,2
fb1b77d49631,0,975.0,2
cd32fbc3a037,0,2550.0,0
cc3790719629,0,4050.0,0
2d86ea99c11c,0,5675.0,1
2418f7636fad,1,2125.0,0
1676b379692a,1,1300.0,0
6b9ea49d038c,1,300.0,0
f203b3d09563,0,750.0,1
025f0d3d9554,0,150.0,1
0863618d025a,1,2575.0,2
94e683a4e4d1,1,5700.0,3
0add192faad9,0,14875.0,3
4d90a81964da,0,19350.0,3
6e97369ba475,0,4825.0,2
d80c86bcc194,0,15600.0,0
48dd36fda1c6,1,1950.0,1
9b0c7c0738db,0,4650.0,0
0777fbd5f694,0,4000.0,3
c6428aea6c67,1,1600.0,2
52b1a2f6763b,0,1100.0,2
0adbc67768d8,0,2675.0,1
162f82488580,0,3025.0,2
9b4e3ccdf72b,1,9700.0,3
b24509aed405,0,2975.0,0
76af2a774806,0,11075.0,2
84c28a4004f9,0,975.0,3
e9e15153dc32,0,5525.0,3
6244a1e4ac90,0,1925.0,1
c83308d4901e,0,2950.0,2
d3adf8a56f07,0,8125.0,3
15b77b0eaaeb,0,775.0,1
2c8eec7275f0,0,14300.0,3
cdf683242050,0,1025.0,2
d503ae8821d5,1,8100.0,3
1acf3a322c43,1,2375.0,2
6a26a83e3285,0,13025.0,3
ef7b01327aaa,0,9250.0,2
a7a8dbed37ba,0,25200.0,3
3567a6edbd7f,0,6900.0,3
353193a49574,0,5350.0,1
7dee39b05f52,0,17025.0,3
2a61ea747c26,1,2675.0,1
a509dd610eb0,0,400.0,0
227a66d5a922,0,700.0,1
0b149d7a307e,1,10000.0,3
6ee987f4f99f,0,14050.0,3
0e97700b85c7,0,7325.0,2
773e26ebd5af,0,3825.0,2
6a872c0abe03,0,4500.0,0
789fed275cb2,1,6975.0,2
98c308d3d4f0,0,3350.0,2
71bf219ba706,0,2575.0,0
9326e81ba3af,0,5600.0,2
bcdb168dcba8,1,14650.0,2
34237146b59c,0,3450.0,0
289b12d45229,0,7500.0,3
f9c38da5b497,0,7350.0,2
07fec849af03,0,6000.0,1
9127d27bd478,0,2700.0,2
56e28c0e31d1,0,4475.0,3
75dc0c49e952,0,4225.0,2
f487c732ea6f,1,26150.0,3
e3784daad022,1,6900.0,3
25371af83178,0,600.0,2
acdebd02e4b4,0,13550.0,3
a26649fa1008,0,20050.0,3
91bc9a5bf7b1,0,0.0,2
d6cf11f7b1a0,0,5300.0,1
b9ef703925aa,1,6950.0,3
de487e3a766e,0,1750.0,1
d9a08b583246,0,5300.0,3
7d1db2528590,0,350.0,2
6f19f227bde3,0,16600.0,3
630e245cc6e2,0,1125.0,2
d06cd82426d5,0,1100.0,1
1aef59227430,0,3100.0,2
b8eb14714c58,0,12875.0,3
a9c9d745d611,0,1525.0,3
5c67490272ec,1,44525.0,2
182a9c4f9348,1,6200.0,2
0777f1c93ee1,0,14175.0,3
91903d5976ba,0,800.0,0
ac566af1db50,0,18875.0,2
829fb7ed4f98,0,1550.0,3
86872c4609eb,0,14725.0,3
a5d9c35bf828,0,30950.0,3
4be04cb69b42,0,8150.0,3
fea8c59c122e,0,650.0,1
de17617ff49a,0,200.0,0
4d8acc5bc849,0,100.0,0
cdc59ee40584,0,8150.0,0
391311804741,1,3200.0,1
af69f414d5be,0,27750.0,3
b4969f564d64,0,5025.0,3
73d7c6af0486,1,13450.0,2
a70647bfd5ab,1,2550.0,1
c342180c05b1,1,7525.0,2
19173ff260fa,1,1075.0,0
5eaecde67954,0,3650.0,2
fb12cfa0ba34,1,1575.0,1
7786fe7de615,0,250.0,0
b872e84a41fd,0,1300.0,1
9ce5e8f20b65,0,3025.0,2
414c413b5680,0,12600.0,2
823390c304ad,1,2825.0,3
3302be0d9f24,0,1000.0,0
a368bcba4b7f,0,12050.0,3
093eaff47875,0,8425.0,2
972f0c522f89,0,100.0,2
8258bd5a9a9d,0,4200.0,2
bef261ef041d,0,41225.0,1
477e2e540ed0,0,14725.0,3
c4094cd9157e,1,14800.0,3
aa3c13fe0980,0,2050.0,1
0af627c47d7c,1,7250.0,0
0f4636eeb629,0,10525.0,3
54add5aed050,0,2650.0,2
10585d71f7ee,1,2700.0,3
b96ab0be6722,0,3400.0,0
3bcdb9c1b7b7,0,12400.0,3
27d89123d2d9,0,5425.0,2
9849a44baed2,0,12000.0,3
1016192a7205,1,1200.0,0
d4dbb89aa774,0,350.0,0
55d729e9a51a,0,3900.0,3
0c103f86b773,0,16000.0,3
2e3e2088567a,0,3025.0,3
705c64965c69,1,1225.0,2
36cf230889af,1,5950.0,2
f52681b99cb6,1,12225.0,2
7e3030552e9f,0,9250.0,0
21ee18e1731e,1,28475.0,2
615a162a5fb3,1,8800.0,1
e35e114787ac,0,550.0,3
28515f8fc472,0,11500.0,0
47cefac495e0,0,1525.0,1
f219d727b972,0,25525.0,3
4bda593b8878,1,10075.0,3
174d9d3b6376,0,4650.0,3
a2328987e701,0,1100.0,0
bee296a2fc78,0,400.0,0
b5ecf3650b56,1,100.0,1
a394ea3db9f2,0,5775.0,2
bb426625faf2,0,300.0,1
7ca3e97c07bb,0,6100.0,1
0f7d7cf6d9c1,0,2100.0,1
95384f1c3d81,0,7550.0,2
daf313758016,0,7750.0,1
cb26ecdf6a3b,0,2250.0,2
41db909c1265,0,1000.0,0
7fdaf5e9c436,1,4250.0,3
5ae51a6e311f,0,8900.0,3
86dd049a4634,0,12275.0,2
51270306d895,1,12525.0,2
f1f1045410ef,1,1675.0,1
7ae524c5fc9f,0,10350.0,3
41e40629cec3,1,10300.0,1
666fa30a4150,1,4450.0,2
b67fd785f0a8,0,250.0,1
c15543cd1385,0,2550.0,0
14dd29f703dc,1,9900.0,3
e58333363115,0,1425.0,0
1777f5f59787,0,450.0,0
5619d4421977,0,2500.0,2
31dfacb3308a,0,2650.0,1
4bb8b50ac6e0,0,950.0,1
65356ffbc17c,0,4350.0,2
c59857b38fe1,0,10625.0,3
92ce15f3d108,1,8800.0,3
bd59dbba964d,0,900.0,0
fc17ace37067,0,2150.0,3
6824fbf16d43,1,18375.0,2
dd8fabf11261,0,2175.0,1
d43e080a8075,0,1850.0,0
211d72d92d0a,1,16375.0,0
378a81db26d8,0,4525.0,3
7015834a1730,1,11200.0,3
2393f1d2c8fa,1,875.0,0
f3acb823c449,0,23275.0,2
4b7dc99cd31f,1,1100.0,0
88bcad31163b,0,14000.0,3
4c478f152646,0,3000.0,1
a75bcf77c58c,0,0.0,0
2e0cdd98496c,0,6000.0,1
ba70a0043ed9,0,600.0,2
551b4ed24b9e,0,1575.0,0
02f4c85e6c00,0,11575.0,3
a31989c8aafc,1,1225.0,2
b3f24411900f,1,20000.0,3
8400d1590806,0,400.0,0
02c67b2f1af0,0,6875.0,1
9627023e197f,0,1500.0,0
54ad56b92957,0,18600.0,3
7463bfc456df,0,0.0,0
788c9f3cdb4a,0,3300.0,2
08ee8488c9ce,0,3225.0,2
3489333392c4,1,7750.0,1
e92ad1e0413f,0,350.0,1
c6a4333d2e89,0,1900.0,0
83e4ebefb8d3,1,3225.0,3
eb34da724039,0,28950.0,2
be06b4a543a6,0,21425.0,3
3b3ac3348de1,0,400.0,0
9f3a4f8e06f2,1,55250.0,3
3ded8400305e,0,500.0,2
93f5ec6e34b1,1,6750.0,2
9010e3a5d99d,1,2450.0,0
6643bb4aed29,0,400.0,0
dc07bf7c579a,1,12100.0,2
1701ef2d68ab,1,2050.0,0
e8495e6d17b2,0,2850.0,3
2256426172d8,1,18275.0,2
17af2a196a86,1,17525.0,3
5708362f64eb,1,2350.0,1
8f2dcbe65402,1,1975.0,1
b866db73901d,0,1800.0,1
c15ae4363d0a,1,2200.0,2
5a18a4670cfb,0,5225.0,2
c771ffe7e001,1,5225.0,3
9cbc848164dc,1,35850.0,3
164d418932f0,1,7775.0,2
7f8ed05dc0a7,1,1250.0,2
6ae91a0a2fd7,1,13900.0,1
39a2b56aeb72,0,29425.0,2
7a73434f6455,0,100.0,0
9f7aff833a4e,1,13300.0,0
32262a30dc56,0,2000.0,0
fb706a51dcd4,0,11350.0,3
04edd2bd488b,0,13825.0,3
31b132429bba,1,1700.0,2
36c9f53ba76e,1,2000.0,0
3370f2903a53,1,1300.0,0
b60c1405b5c5,0,6900.0,3
47268d64f691,0,16200.0,3
22905c4ea0a3,0,19800.0,3
54ac97e3d1e2,0,7000.0,1
7c3a124027f4,0,750.0,0
6714593699b0,1,1575.0,0
2149d671dd77,1,7900.0,1
a1715b0ffd3a,0,1200.0,1
fec7b6c14c2d,1,1300.0,0
17f5f6152210,0,3100.0,0
5fc6565c6c19,1,1725.0,0
381ea8e55618,1,18475.0,1
140420f470ed,0,3600.0,0
1bce4a2ab0a5,0,12675.0,3
e2d9765893c6,1,1175.0,0
1432863afe14,0,1600.0,0
9d916c285c2f,1,12150.0,2
b7e73723842e,1,13450.0,2
147650471fa4,1,2100.0,1
667a11010f20,0,28275.0,1
013c47882484,1,12300.0,3
97f5f9b5336f,0,500.0,2
5da015f45dcc,0,1650.0,2
b198d8b7adfe,1,1700.0,1
64e3afaa4add,0,10025.0,3
cad171359f82,0,2325.0,0
f949f0b6367f,0,3650.0,2
dc25e5519dc9,0,6875.0,2
679e17fc17dd,0,300.0,0
e616dae81099,0,1800.0,1
3272aca7bb06,0,26200.0,1
2161807aa726,1,3175.0,2
580b3f36459f,1,6050.0,1
660813c88328,0,9975.0,2
058e2a3e38f5,0,12475.0,3
37ab91a57280,0,875.0,0
c5979d4918f2,1,1625.0,3
563d5d13d8e1,0,200.0,0
1b4c4e8e4514,0,11300.0,2
c9861b9e9563,0,5200.0,2
dc03fbe95b95,1,10500.0,3
632d072daeff,0,450.0,2
456539e3673f,0,5450.0,1
35c68a861cc9,0,17875.0,3
313592109593,0,49925.0,2
ac6501ee70f0,1,6750.0,3
a8116883b641,0,300.0,2
6ad23c5b4d8a,0,4275.0,0
c2198582a5d3,0,750.0,1
4b4ade2d425d,1,6000.0,0
1720da5e80b0,1,1750.0,0
26a210317a72,1,3675.0,0
55474d8cd836,0,22350.0,2
e9b75e60a218,0,24500.0,3
b28768c6f72e,0,2550.0,2
6c5aab355f69,0,42825.0,2
b2dc988e6376,0,31075.0,2
bef5c67cced0,0,14450.0,2
36ab1b38533c,1,25800.0,2
2bea10d6fce4,0,2350.0,1
bcb19c7f7071,1,7300.0,2
79ef9ff5718a,1,12150.0,3
4e03f587cbf2,0,2700.0,1
4e7848d45d64,0,11350.0,1
c4960ece95a3,0,14375.0,2
4a4c6dc7d897,1,1600.0,1
948c5bc55fdb,0,5175.0,2
ccafc22c113e,0,2625.0,0
5dc1ffa1e366,0,350.0,0
6af128484735,1,3950.0,2
73d47d46a8bb,0,350.0,1
81419bd9a4e6,0,2900.0,1
2fb48f21382e,1,25700.0,3
d184257dc681,0,23750.0,3
bfb02762a6a3,0,5975.0,3
61c782f8853b,0,1025.0,0
c4aba10a8df1,1,2700.0,3
f7744ef18251,1,10375.0,3
e2369643fda3,1,5400.0,1
c6eba9824ef5,1,1400.0,1
87df97e29273,1,10875.0,3
2385537b001c,0,800.0,0
34fcf0cb90b2,1,18475.0,3
db80b611c1ab,1,2900.0,1
99baa7786863,1,13650.0,3
20dacd9c604a,1,525.0,0
2922e31a8603,0,1450.0,2
23288355ac54,1,5600.0,1
9b73a33ffae8,0,2750.0,2
bba8754715f0,0,7200.0,0
fbcc33186209,0,6850.0,3
ac5ab3bd8ab9,0,4850.0,1
5a628b182133,0,17900.0,0
076234ce91ce,0,34375.0,2
595d3183fe21,1,7325.0,3
2fc974dec896,0,2500.0,2
f0ed4d06f2b6,0,19150.0,2
3cbd4b0ff6e5,0,1950.0,1
845907bda515,0,200.0,0
7a599a29171f,1,5700.0,3
0fc1389321c7,0,550.0,0
28c5b84652b2,1,16075.0,3
a173a147a35c,0,2800.0,2
c8ad40c84d0e,0,0.0,2
5e7b0191c120,0,25450.0,3
a08a7f68f703,0,2675.0,2
972d68921d7b,1,17150.0,1
3cf2c9f60575,0,20100.0,3
59dd39d8463a,1,7200.0,3
44ef93d3ec43,1,800.0,0
f2b3144ef2f8,1,1775.0,2
76a043e95f2c,1,5425.0,1
f13451a2f73e,0,1150.0,0
1899a42d0618,0,15700.0,2
98c941a99f43,0,9450.0,2
9c849e68c056,0,250.0,1
383f76cb6628,0,2250.0,0
efebcb86988c,1,2900.0,1
fc9e57146689,0,8400.0,3
94fe5fba7f0c,0,6175.0,3
0d90587da127,0,4250.0,2
0ad828d40cbb,0,2450.0,0
4e8b342dcf97,1,2250.0,1
d73079099fc2,0,1300.0,0
49808ca29bca,0,1675.0,0
bae7724dd3fa,0,10800.0,3
4a6bf169930c,0,3950.0,3
11a6eda043cb,1,20525.0,3
41331126fc92,1,8525.0,2
73e2ff9f4e25,0,15800.0,3
2b346645d5e2,0,5275.0,3
73107b61c273,1,1600.0,0
24119a981dc3,1,9500.0,3
b4bc7f480567,1,4425.0,1
74559bd9b37c,0,16200.0,2
0c159cc52806,0,650.0,0
d77909969757,1,20525.0,3
d95d5411da49,1,53050.0,3
080becde4d1c,0,4000.0,0
74d839e84973,0,3600.0,1
7f823f455ed6,0,23550.0,2
574466ef796d,0,39600.0,3
fe25e75974c0,1,17600.0,1
a654e6b52031,0,675.0,0
2160aa62db01,0,1650.0,2
5de48d596caa,0,15325.0,2
a627f9257b37,1,3600.0,1
85941d13dd5c,1,2375.0,1
76fe0f9008ff,1,30150.0,3
ac5d91e5954b,0,4525.0,1
63c9767b862c,0,1800.0,0
e40a7c9633f4,0,17600.0,3
4a923f846375,1,63450.0,3
a20cf59aeb89,0,22525.0,3
5f8a0d4a76f6,0,3950.0,2
45f4712de77a,0,325.0,2
067fe5d63324,0,100.0,1
279ca6867e1f,0,450.0,1
221b06894ef4,1,25375.0,2
910ee96b8a25,0,11500.0,2
43eaadee16d6,0,3925.0,2
dedf7074843b,0,900.0,2
d47e1f70aead,0,8650.0,3
cfb124c7c83f,0,25525.0,2
ade5e7a4636d,0,2100.0,2
829f0b6258be,0,3000.0,0
cadaa92907ce,0,100.0,0
58faac2132d8,1,1975.0,3
c5eff6e31d44,1,19625.0,2
9c2681f776c9,1,1200.0,0
b001bde2b2fd,0,1850.0,3
a4f2cfadde2f,1,5275.0,2
8756a272221e,1,12425.0,3
7a1d7ebc4e71,0,2800.0,1
bbfd7ae7ea4c,0,1875.0,0
de5ad296967c,0,200.0,3
de5efd11bdf7,1,7175.0,3
2ae34c702db1,0,2225.0,3
00b6b6f53b99,0,23850.0,3
cfc898570907,0,4800.0,3
f8386ca68b8f,0,1150.0,0
da59a8861b02,0,300.0,0
eceee1cb3228,0,17175.0,1
02ed911e07c1,0,16500.0,3
64bdc14de521,1,3800.0,1
74738d0376d4,0,1800.0,3
4deb4067bee2,1,1600.0,0
147cd5f4b70e,1,20950.0,2
b00cc26ba1d1,1,4500.0,0
1bd34e5e1f99,1,825.0,0
a2634de7427b,1,2925.0,0
53743c632b7b,0,2375.0,0
ae7f2b81cb36,0,1875.0,3
2072597f250d,0,6625.0,3
bcdb97e04802,0,1425.0,1
6e2b3696f533,0,16025.0,3
988e5fa3a163,1,1300.0,0
40ab40cbb7a1,0,300.0,0
11b83213a1ad,0,22225.0,3
9f079c648d79,0,1100.0,1
6ac139797b9e,0,150.0,2
d1e73832774c,0,4925.0,0
380480a5f820,1,1900.0,0
962e826baaa1,0,19625.0,2
5f6a6bf42ad1,1,11950.0,2
9b69ed4b8099,0,4175.0,0
066963508ff0,1,5075.0,1
434e89f99ab6,1,575.0,1
a0c28f800811,0,3000.0,2
f03d7cc99a0b,0,5250.0,2
29acc34e5ce9,0,1550.0,1
85a35a50b4bb,1,2250.0,0
0fe20e548d38,0,2800.0,0
758eaaa83a77,0,2100.0,0
6231395b510f,1,1225.0,1
d797dc6b7144,1,8900.0,3
5ddb59f9a799,0,26075.0,3
addf9bfaf5ae,0,3325.0,2
0ce73dd441e1,1,6250.0,1
93ff7d22bf70,0,12925.0,1
cef0b0396d69,0,50.0,2
17bfb6855a07,0,2650.0,2
c9fc05a439c8,0,500.0,0
40e3a50d83f1,0,1750.0,1
0723420748e1,0,2850.0,3
0fa9cd2bdffe,0,8350.0,3
97d809f1d9fd,0,29975.0,2
785dd3fa9dfb,1,11850.0,3
4d4f3155db18,1,1200.0,0
2ac8364444ef,1,1600.0,3
37a500fca8e1,0,1475.0,1
7334b8bc870d,0,2600.0,1
d6aed2df7b95,1,8375.0,2
34826ddc8cbf,0,1700.0,0
2bae87ea28fc,0,1000.0,0
977dbc0ec8c8,0,29775.0,3
140380799fe4,1,31000.0,3
2919a8e6b887,1,10750.0,3
dbd6b79c082a,0,1000.0,0
9a07cab8bae4,0,1700.0,0
eaa59b3b9302,0,13850.0,3
1f6990ee31cc,0,100.0,2
320c4965daf7,1,13450.0,2
de70d82533f7,0,6000.0,0
9cafca4e6327,1,14250.0,3
a69e0a99b9d3,0,12500.0,1
6023889a221d,0,17450.0,3
cd3e946c99ed,1,4250.0,1
d3f0c5ef1e2a,0,2100.0,2
7c0cd200a656,0,2600.0,0
4441710c3a0b,0,23200.0,3
4e5a6d5b24bf,0,3000.0,0
f2ef520840f3,1,6575.0,3
26d2d8a25ade,1,8450.0,2
4b2c3f35a8b9,0,2600.0,3
2ae7c395155d,0,2775.0,3
61ac9b90f5a6,0,1500.0,2
814145653a51,0,10925.0,3
f4fcf1997a35,1,800.0,2
1b6adecb4e73,1,5975.0,1
26737670fb25,1,1625.0,2
10b9f84a7458,0,32950.0,3
8400ec216dd1,0,12750.0,2
fa202de235d8,0,16550.0,3
5680d1060e27,0,8850.0,3
fee9b83c9895,0,1375.0,2
f3cba5adb39b,0,5500.0,2
738c84b20034,0,15575.0,2
348a52ae2229,0,27425.0,3
a9e8b53d8650,1,1775.0,2
871b0cfba3f8,1,2625.0,0
0f6269848356,1,6850.0,0
8cc1ee13176d,1,2525.0,2
70e06dcae520,1,2050.0,0
658028ea5ec4,0,9975.0,3
cc54965e81ac,0,2950.0,1
44e2777967ac,0,2200.0,1
27d47dcf961a,1,11225.0,1
83a7ba3ea018,0,400.0,0
49ca7ed29fb9,0,20000.0,2
e79957ba4cbd,1,1500.0,0
d30753749955,1,12950.0,1
02cc6ef54863,0,7350.0,2
212e74cd65ae,1,7900.0,2
6c3a4193b5a5,0,1600.0,2
5bb0174baa25,0,1925.0,0
aa315962c911,0,100.0,0
7652aefc1138,1,2075.0,1
adfebad7d932,1,5325.0,3
c2eb0544f4aa,1,18250.0,2
f5c1fa2877ba,0,4000.0,2
6566fda87950,0,9200.0,2
246619d157b4,0,2700.0,0
b085a8a6fc50,0,0.0,0
d35a70702618,1,1850.0,2
af92e1006d5f,0,3650.0,2
23a701310d3c,1,1250.0,1
8b52f811832d,0,1800.0,1
862688182129,0,16075.0,1
d3ddded01f1e,1,850.0,1
ae3447be093f,1,5475.0,2
6f19ed513bff,1,200.0,0
a6bd088c6df9,1,2200.0,1
91a2056fb72a,0,1700.0,0
83a5db83f13c,1,9475.0,1
523ef1d78744,0,2525.0,1
5cb4a20ea65d,0,2100.0,2
9d4e75065061,0,1700.0,1
6684e95e3265,0,2775.0,0
df551390a491,1,2450.0,1
f89571d62769,1,5600.0,2
f81aeb8cb163,0,3125.0,1
129d54afecf5,0,4025.0,0
7a2dbc5be8c2,0,2825.0,1
d31470883cf7,0,12700.0,3
0c5b1a7545be,0,15800.0,2
12778cf78f26,1,7650.0,3
2f92146b43ee,0,1600.0,0
4940327800cd,1,24550.0,3
72cf796d9073,0,13300.0,2
152e81696f1a,0,3775.0,2
f93d8729ece8,0,200.0,1
1d4f850db611,1,8475.0,3
0f3100430d24,0,400.0,0
7ab2c94ff21f,0,50.0,0
cc4ee5dc9ab8,0,4425.0,2
2c7fe31d4b55,1,8150.0,2
acbcc606c950,0,6150.0,1
5777c72feb7a,0,5425.0,1
87b5128c093b,0,12350.0,0
a6ac71e075fa,1,5200.0,1
5483b1b15a73,1,19500.0,3
2f14dd2e36ea,0,100.0,1
bdb93b4486ba,0,1675.0,1
b1aa731a9cfe,1,1000.0,0
c0b0968f1557,1,10550.0,0
78d9f63054e6,0,4300.0,1
faccf7f06641,1,10350.0,2
a6a5a87cd564,1,26375.0,1
891f52587800,0,9000.0,1
47fae3e3d60d,0,7925.0,1
165bd42cf14e,1,2900.0,0
c30363268d91,1,1825.0,2
2f09177348b3,0,2175.0,1
653b3d672668,0,1625.0,0
7235a027d5ed,0,4625.0,1
9dbb2301dea9,0,7550.0,3
cf9ffb6360bd,1,1075.0,1
673e9523f9fd,0,100.0,0
2a435cba07e1,1,19650.0,2
d16f81fc37ea,0,5500.0,2
2d10cfeabce3,0,15075.0,2
997754f3cf01,0,11275.0,2
8ee6bcfc072c,0,4825.0,1
fc8b1ab4145c,0,5450.0,3
2164f739ebb9,0,12050.0,3
cd4bf67d428b,0,1800.0,0
344527788f0c,0,750.0,1
a5b036681de9,0,4725.0,3
7b076747c550,0,42100.0,3
3c5894698e93,0,750.0,1
c89f9dd34e98,0,2800.0,1
c2206278bbf8,0,1625.0,0
af91b4e0cdc0,1,9400.0,0
f302ec0bdabd,1,1200.0,3
996554d81122,0,10225.0,1
5ee02ba17843,0,1925.0,1
e57fb2f29bf5,0,1850.0,3
aedf41661fa9,1,8275.0,3
01c1b85521c8,0,2300.0,0
af721aa95f3d,0,3000.0,2
0c1a64bd735a,0,2250.0,3
74a6cc55639f,0,5200.0,2
7de5cb82fcf8,0,4850.0,3
5be861114802,0,16900.0,2
2587491d5e88,0,1350.0,3
15a8b8447237,0,30500.0,3
adb5f098c86f,1,15075.0,2
1a93a5bff415,1,6225.0,1
1694cd25e192,1,13525.0,1
6d93e49a60e4,0,3700.0,0
0166fc177b22,0,2800.0,1
6be8bcbc593b,1,6550.0,2
2abd154720b0,1,7600.0,1
4df477163055,0,775.0,0
69e632e36f02,0,250.0,1
628d21627004,0,900.0,3
2e4fec7d7d1e,0,18425.0,1
f9ade1d9acd0,0,11375.0,1
79db461529ab,1,2175.0,0
30b84512c524,1,2175.0,2
d2aaad151ab1,0,1300.0,2
dc07b931ec12,0,3000.0,3
494d74882e15,1,16275.0,1
57f11426c3f1,0,1675.0,1
0af4f95c7f09,0,2400.0,1
199fd541e3d4,0,40400.0,2
5c97d4d0f210,1,8175.0,2
2d63d832f873,1,16450.0,2
f3800adca86f,0,3100.0,3
57060402a604,0,2200.0,0
c468d44aaa6a,1,4625.0,1
c099b22601b4,1,2125.0,1
efe82af12b7a,0,1625.0,3
eb759e66c2a8,0,95375.0,3
1e007f1f6874,0,50.0,0
ca81c2ab2960,1,22850.0,3
c2852f5d2ee2,1,3200.0,0
e4d247ae75c0,1,1400.0,0
014dc18acd1a,1,4950.0,1
2b1980be225c,0,3775.0,3
b373819b1329,0,650.0,0
1bd342c7ee3c,1,1300.0,0
47514820fd95,1,550.0,0
8668e4fafa03,0,900.0,0
60365bf4e761,1,1300.0,0
c81cffc95c09,1,8600.0,1
987b1d5e8847,1,4275.0,1
1d0288d17aa9,0,2075.0,0
c227129fc1c8,0,3850.0,1
759f0d0e44d1,0,4050.0,1
c0af41c5b55d,1,2950.0,1
bc7ff3cc982a,1,1575.0,0
c7b5425985f3,0,3000.0,3
fbc565750581,0,1875.0,1
34211a6670a0,0,1775.0,0
0da90bcd0df0,1,42300.0,3
f5e2ccc63a50,1,2725.0,2
9925beb78fa4,1,3425.0,2
c77c992386c1,0,2725.0,1
5a990335156e,1,1825.0,0
53298a13165f,0,12225.0,0
0af933952361,0,1300.0,0
186150139737,0,825.0,1
cc25a6534d34,1,1300.0,0
ee610628c451,0,3400.0,1
fa3fde0bb3af,0,6450.0,3
d6b86b7ff0e9,0,500.0,3
c30cd973a761,1,7300.0,3
5289ed374404,0,20325.0,2
58eafe7b523e,1,500.0,0
afe620796939,1,1400.0,0
195b9b463359,0,1350.0,1
e11c72d2062a,0,12350.0,0
86fd47f2b3f3,0,3750.0,1
ed409ec58658,1,17825.0,1
480a12733eeb,0,6325.0,2
9a011557a11c,0,8600.0,1
576c8d09db71,1,29075.0,1
ad31c4bb4ec3,1,10875.0,1
55e06ef575c8,0,8800.0,3
a4ed07039491,0,8050.0,2
21974951e436,0,3925.0,2
6646d45f08d3,0,1625.0,0
035800ed83e0,1,4575.0,2
c41247b9ae94,0,4150.0,1
13467b81031a,0,850.0,1
867ee5bb2878,1,1400.0,0
b03f15eb80db,0,12550.0,0
9075e587a405,1,11900.0,3
55d8eec13d3d,0,31500.0,0
c97bd48d9678,0,2525.0,0
780fb8dad714,1,12350.0,1
575aa3be09dd,1,5800.0,1
b010b9dff1d1,0,6925.0,2
e957e47c8a85,0,5050.0,3
ec1d52572252,0,14300.0,3
1b5ce113c53f,0,1000.0,2
7cb9b4236c7b,1,10475.0,1
dc324bcc9958,0,3000.0,0
09d2e650bb73,1,5050.0,3
8fdb91704ba5,0,34050.0,3
d83cee2b38c3,0,400.0,0
689154b153cd,1,1100.0,0
5a7747a9d6c2,0,7000.0,3
5c91eb4fcc5f,0,225.0,0
309f0d6d11f3,1,9725.0,3
8b65c045441e,1,1650.0,1
a4440a61fc3c,0,2900.0,0
a7bb28deb24c,1,5700.0,1
238017aae7e1,1,5950.0,3
e051f17017bb,0,14025.0,3
c6c9a47c2ea5,0,1875.0,1
b7e34265331e,1,9125.0,2
e473c94fe2a6,0,32075.0,1
8e4a3a5ac983,0,100.0,0
da50f89871d6,0,1800.0,1
d86db1e49157,0,8050.0,2
011b054f211d,0,5525.0,1
9ae1f2e78843,0,11300.0,2
dc5c79541434,0,6750.0,3
66e3bc08b225,1,1800.0,0
f85b0331d15c,0,22675.0,2
52ededdc439e,0,25575.0,3
ce04d6c72c46,1,35700.0,3
47113cc3ade1,1,1000.0,1
59c6ddae2e24,1,4400.0,2
b24f92fcdfa0,0,4475.0,3
5f22eaad2ef4,0,1900.0,0
f3ebb670b822,1,700.0,0
3899e29332b6,0,3200.0,0
dbf0cb783393,0,3400.0,3
fd16d19a993d,0,450.0,1
52d731d42a41,0,7350.0,3
267a44d9ff1f,1,35925.0,2
602ac1bf7c8c,0,6675.0,3
2976cb6455c7,0,4700.0,3
322eaaf0ee05,0,3150.0,2
c08c0c44fc8a,1,8650.0,3
8fc2df86b12a,0,700.0,1
51263a80a89f,0,1300.0,3
586a8872b954,0,8550.0,3
63c134bd98b7,0,5200.0,3
f27572876118,0,1225.0,0
d0bc9c2d9929,1,5575.0,1
a7c84a4da3b2,1,3500.0,2
612fbf335212,0,350.0,1
216725304c10,1,16975.0,2
bb9b07bb672d,0,4650.0,3
f6542430c870,0,700.0,2
f2a372688781,1,1100.0,0
51ec8ab10d55,1,7800.0,2
6e4596103567,1,11500.0,0
8c17d707e16a,0,2375.0,1
ad8518e72a10,0,11600.0,2
1f46d7b291c9,0,3800.0,3
a9bf719a9114,0,43550.0,3
d9a67d58471f,0,850.0,3
f75a1578c015,1,12300.0,3
376b7926536a,1,7475.0,3
b3d99f886131,1,5550.0,3
5a1ad21b762c,1,27500.0,2
702684c7d3cd,0,450.0,0
5c3bf9c666dd,0,6550.0,2
e8d44fe88e97,0,2150.0,1
13234ca39dae,1,4000.0,3
ea567d6d31f2,1,575.0,3
b9052c83a600,1,1900.0,0
0ffda1a2d0ec,0,1900.0,0
df04f8481367,1,100.0,0
6b5c236ad94c,0,4100.0,0
b93e1b691d17,0,4250.0,1
047e99f51540,1,13800.0,3
6b640436f3dd,0,5500.0,1
6e9030db6f27,1,11225.0,0
56670c2992bc,0,1875.0,2
cdb3ddca6495,0,9350.0,1
bb3b33ff2657,0,1500.0,0
b84d640addb0,0,9200.0,0
916ea8d2b870,0,4625.0,3
c865bcf72513,1,2575.0,1
7e0773f7d080,0,8550.0,3
0f6ea5472006,0,650.0,2
1efd7f9f95d1,1,7750.0,3
05033322c3c0,0,6700.0,3
880bd5e79dd7,1,8425.0,2
9646e736929d,1,25825.0,3
318dc0f16ef9,1,7750.0,2
4e30241283dc,1,4250.0,2
1291fb81a7e3,0,3950.0,2
15192041518d,0,900.0,2
8117cc4d9f1a,1,1200.0,0
f1aa85a5580b,0,850.0,3
6c609ee6ea5c,1,6050.0,3
3a6499c276b1,1,2400.0,2
9e25f1c4b8d6,0,600.0,0
0617eac4f16a,0,18675.0,2
46e60e425844,1,9175.0,3
17ade25dd38e,0,10200.0,3
bb1c56b582ba,1,2725.0,0
d4974a0a649f,0,4600.0,0
a75242efd6dd,0,850.0,1
9ef69d81cc4a,1,9925.0,2
f929cf22f930,0,5200.0,2
42e25dc9ddad,1,14800.0,1
b9c60eaa562c,1,17875.0,2
1a679411dbba,0,1650.0,3
5caec2059170,0,6225.0,2
d2e1a0b15e55,1,4475.0,3
eee8948d2b3d,1,21900.0,2
63b52f3752e3,0,19700.0,3
465f3592c7a2,1,19650.0,3
84188b69fafb,0,5575.0,3
03132a8e9e09,0,14450.0,2
2b357e344df1,0,2400.0,1
23e493172726,0,500.0,0
46406b3318fa,0,9300.0,0
0e44e1cef548,0,525.0,0
3a65a968bfd6,0,2275.0,1
a1e3710bcf4e,0,2800.0,0
6c7dbf64bbcf,0,250.0,1
6f6262589057,0,23250.0,3
b2022b0707b2,1,2650.0,3
7eedaa0abd54,1,1200.0,0
5248b3f7d9f2,1,925.0,0
46d34caab155,0,19975.0,3
4cbef595bfda,0,1900.0,0
71d1662576e4,1,25400.0,3
6c2f694fe038,0,1700.0,3
84fc387dc98a,1,23100.0,1
de6d12002bd2,1,13325.0,0
f39b38cb012d,0,4200.0,3
6cc5934cf0c1,1,19900.0,2
1f7c5d91750c,0,23350.0,3
4e032cc01f9b,0,18050.0,1
aba2eb73a15f,0,1250.0,0
9d9afcf186bc,1,10500.0,1
715fabe1706d,0,14375.0,2
83493472675d,1,3050.0,1
c64ec7537222,0,21625.0,1
ce1e3df340eb,0,26925.0,2
2d2521a61b63,1,2400.0,2
d25aa36b10ce,0,4750.0,2
b3d1ee50ad80,0,31050.0,2
1121e44d8476,1,5575.0,2
beddfa7bccbf,0,40450.0,3
82bb5cfc7b69,0,1225.0,2
c5a24f25397e,0,19900.0,3
623142d3ea00,0,650.0,1
41ebc9082747,1,5450.0,0
20546043ed2f,0,2950.0,3
66a626cbd2e4,1,2900.0,1
285dbca2036f,1,12875.0,1
6d15e9aae5a4,0,2825.0,1
9c99e4eec92c,0,1200.0,2
6660ee57a4ed,0,2125.0,2
b0a4f622dea9,0,5000.0,2
5591a3422f21,0,900.0,1
6538bbeb7d88,0,200.0,1
5f4a71d59874,1,2050.0,0
c8879c19a723,1,3250.0,0
a932e906557c,1,16400.0,1
0a9ffec2a4c7,1,6725.0,1
253061fe06cd,0,1500.0,0
41cd42a48e61,0,400.0,1
a1544d03bd0f,0,1250.0,3
68bf15712ff3,0,1825.0,0
0ae2596a8a8e,0,2550.0,3
3cf9cc3663ef,1,550.0,2
f8d63f818f7e,0,100.0,0
52eeb552db30,1,31800.0,1
983c47c15559,0,23850.0,3
78975e10f64b,0,3600.0,0
c2a327ca14d7,0,2700.0,1
9d0ddfe5b2ed,0,1100.0,0
d6c54280a74b,0,1050.0,1
081e3f8ce0d5,1,5625.0,2
768ca9f35ade,0,50925.0,3
f8998797eda5,1,1550.0,1
03f39829faac,0,7625.0,2
57bbf3e1d830,1,2975.0,0
fcedfd9dc56d,0,825.0,3
d673f4e4c34d,1,3175.0,1
3fcaca87d383,0,375.0,3
f183f94abd0f,0,6000.0,3
7400fa0fb0d1,1,10700.0,2
cf9435eb74e6,0,1725.0,2
36fb27bc5955,0,4650.0,0
df34a45b5686,1,40050.0,3
01e26b2251f6,1,1300.0,1
8e4b61fb4344,1,15925.0,3
66eadcde4fe7,0,42850.0,3
ef87edcd38dc,1,4100.0,0
04e165b7228b,1,4550.0,2
02c7ef5399a4,0,3000.0,0
20e60060b8a2,0,2300.0,1
de80d84f454a,0,18950.0,3
12668a30ad8e,1,4650.0,0
c6d15549b409,1,3675.0,0
c386908682cc,1,2150.0,1
1cfc930a1088,0,39000.0,3
6e7a773f381f,0,8925.0,3
e8387924f7d7,1,2675.0,0
b24ac8228b46,0,1800.0,0
efbd8c63c952,1,3425.0,2
d6835461754b,0,2200.0,2
285712c286df,1,1850.0,0
0a3203b48ac3,0,3875.0,0
e22d01e795ca,1,14275.0,2
7f8d45a87a68,1,825.0,1
0474720ce1ee,0,19850.0,3
7edb8b8c9824,0,3050.0,0
1647f144e48d,0,1950.0,0
e316ecf137cd,1,1550.0,1
6bdbdcc577d8,0,0.0,0
11dfbd57a803,1,2400.0,3
19af0cd6d698,0,3625.0,2
856fed8cc366,0,2400.0,0
4f9509d72c5f,1,4050.0,2
ba6f4c99b8b6,0,5875.0,3
d8c788a2c822,0,7075.0,3
39b1383ca7c2,0,8000.0,2
57ddc4cdac19,0,1200.0,3
7b51e183dcd0,0,6975.0,3
3da4912b2509,0,9275.0,1
4a920aa41771,0,1350.0,0
69566b487482,1,1300.0,0
2ec91d5e8870,0,1850.0,0
2fdcadf07fd8,0,32275.0,2
780e7a50e8c3,0,7625.0,2
6cbdc81b1365,1,2475.0,2
3dc979922323,1,4175.0,3
6ece4cf40fd2,0,18725.0,2
8cb7bf60ce4b,1,7200.0,2
a8d6060d414f,0,14725.0,3
8479fa9a378e,0,18875.0,3
2272321f9037,0,5475.0,2
2e265667ed7d,1,3375.0,0
b7da7badd69f,0,9300.0,3
4358a1fec254,1,3650.0,0
69847327f0a0,0,67525.0,3
36e107c58459,0,550.0,2
5b17e34b6a67,1,15075.0,3
d95202833042,1,11325.0,2
33a360798518,1,11600.0,2
48151be568da,0,2575.0,2
5de9652f387d,1,3525.0,3
533473b1b329,0,10950.0,3
c9b1a90f1e07,0,125.0,0
033667dc0865,1,8825.0,1
a4b8f86fe35d,1,23150.0,3
3e1b32a30608,0,750.0,1
8c0c5e398b50,0,1800.0,1
7a109a689b30,1,12225.0,3
aa8aa93db19d,1,7200.0,1
f11625ca79ab,1,2675.0,1
bf060bbedbfc,0,15500.0,2
e67cb3144452,0,4400.0,2
c77fecc23234,0,750.0,0
8d948ac824c3,1,12150.0,2
92567b2a7e7e,0,3650.0,3
e831bd8d7f64,1,20800.0,1
e1f951de96e5,0,1300.0,3
0267e815899b,0,6000.0,3
a251e3104c73,0,1000.0,1
c910b3393386,0,100.0,0
78c730ff2cf2,0,2225.0,1
2cec8ef64d54,0,150.0,0
5f393ea0f7c5,1,12975.0,2
891efeb22415,1,20000.0,3
9d26b88a953f,1,8000.0,0
3b828f1dddce,0,13700.0,2
200e656953a1,0,1700.0,3
7e84863f166d,0,600.0,0
bb52670a50f1,0,5500.0,0
ec7e0281134c,1,3025.0,2
2e533dc5307d,0,7850.0,2
98f8f008f47d,1,2175.0,0
a7519a48d939,1,4400.0,3
f3fb34d6df77,1,24425.0,2
6701f2b3ace4,0,350.0,1
233565f8027c,0,21925.0,3
9b79c7fc5230,1,5850.0,1
520d28089d68,0,1100.0,2
c2986bbe94c9,1,6600.0,3
6432726a4ac7,1,8625.0,3
a7d36f1b6f3b,0,2675.0,1
99442a1639a8,1,2050.0,2
531f1f811fee,0,6000.0,0
7715f7e99b42,0,42050.0,3
ee4062932679,0,300.0,1
5d2c7a2a4738,0,3500.0,2
9c90fe800b9b,0,12825.0,3
70e568aabbf1,0,5550.0,3
c7bad9506582,1,1800.0,0
5ef1c0dffc89,0,1225.0,0
c9c79cd39516,0,3625.0,2
02533eab1ea4,0,2500.0,2
64aa79a05663,0,2400.0,1
32799f62e1f1,0,7925.0,3
1bf39b9dc4f4,0,700.0,3
1dc3ace2ec42,1,200.0,0
9159e29556fd,0,14700.0,2
f26cd355883d,0,1100.0,2
a56e41c2f555,1,1500.0,0
bcb6ae126dbf,0,1250.0,1
7b95ef1ab401,1,6125.0,0
624355ccc2a5,0,2200.0,2
d085d5a8abdd,0,16900.0,2
e7e92b9dfc95,0,33300.0,1
b077f9c92d97,0,1700.0,1
10d8e7f8e700,1,8875.0,1
66907dfe5cf8,1,13250.0,1
07a8b66875d2,0,9000.0,3
3ddcea5602e0,0,4650.0,1
1aee45d23d8f,0,250.0,0
627894d857b6,1,6125.0,1
0962ba0225ed,1,1850.0,0
0cacad33d134,0,5875.0,2
4348320dfd90,0,2325.0,0
206f4a9d56ad,0,4850.0,1
65e5ea760b57,0,525.0,1
e219cc3bb54e,0,34175.0,1
d0e909170500,0,6700.0,3
16d6d16cbae0,0,725.0,0
0cf49d988bab,0,5300.0,1
2c81d5a69f92,0,1700.0,0
f721ce438674,0,1725.0,1
3e9f4e4de8de,0,2050.0,0
e43f5a70f77d,0,1800.0,0
82c0edce4330,0,10300.0,2
8f702bc50136,0,3400.0,0
5acb6bb9896a,1,2225.0,1
e1ba17b9cfca,0,625.0,0
e3e54105fc05,0,2500.0,0
ee810aa03d9f,1,1600.0,0
7e42cd65b2cf,1,41100.0,3
6038194bdc0d,1,575.0,0
ac9ecc6b70d4,1,6275.0,0
2c5d90d83891,0,4875.0,1
b7baa1c3209b,0,3600.0,3
a64b0948c16f,1,10900.0,3
51973715958d,1,2850.0,2
731abf0e5ec0,1,200.0,0
3f56f672b18d,1,14425.0,2
c89dbb64e65e,0,900.0,2
48d4dc22bcee,0,2350.0,1
faafbf46b00b,1,3400.0,1
6c22a54d890d,1,6200.0,2
4c6f387cd60f,1,21275.0,3
bcaf253eeed9,0,775.0,0
b187d2af919d,1,51225.0,3
c69385804561,0,250.0,1
a718fe1548bf,0,49925.0,3
e4c7fceccf98,0,8800.0,1
0a211b5ceaaa,0,6850.0,3
f280140be083,0,9300.0,2
9faa38ebb520,0,7500.0,3
2da308f3982c,0,350.0,1
3af7724bb25e,1,2025.0,1
e068958871f5,0,250.0,1
cc6ca48f003b,1,1325.0,0
31127b4e7bdc,1,6775.0,2
37ebd9c0fae6,1,800.0,0
31909fa7fa1c,1,9350.0,3
941bad07bb7d,0,20375.0,3
e8662e254b51,0,16325.0,2
c1fb43fb293f,1,2875.0,0
831fd89ad2a4,1,1550.0,2
a42047d2a215,0,2800.0,1
5a2bdb4e17c1,0,21600.0,3
9523340e81e8,0,16475.0,2
655ef9cf648c,0,50.0,0
e6a509fab911,1,6400.0,2
70144d85c62c,0,12175.0,3
7ddc1b8b1e71,0,3325.0,3
8c3206881823,0,3325.0,1
446d17683013,0,49050.0,3
5afdaca44d3b,0,24500.0,3
1b47d022687f,1,1125.0,2
ce123dfcc5ac,0,6200.0,3
25c37491e884,1,10800.0,2
e3c2cca5e5ef,1,5700.0,3
0dcb031db0f4,1,1050.0,1
0d0ec7c43eae,0,15350.0,2
98f206793726,0,950.0,0
61f1cea87beb,0,2100.0,3
741463c0370c,1,4800.0,3
326d2277db66,0,14400.0,3
76aa62fe066d,0,4200.0,1
c5fc687bc86a,0,2050.0,1
1c4177db2db5,0,3950.0,0
774661544a30,1,5350.0,2
79ee069ca6b9,1,10175.0,1
aa1e05c46a3d,0,10950.0,2
3e4ad90c864f,0,925.0,0
741aa6d0ba22,1,9300.0,3
a59224715a7c,0,31250.0,3
45d99d4feabd,0,100.0,0
65e8506f6644,1,2000.0,0
10d2ee73af18,1,1300.0,0
0e1a8f653bc9,1,19675.0,2
7d783a8d75ee,1,17800.0,3
51e32363b7ad,0,2500.0,0
8dd671f567b4,1,3200.0,1
5c6193498dcb,0,11525.0,1
e6b80e44e21d,0,375.0,2
09456839e924,0,1925.0,3
5c084024e5e3,1,7625.0,2
375cdf8be8fe,1,9050.0,2
9200bb49ef93,0,7450.0,2
1ca321f02ae3,1,3150.0,2
3f4974c056e6,0,9650.0,3
0249bbd0ec1c,1,1800.0,1
e03c2f5c16bb,0,900.0,1
8e2eaf4344c4,0,800.0,0
d4ec56fb0874,1,2925.0,3
464ebbb04624,1,1300.0,2
e573467d45d6,1,3800.0,1
457788b28039,0,22325.0,2
bf7187f3e669,0,2600.0,0
aa5e818ecf03,0,6725.0,2
d00f57defe44,1,5175.0,3
81088c0a844a,0,6575.0,3
ab4681ae8b06,1,500.0,2
d79387a75cb6,0,10300.0,2
338002c240b6,0,1100.0,3
fbd17e199e5e,0,800.0,2
6327253994cd,1,1100.0,1
c6fed08939f2,1,2200.0,0
eee60286ee70,0,13675.0,2
a857d30d873d,0,6075.0,0
264d75864424,0,650.0,1
9547892c70f6,1,2400.0,1
bf890b92f428,0,150.0,0
1ebb9a53ac85,1,30450.0,3
3d5f38b9165f,1,14800.0,1
a1b7e0b400cd,1,2200.0,0
0f54e255b77a,0,28950.0,3
5c4cc9926e0f,1,15900.0,2
ba2955a55d67,0,1450.0,1
300b0695bd5e,0,18300.0,3
243519b55ad7,0,2325.0,3
56bdd0949e2d,1,2350.0,1
afee3ccdb9c5,0,550.0,3
b793502cc468,1,5875.0,1
bf0a407a09ce,0,6400.0,1
b587c2d4744c,0,800.0,0
17618d23dbcf,0,6875.0,2
bb53725e5781,0,19750.0,3
74363efaed0b,0,22300.0,2
c650f938264a,0,9350.0,1
92b33504c296,1,10975.0,2
1673a9fa0907,0,2250.0,0
f10dbec7cd41,0,300.0,0
024c64384a28,0,3825.0,2
62abf61d75b0,1,12975.0,3
cf1d6db218d2,1,1800.0,0
3282dd126a5f,1,2625.0,1
5fc1b08fd3bb,0,7350.0,3
fe3ee692dd1f,1,2600.0,3
90443e625639,0,4100.0,1
0abc429f30b2,0,2275.0,1
c3f6ac0bb192,0,3500.0,1
3352d3fb03ee,1,1775.0,1
a6796053de80,0,3525.0,3
fe9a5b946eff,1,30075.0,3
d98a4a1feefb,1,14950.0,1
e94e4f78e174,0,32325.0,3
6681f9662c2b,0,4725.0,1
5efa3cfb26f6,1,10150.0,3
19fc97cd78a1,0,7100.0,2
65cdb47ceb5d,0,1475.0,1
7eef310e5bb4,0,200.0,3
28ed73ffd69c,1,3675.0,3
14fb572783d6,0,57075.0,3
c723cf36b6b1,0,22025.0,3
dfebe8f069df,0,2775.0,2
77ca9e67cbeb,1,13425.0,3
d9a02f402fd4,0,8850.0,3
df4b8991657c,0,5650.0,2
f91925d05195,0,10400.0,1
c6b4d55a95a8,0,2525.0,2
9cb0e8b8013c,1,1875.0,0
51cb54860e68,0,1875.0,0
6d9ed99f839a,1,7150.0,0
61a9742422a1,1,3550.0,3
02e8e7bcce0e,1,600.0,1
6b81457b6ca5,1,4475.0,2
1200a5f4ed30,0,2900.0,0
15f060ca4b67,1,5000.0,2
0216a8b16651,0,0.0,0
cadc7b18fd08,1,8750.0,1
6cd035d9b0b6,0,4475.0,0
43e47d163845,0,2050.0,3
03592b5af553,1,36350.0,3
6d9a61014cba,0,12450.0,0
fc8bf2b13e01,0,3025.0,0
1c96d4af92a0,0,12325.0,3
8d18884a5bd7,1,6325.0,0
c8bbd00ae557,0,2000.0,0
fd1da263775b,0,2125.0,3
b232e6cc89ec,0,19500.0,3
e0966fbc16cd,0,4300.0,1
8ed87a5e660f,0,450.0,0
2df01ba1067a,1,14175.0,3
c542c0710362,0,4475.0,2
f6bd9f0c53b0,0,22875.0,3
a78d483fc24f,0,19400.0,3
c518744938c6,1,5950.0,1
0fcb01c96b44,0,850.0,2
145704be56a2,0,5225.0,1
d79ade176c8a,1,1225.0,0
fc4e50fc8209,0,11375.0,2
6c88dae0e594,1,4350.0,1
c839f1351e76,0,8100.0,3
a41014da146e,0,1000.0,0
b723cd2eb87f,0,300.0,2
36bc4cd7f2d9,1,1575.0,0
d2ea8d2681c4,0,150.0,0
f7d8a9b5ad28,0,2875.0,2
ade950bc8ff6,0,11000.0,1
b0bfaa2f3bd7,0,18550.0,3
dc869cb0871a,0,850.0,0
956d48f8f23c,0,37500.0,3
b08fbfa219b2,0,5200.0,2
e1d8114db478,0,1350.0,1
7603b61acfd8,0,4675.0,2
2a5bee5a3bf1,0,200.0,1
c192c57ab88d,0,14975.0,2
6ae33fa5f485,0,3950.0,1
c08fb27ab26a,0,12800.0,2
40744ef23519,0,1600.0,0
e353f6be1d03,1,7950.0,3
cdbb54eedd11,0,1100.0,0
ab830becbb09,0,900.0,0
26f520cc62f2,1,7200.0,2
f85483d60297,0,0.0,0
ec24ec0aaa3b,0,33825.0,1
381ef41c31fb,1,7200.0,1
75950cfaf28a,0,3075.0,1
c6112230cf89,0,12075.0,2
c6e61d0d7136,0,0.0,1
32d8c72d38ae,1,9600.0,1
c3a7311e39fc,1,4100.0,3
ed03dbad4a85,0,2525.0,1
d9f1bd91f7b7,0,4000.0,1
fba1db792cd9,0,575.0,1
16fa5e5914bb,1,4250.0,2
56adcdfab29b,0,6150.0,1
9c869a7e1faf,0,2400.0,1
5690827e9efb,1,5600.0,1
b8823e2aa056,0,16775.0,1
cbd1d2f56244,1,4175.0,0
007fcb2d785f,0,2225.0,0
3570e3241709,0,4300.0,0
1b3076294a31,1,1750.0,0
e7aeeb095cb3,0,9225.0,3
5f78de5c18f2,0,300.0,2
64d90b069151,1,31450.0,2
74d344b15bd6,1,5375.0,0
c15194d968e3,1,2525.0,0
0730a2414e4e,0,575.0,3
aeab213a7f17,0,4700.0,2
e6b72da35ef4,0,39975.0,3
6bdc1c4c9f36,0,3775.0,2
691858785968,0,2025.0,0
8ea8d51cd5cf,0,400.0,1
8b9e0201af23,0,63775.0,1
06a48d9acd14,1,900.0,0
19b677193509,1,7200.0,1
bd5b08ecd588,0,13925.0,3
354f2ffee1bf,0,1850.0,1
352f35ceac80,0,3500.0,0
7f0478098fb3,1,6250.0,1
e8cfb588492d,0,300.0,1
afe1157cd0bc,0,3625.0,2
8591e1d38c7c,1,5325.0,3
0e3703381d5f,0,16300.0,3
e19fad7b907a,1,28050.0,3
af0d62b08694,0,3325.0,2
7420a27b896c,0,27600.0,3
2a74e65a981c,1,3650.0,1
b6c6c5b5f5f0,1,2400.0,0
22242acc9758,0,8450.0,2
1a71ebcbecd3,1,8900.0,1
aff0bddb83fe,0,9150.0,2
c68345ab064a,1,8000.0,1
2b16f319ad68,1,1825.0,1
f49319229966,0,4450.0,0
369699ee2d24,1,20550.0,2
c16eb2261ade,0,11650.0,2
17ecccda58b2,1,12000.0,0
669868a133a8,1,18025.0,1
3fa3f5a0df21,0,1300.0,0
4d91a8dce9b5,0,5425.0,3
14a19bbb90c8,0,24375.0,3
31c0e6939534,1,9375.0,3
38bba3293b18,0,400.0,0
b33768f32a8b,0,1375.0,2
ac7cb9f546b5,1,17875.0,3
cca1596ef202,0,4500.0,2
34a26282c973,0,19600.0,2
890bfd015cb6,1,9000.0,0
c047483aa15f,0,18800.0,3
5cc13828fdbd,1,45925.0,3
7bb8e8ac60ef,1,1300.0,1
890ceac244f9,0,3600.0,1
333e1d9d13fb,0,6700.0,1
06bada37026f,1,2725.0,1
6bedb2d2a635,1,1700.0,3
9516c51d2f8d,0,0.0,1
cd8a2d2905a5,1,10000.0,2
2694974822c1,0,13950.0,2
585fbeb232b3,0,4325.0,1
205f8b53c9a2,0,7625.0,0
88d31ef13c8d,0,2000.0,1
ec31fe78873c,1,11700.0,1
79d88d51d30c,0,1150.0,0
4efe26616529,1,3150.0,2
c7969bac4afb,0,12300.0,3
c972b4be71ad,0,15600.0,3
dd030d0e8146,0,3550.0,1
4b5e66b5b94c,0,16300.0,3
e45a34098bc8,0,425.0,0
1c1ca59baa16,1,9100.0,3
55acc198cea4,0,13050.0,3
489ca7e2d7e9,0,550.0,1
7326ce47292f,0,3025.0,2
cfb09888a571,0,3600.0,2
5d0d3f28c43e,1,900.0,0
737137e5688c,1,4625.0,3
2098277141ae,1,8650.0,1
fac7fc11a32b,0,2350.0,2
5798ecd10795,0,43225.0,3
22959bfa9bec,1,3600.0,3
064525dbd58e,0,6500.0,2
e41063b9ad20,0,10825.0,1
98fd03d0faf1,1,11375.0,2
8a2ef48a6777,0,14275.0,3
66ad28e6e2be,1,2325.0,2
fbe7a356ae9c,1,700.0,0
f2f0dec16456,1,3500.0,1
a64620a9c516,0,12975.0,3
5013e0fe575e,0,32300.0,2
f6d3b4b23360,0,1000.0,0
4d3558c3fbf0,0,950.0,1
ad56cccd7df3,0,1800.0,0
0bc04ba38051,0,5375.0,3
e8070bbb8bf9,0,950.0,1
e01fc4b27bd7,0,600.0,1
2adf94cfc415,1,2875.0,0
ee03d21ed7e1,0,2900.0,0
18344c406991,0,7825.0,3
0433e1643943,1,9250.0,0
c4ac03847f2c,1,2425.0,0
f0b236442543,1,3000.0,2
4cf129bc2acd,0,27125.0,3
51ad1451a7f7,0,5275.0,3
0cc3bd596b00,1,1300.0,1
f0feb78b1d59,0,12375.0,3
65a385520de5,0,775.0,0
395fdc21062d,1,4700.0,2
49ceecb02f65,0,1700.0,1
74f1441e9de2,0,0.0,0
7a20d8a9cd05,0,875.0,0
7821fefbb0d5,0,8850.0,2
44450358286b,0,225.0,0
7c3c8eb6105d,1,5525.0,2
f60d648bba5a,0,150.0,0
f08d30286019,1,6150.0,2
d0bab40e2cd7,1,9525.0,3
d6e342e649d2,0,9525.0,2
52b6288917b2,1,2175.0,0
3a560b963f15,0,1375.0,3
6a5cdcbe6cc9,1,6100.0,1
dab828cd145b,0,5700.0,1
f9fe4d599a4c,0,100.0,0
818973b188ae,0,575.0,1
bfdd3c40514e,0,3225.0,1
0b1d8010d4b7,0,3875.0,0
b800c19ec245,0,7325.0,3
c1c9440ad850,1,21625.0,2
be07c36b80b9,1,15500.0,3
1fe7b6bf208a,0,8450.0,1
a17e5d9d1d99,1,6625.0,3
e466aa43cf16,0,1450.0,3
a8d587f1a647,0,6000.0,0
55dd442f8131,1,4200.0,1
538c1fc752c0,1,1975.0,0
c401ff09cbd9,0,700.0,1
3d3186e8434b,0,1850.0,2
1a0e770f60e0,1,18100.0,2
e9993b958702,0,1400.0,1
1a4039804077,0,2050.0,2
fb112067a74c,1,52300.0,3
b261f52c2ede,0,8900.0,0
69c5376a11dc,1,400.0,1
2af5deef3a5f,1,7850.0,1
d9ae39e5d941,1,15700.0,2
625a2812e9d1,0,16175.0,3
39a4aa4591c2,0,875.0,2
2d1730613e5f,0,3550.0,2
612e6a3d2e79,0,8300.0,1
29fa31f5481f,0,5650.0,3
367e069d52eb,0,100.0,0
e37e0eb8cd1b,1,6175.0,0
d63853150bf8,0,5350.0,1
9fd62b068f57,0,400.0,1
91ddc59c4fa6,1,1125.0,2
a96b6b711abe,0,22700.0,3
98dc04cc2dd6,0,17575.0,2
d428e4d49aba,1,22650.0,2
dc9aaa6f166a,0,1100.0,0
e684f78b0d4f,0,9650.0,3
7da278953820,1,31100.0,3
9fbe35577be7,1,5900.0,3
bd7c17af333f,0,7500.0,1
c83182d50528,1,8150.0,1
262d5d100ed5,0,2800.0,1
66958fd3c344,1,2850.0,2
20d0fb294b7e,1,11700.0,3
c1ae018912b3,0,2350.0,0
b82db0f8394e,0,3050.0,2
7cd212ac6b14,0,19750.0,3
6d56a120968c,0,1500.0,0
e2629e6c2b82,0,36950.0,2
4cec609c14aa,0,400.0,0
1b485394abba,1,12325.0,2
56c17350c278,1,1050.0,3
e6256bd04fb2,0,150.0,2
f89b67052b36,1,14575.0,3
78ae4fc2cabf,0,3975.0,2
590f6a39703c,0,2325.0,1
cee58d18b071,0,1325.0,2
876f509b0c3d,0,0.0,2
4f363ce19045,0,250.0,0
7acbe6d94d6f,0,975.0,3
5a0b3999171c,0,250.0,2
13a9e16c9f8e,0,1625.0,3
64f71df8cf1b,0,150.0,0
2b0adc3520a8,0,2000.0,1
241814e7a19b,0,3700.0,0
ff91691571e5,1,3200.0,1
2774a9bc2848,0,2900.0,1
71a4b943de90,0,2175.0,2
349e1705c8e9,1,2725.0,2
e1bdb7923bfe,0,4950.0,0
7c41146bdd99,1,1675.0,2
938dac8f628d,0,350.0,0
0405c24e2578,0,23875.0,2
cca3c4a77da8,0,500.0,0
7972d61fdbfa,0,2100.0,1
084a3a12631c,0,8625.0,3
d2c5247e99e8,0,6575.0,0
8fac26814a95,0,1900.0,2
0c6a9b759e4e,0,2200.0,3
db7dedf01bea,0,26275.0,2
add0fa938a4d,0,20475.0,2
9a1cbe047191,1,2900.0,2
27b1d0dba504,0,13800.0,2
ed70d7db74c6,0,1275.0,2
6c5344b6c9d2,1,26850.0,2
e96d1d798304,0,18175.0,3
1302ce842c04,0,11475.0,1
aac5b6b969d4,0,5800.0,2
0d78eca39f88,1,2800.0,0
6bee3c3b34be,0,1550.0,1
9723f3117de3,0,2150.0,2
379fc147b7b8,0,1250.0,1
8f49b64dd2eb,0,5725.0,1
7326b601bf5f,1,4250.0,2
a388c723c70a,0,4175.0,3
9f6dab5322ba,0,2775.0,2
3ba18255d4a7,0,7400.0,3
a8e1dc26e37f,1,23900.0,3
e6955a9fa58f,1,2600.0,0
9c8e46ef52a8,0,2275.0,2
27ab135b6b04,0,600.0,1
4937a98233b2,1,13400.0,1
057c8d84af05,0,1425.0,2
e60bb8f36997,1,1750.0,0
fe67c244dc51,0,2325.0,1
69d084195cbc,1,6850.0,3
5ceba769e8df,0,750.0,1
98d8316722f6,0,15650.0,1
036c60787efb,0,5000.0,0
26e1a88aab6f,0,1600.0,0
e6abe2e30eb9,0,7750.0,1
f985706d66de,1,3475.0,1
5a6e6cc9f188,0,550.0,0
149a48a26531,1,12475.0,2
c589afa74377,0,5700.0,2
399daaeaec18,0,2550.0,0
bd3bc2c2bdb9,1,5400.0,2
0d281cdb17ce,1,9250.0,3
c551dbf50adf,1,1300.0,1
f611bf6b2e77,0,5000.0,1
2797aa8423c9,1,13225.0,3
00851b38dee9,0,775.0,2
cd43d0ab08bc,1,4200.0,0
008b16fff401,1,13900.0,3
d23e6402c427,1,1325.0,0
8cddf760d8fb,0,12700.0,2
ef1510a5aded,1,9075.0,2
1d6e61f3d836,1,4175.0,1
8d7ae7ab8911,1,11900.0,3
8794f99adb18,0,10650.0,3
2f22b8a77621,0,5300.0,0
4fdca4e8238d,1,1300.0,0
ffe4deceb107,1,2200.0,1
c6fe6efafaf1,0,1200.0,0
b36d94f45e2a,1,1300.0,0
31ee396c5bb6,1,8550.0,2
1ff24b0466d4,0,13825.0,2
6afbfab59170,0,1950.0,0
a435de73d18f,0,1725.0,1
d4a6c0ce78c0,0,5825.0,0
89e05ef77f45,1,2850.0,2
0ecd7c3263fd,0,2175.0,2
e003d9704cac,0,3050.0,2
a49a7fdebb76,1,875.0,2
b251d1eb6168,0,1100.0,3
e877206f3d67,1,27125.0,2
3ab1cc3e3775,0,550.0,0
fd2ffdb1963b,0,1950.0,1
3a8497690f0a,0,14250.0,2
f98e7102cd7c,0,2800.0,0
9ff583f5a275,0,300.0,0
5b377739070f,0,3900.0,3
781f205e6817,1,17700.0,2
9c3bacd4f15e,0,6425.0,1
7d206e0c0b49,0,2225.0,0
b1318072035e,1,6675.0,2
72dd2706fa3f,1,3650.0,0
c56ec8faac5c,1,2475.0,1
0b4edd2f9b10,0,20025.0,3
77a0d667e787,0,5750.0,3
caf3f7f4efcc,0,3300.0,1
cfbb3ac38df4,1,2925.0,1
9f9a6d1f0ca2,1,5325.0,1
b019536b1be6,1,5500.0,1
8d5cae1dd2cf,1,3600.0,2
57e714572269,0,100.0,1
bef77f666f54,1,500.0,1
c75906a21d99,0,2800.0,1
654e8a59227d,0,11525.0,3
fbd0f43ad45b,0,3400.0,0
24453ebe5837,1,2775.0,0
fcd3dfd211da,1,11575.0,2
9daca8dfad7b,0,2950.0,2
addce355fc9d,0,2400.0,0
400f38db500e,1,18725.0,2
5e8abcb7391b,1,9825.0,2
f03e75d8f6c9,0,2300.0,2
2d04fb4e39a6,1,19125.0,2
40a1c98e7c1f,1,3000.0,1
4bd2fec61e92,1,13575.0,3
ebe139828c3d,0,30000.0,3
c0203b8e6e5a,1,10825.0,1
c14986d341d5,1,14150.0,1
c9483a5c3b85,0,14925.0,2
b85150a6ab1e,0,4725.0,3
7bf3aa7f0deb,0,8100.0,1
d9a6324ced4b,1,3025.0,0
729fd18b9ec4,0,26950.0,2
d680e55514a3,0,3475.0,2
94e0ef7aeca5,1,2850.0,0
3455dc32bf82,1,7700.0,3
5c5d920d139e,0,550.0,3
2d4377985ec3,0,2800.0,0
c9ee78108e1b,0,150.0,2
224def83842d,1,3325.0,0
4bb00a6d48af,0,5025.0,0
1b5042ae77d5,0,7500.0,2
c666109dc07f,1,10925.0,3
788ab8ee7dc3,0,2600.0,0
b596096823c2,0,2100.0,2
fb98c5ecbe0b,0,2200.0,2
8996f7386c52,0,650.0,1
513950170324,1,12700.0,3
7ecab07c17e7,0,2675.0,2
189c4b3286a6,0,850.0,1
19fa4ef70c6c,0,3500.0,0
41f7b8fce8fc,1,12375.0,1
e9caf8adce79,0,1900.0,1
8dd3b8a130c3,0,5075.0,2
4141c9247ed6,0,1050.0,0
4141c28e6de9,0,21125.0,2
6a73c2314883,0,3525.0,1
95dd9670f3be,0,3400.0,1
af6e1e1c0afb,0,3725.0,3
4785f5633300,0,3550.0,2
a31eada295b2,0,50.0,1
8089457e9d0b,1,4700.0,3
f23584000d87,1,10500.0,3
3a73014e6056,1,8925.0,3
492438951736,1,1850.0,3
401744ee79fe,0,275.0,0
60557d1b37a5,1,1100.0,0
961f8563ea82,0,10175.0,2
0bf638691d07,0,850.0,3
e5a552b80338,0,4600.0,2
10220df8affc,0,10050.0,2
f83ee73b4aaa,0,2075.0,1
8e1ade8a4ffe,0,1100.0,0
6a7172513281,0,23500.0,1
b29be538222f,0,50875.0,3
8aa8a986429e,0,0.0,0
ac81f58ab93c,0,1600.0,2
90660d2053b2,0,3150.0,2
d676c81d9e68,1,2075.0,1
e8eca2dd8cb3,0,9600.0,3
4a477fc2135a,0,600.0,2
8571ad3d0dc4,0,2000.0,0
836362fd60b6,0,1975.0,1
14700f9c9606,0,3700.0,2
c8f9cc20be3b,1,1900.0,0
d2edc3fd7053,0,7000.0,3
b47357fefb98,0,1900.0,2
904df33d84ed,0,3800.0,2
1aef8d6dcc0c,1,7750.0,1
5666ac4f805c,1,2475.0,0
4a03ed52b7ac,1,5125.0,3
6dc45ce0d2ff,1,575.0,1
b67395d14d9c,0,1400.0,1
4d59e88dcf9b,0,5650.0,3
660f6772790f,1,200.0,0
16c066a837d4,1,26275.0,3
6b3aebeb247b,1,6050.0,1
7b3296c05419,1,12275.0,3
7e16a8cc2a6d,0,10125.0,3
e64517c11891,0,1050.0,0
72297dc97a2f,0,1225.0,0
9457a11abb9c,0,300.0,3
daef51b6e121,0,850.0,2
d093c77f2471,0,13950.0,1
ecd6287d246b,0,2225.0,0
97200deb5782,1,6950.0,3
60bbee54e181,0,100.0,0
6d4949676282,1,14925.0,3
88c73fcd7726,1,17325.0,3
45a1984742c6,0,1600.0,0
266ec2e43f9e,1,4925.0,1
e0472775c044,0,2925.0,2
a85944a82995,0,1425.0,0
d80c98f69dcb,1,9225.0,3
d2ce7c21b991,1,4000.0,2
8be171d77d90,0,21900.0,2
4e807c61b0ce,0,750.0,0
f05729869962,1,4725.0,1
a0a22be4b1b8,1,2425.0,0
ab3eeab1f819,0,200.0,0
dc5f58e508fa,1,5850.0,3
da6f7176a4ac,0,1250.0,1
d405eb52ac34,0,10075.0,1
35ed1a39c79a,0,20925.0,3
4fa8096b8f9d,0,1600.0,0
a68165d3d61f,0,12800.0,1
d4fd556cc90e,0,20250.0,3
e2a68d1f01fb,0,1400.0,1
4d7f0e0d4187,0,150.0,1
a6aca8afac05,0,16750.0,3
142fa7f823fe,1,33750.0,3
b6b0c6ca30de,1,1300.0,0
add5dc753b04,0,4250.0,3
82b2b6a1dbf5,0,19875.0,2
7a8088fc06a4,0,4625.0,1
259b3ba5d82e,1,2725.0,0
f9879febf93c,0,4300.0,0
d3a6ab3df237,0,575.0,1
df98e98da314,1,4875.0,3
7dfb4e8f4fd1,0,2050.0,2
9ccb5b653edd,0,4900.0,0
f3002c3bfe7d,0,1050.0,0
a8301d0c02b5,0,6575.0,3
3bab2719f0dd,0,16750.0,2
7485613d549e,0,9150.0,3
86f50f2c6c3b,0,650.0,1
82ad614c537c,0,15000.0,3
278fec0a3471,1,600.0,3
21638a433035,0,1475.0,0
ae150b617917,1,4925.0,2
124f564691e4,0,10400.0,0
1f1dc306ac36,0,9650.0,0
c6acf56efba5,0,1600.0,0
c63427049980,0,825.0,2
abadeb6703a5,1,11325.0,2
91ce05b01cad,1,44850.0,2
9bd89fb5de6a,1,2000.0,3
dc13dabb797f,0,3300.0,1
7b3f5b60a05e,1,13875.0,2
49af1ce6db8e,1,5850.0,3
f718cc2aa265,0,12850.0,2
fa9d2bbaf7a6,1,275.0,3
0b447d324054,0,13050.0,3
44c53ab97f41,1,22325.0,3
e850eadeed47,0,22700.0,3
68cda8247084,1,8525.0,2
a835a8376cb5,0,8350.0,1
4bc83c56bfcc,1,12675.0,2
949e7b186a5e,0,4800.0,1
fa1123a461cb,1,16550.0,3
5ec5c83babf4,0,400.0,1
d1a68e2fe0dc,0,22150.0,3
efbf2e86adca,0,2475.0,2
07c4f35f44f2,0,350.0,1
ddf4eba880f9,1,4225.0,2
0c46202f4491,1,800.0,0
84e49dc1bab1,0,2425.0,2
6712e7ee22fe,0,1325.0,1
eb61847e6c91,1,2375.0,1
565c86c1b9db,0,18050.0,3
0dcc2eeb6f57,1,1900.0,1
784892b972ce,1,23825.0,3
2a5ebbb1c496,0,1100.0,1
fc0d236abca0,0,2200.0,0
d3285ae3f1c1,0,525.0,0
ac3d29578d33,0,1100.0,1
c6376c5a3f05,1,1600.0,2
836ed72f1a38,0,21750.0,3
6438cd46721e,1,1400.0,1
a414aec5bae3,1,1050.0,0
70b6a774e99b,0,500.0,1
38c872845727,1,5125.0,3
239fc20a54b0,1,2475.0,1
81f6c097cce2,0,1975.0,2
5b8cebcab9d5,1,8825.0,3
ded6471af331,1,1425.0,1
d90f0cabf451,1,11400.0,2
7576a9fea047,0,2000.0,0
7acae2905c2c,1,14875.0,2
6dbf79251cde,1,10050.0,0
03dc710c80c8,0,2375.0,1
3cbe73af8c02,1,5175.0,2
864a9c3a2f36,1,5600.0,3
c80021f46761,0,175.0,0
0de050e0ea3e,0,1800.0,3
86d43a64f8cf,1,12150.0,3
a0ccbe54f91f,0,5550.0,1
74a56693043a,0,13150.0,0
3a78f0c93b09,0,1325.0,1
d540d4cdd140,0,2700.0,2
3fed15f0b3be,0,1150.0,0
776f13fc0e60,0,40650.0,3
5b27e53191a3,1,1350.0,2
3a25eeb3576f,0,900.0,1
8ec900883e2a,1,1100.0,1
8b2b8b59ab4c,1,4725.0,3
61b81cc31f30,0,11250.0,2
53b56078ebbe,1,1100.0,1
8fb7c54c7ed9,1,3575.0,0
c485dc97a5b1,0,2300.0,1
a0a1c52de27b,0,7900.0,1
d738a2097503,0,2600.0,0
872acc6de01c,1,7975.0,3
9c723c1cbc06,0,2450.0,2
3d80cb3300c9,1,7700.0,3
459aabe6b06b,0,1550.0,1
a9f20a7d5413,1,48975.0,2
b250456ec31d,0,11550.0,3
120e56b69d84,0,4275.0,2
8eafed817d6d,0,550.0,0
a1f005c935a9,0,2525.0,2
5ef14efe473b,1,17350.0,2
c0367c0a0a59,0,3000.0,1
3aa34374f404,1,4400.0,3
896e80df49f2,0,5500.0,3
c06a1dc3da24,0,4700.0,2
5af7ee2213e7,0,2625.0,1
fd2312ee90cf,0,750.0,3
23c5ad054d06,0,5300.0,0
51d3ed778678,1,900.0,0
c68c50eb109d,1,86200.0,3
7b0bb9035733,0,4150.0,2
ccc05ebcd65b,0,4050.0,3
35a88972a830,0,650.0,0
ed7e65b16bfd,1,3075.0,2
fd9bd4641666,1,5950.0,1
e3937acb74bf,0,18200.0,1
53a0d3aff066,1,1875.0,0
df989f0e153c,1,625.0,1
1b803d7e6fa3,1,7975.0,2
87c55f663012,1,2325.0,2
03d32d790a7d,0,3025.0,2
dfe5c30d2a85,1,700.0,0
daa77e94e2d7,1,1300.0,3
fb1b865408ab,0,2100.0,1
88e6b2fe8a57,0,30425.0,3
cc63964fc7d3,0,3900.0,0
37ceecdbe1f9,1,2600.0,0
0ebf42ef8016,0,1350.0,0
f175425036ba,1,3050.0,2
c7f8f6d18a63,0,8150.0,3
1bae0ef5557b,0,1750.0,3
9c93938e6301,1,21900.0,1
2af08c888e67,1,1850.0,3
739ef2cbce9b,0,10600.0,0
47de67b36f85,1,23650.0,3
dc0bc5281c76,1,2800.0,3
792b69dba722,0,1950.0,1
4b8af3499ad8,0,28225.0,3
2e0d18059a3b,0,4950.0,1
0609bd10c8b3,1,1400.0,0
2fbd386b26a9,1,2675.0,3
47c2def6eefe,0,4500.0,3
87bffada0ee0,0,1125.0,1
f717edc243b6,0,600.0,2
6af314b8c343,0,14450.0,3
361f4ff58d4a,1,6675.0,2
147e045aa6be,1,4775.0,2
754b4f5e0b0d,0,45025.0,2
88623d586c4a,0,42550.0,3
1a68683a5d15,0,850.0,1
9ffac1adea0b,0,350.0,1
9416e82e07bf,1,8750.0,0
868fed1ac7db,0,1850.0,1
9a944af845f3,0,750.0,1
a1a98af47df1,0,18350.0,3
8c4a4e18f18a,0,22400.0,3
174588953a75,1,3025.0,1
fae1dd0674fa,1,14975.0,2
4be78cda3a01,0,1975.0,1
63be8f6f292d,0,3400.0,0
1f28e2208b14,0,575.0,0
a61c35595ed1,1,3775.0,3
3d667904d6f6,0,6900.0,2
8e779a62bf4c,1,16750.0,2
f62e1ab03344,0,925.0,1
542fb90d3080,1,10625.0,1
3ae700c185e3,0,29125.0,2
7d4add0b0754,0,300.0,1
860f5be633e4,0,2875.0,3
4942ebf4cc7a,1,10200.0,2
da97fe914f00,1,7075.0,3
e9d5c631a855,1,2125.0,1
5d17fdc32190,0,2850.0,3
24c0c35f093d,1,2400.0,0
6eca882ee958,0,28950.0,3
a06079a7cce2,0,5425.0,2
000a2d1c701e,1,700.0,0
3c732e403bdd,1,800.0,0
c97fa7ad2748,0,275.0,0
d0fa53a125ae,0,23950.0,3
065bbf9e0125,0,3875.0,2
dab6e2e8024a,1,1050.0,0
ab55ce87c506,0,8350.0,2
050fea697fa7,0,2650.0,3
5adb986611f9,1,15750.0,1
6f11f7c699ac,0,900.0,0
ec359e52ce7b,1,12550.0,2
c9be7078e163,0,2900.0,1
69bb7ae488b6,1,8725.0,1
9f235092fccf,1,8075.0,1
21a60b8824b0,1,1800.0,0
712e6d39bc4f,0,1775.0,1
e7f73e10b1ab,0,1775.0,1
ed6860e4becf,0,7350.0,2
7fd4ea29335a,0,6425.0,3
621e04739ce1,0,5000.0,1
0bcc26f6aa9e,0,17150.0,1
305a6e59698e,1,100.0,1
f1531020e3b8,0,14650.0,3
ed73d3e9500a,0,7225.0,1
57ce972ebd5b,0,225.0,0
47130bb5134c,0,500.0,0
428f05274e2a,0,5200.0,3
5178b1650fb8,0,3850.0,1
e1478c2c9387,1,4400.0,3
810e0cc19e05,0,500.0,0
40ce68f020b4,1,19425.0,1
27270e44b7eb,0,29250.0,3
21ab56b18c10,1,13400.0,3
a40ebf579491,0,24750.0,3
3e1353420269,0,200.0,1
c995e1a8618c,0,10400.0,2
c84ea2dbc7c0,1,12925.0,2
0d7668a19e83,0,16875.0,3
cd9849ba359f,0,4825.0,0
22aaaa03f401,1,2550.0,2
223f445e2521,0,9600.0,2
49688a677cd9,0,0.0,0
9446a405f457,0,125.0,1
e5da2cf8572d,0,43800.0,3
1268e2f5f139,1,1100.0,0
1c85eebc3d83,0,3725.0,0
5fb6ffdc581e,0,11775.0,2
308e7e1bf368,0,0.0,1
aa905f0dee13,1,4150.0,0
8e0f44707381,1,7500.0,2
b37058b2fe30,0,7000.0,2
8c62714c90b1,1,28750.0,2
f2b0403881d9,1,1600.0,0
75774d254200,0,2800.0,3
5a1855bbfa7d,0,29325.0,3
ea8a8109313c,0,1225.0,0
0f388b746390,1,1925.0,2
3519afe65dff,0,3450.0,0
cb5be3fef63e,0,1000.0,0
51ae5a1f7740,0,8850.0,2
d008e86c5db3,0,13325.0,3
bd1557c8c45e,1,5000.0,1
e7a8bca0fb23,1,15400.0,2
546866e2c165,0,2400.0,1
5facb21a5282,0,2800.0,0
645b2eeddd18,0,350.0,0
6a2083dde371,0,1000.0,0
44af23175d19,0,7000.0,0
d7c618f32de7,0,10075.0,3
964c9f69add7,1,950.0,1
a8eede86dd32,0,9375.0,3
e5b219616c0e,0,6650.0,2
a17ffd6f099b,0,1300.0,1
f9d49e3317f7,0,1450.0,0
de5deb34896e,0,600.0,1
b9f6e8195625,0,10325.0,1
6f45ce32b123,0,5075.0,1
d70580b2e2d3,0,17800.0,2
51eb1de6141f,1,7125.0,2
fb44fdb40451,1,16775.0,2
24ea9223d376,0,2000.0,1
9403e3d74cae,0,5725.0,1
c79cb973b569,0,12525.0,2
8d502a049c98,1,18900.0,3
e1ac6372aa12,1,2200.0,3
6925c329ba05,1,17500.0,3
a827209c5a41,1,4100.0,2
3d00ed55b1f8,0,11850.0,3
61883f7cabaf,1,3425.0,1
421a9237f194,0,250.0,0
8b1fb3a10256,0,4125.0,2
e70dcfcab999,0,2925.0,1
88d6d9ac131f,1,10100.0,1
8116592051e9,1,6400.0,1
c53facb79e72,0,4325.0,1
ddc337073c39,0,10825.0,2
43fb994cf090,1,1750.0,1
10fb875f2bea,0,1575.0,1
7549fd797b4e,0,1700.0,1
56f673d2f0af,1,1150.0,1
13b3b0ea00e4,0,16900.0,3
afbef3efac65,1,11750.0,1
ed453e981e05,0,25175.0,2
440cca741ab3,0,1900.0,0
4dd7116b5119,0,2350.0,3
622e799f6cb8,1,5350.0,2
aacb11f2757c,0,5700.0,1
16622f94cf10,0,39600.0,3
c91b2a31c22d,1,500.0,0
8e355a3bec92,1,2600.0,2
5799886824b1,0,12725.0,3
f9a44d6cc549,0,2875.0,1
8c5e6f737f5a,1,2700.0,3
52081db591b3,1,19500.0,3
4ba16627722e,1,7675.0,2
1d30f83f31a4,0,400.0,1
52fd887f79ab,0,1950.0,2
9c5aca7f97e5,0,14800.0,2
be1b115d39b1,1,7000.0,3
6fb32b731d25,0,5075.0,2
8e4806bf3da8,1,6450.0,1
62f0c72b850d,1,1925.0,0
e816de04a976,0,16425.0,2
9cb280aaaeb1,1,6200.0,3
ae3aaf2e98ed,0,700.0,1
a08d5c68ee78,1,1575.0,0
04ce96abaa22,0,3000.0,0
d950b55fa448,1,7500.0,3
aace0fc37311,0,10400.0,3
77c1f0e3118c,0,2600.0,0
439223ad711e,0,12050.0,3
a32a7f9a1927,0,650.0,2
2505751557e6,0,725.0,0
51fa9166250d,1,3700.0,1
5a8e815408ec,1,975.0,2
b19b560e58a5,0,16300.0,3
913653cea813,0,3000.0,0
b1969076fba1,1,17700.0,3
c8f05c789739,0,1850.0,2
1b81d586e3ce,1,3700.0,0
ab82eb003db7,1,1500.0,0
691ffc74e1a4,0,3775.0,2
65b683aa64dd,1,1200.0,0
15b2b57af2aa,0,12425.0,2
6e2a14fb7674,0,19450.0,1
94cd9d360cf4,0,59725.0,1
0f8cbc3c30fa,0,2950.0,0
d6f8ebd48f7d,0,650.0,0
b0ca8fcb507b,1,2550.0,0
a5dc2928abbf,0,6825.0,3
780674c07a56,0,1750.0,0
1ecf4586a105,1,11550.0,2
a56abce751ea,1,7775.0,1
da52bdd414ae,1,9650.0,3
38a5010b8cc8,0,5250.0,2
e859703b6751,1,10900.0,2
0b9d0bf6b6d3,0,15925.0,2
759dda5d1290,0,3800.0,0
0a620ab68c52,1,5450.0,2
7168e93b7c3a,0,550.0,0
17ba44a20bb9,1,12550.0,1
efba9ceccf9b,0,1975.0,0
0977edad2604,0,10700.0,1
1952b3693749,1,3025.0,3
85868d85616a,0,9950.0,2
f1602bd36241,0,13775.0,3
de0fe4fc1063,0,2350.0,3
4912055c210d,0,1850.0,2
bc21999643a3,1,8100.0,3
d85449bd8ed4,1,4125.0,3
44d0bed531ec,1,1025.0,0
1b3bbab60104,1,13800.0,2
4fbb0a1cee27,1,1500.0,3
4594857810ae,0,2000.0,0
e8b3bc02506d,0,8750.0,2
35655dae5c9b,0,2775.0,2
16174c102f2f,0,28325.0,2
28459266c3f6,0,3325.0,1
79d1c25c1198,0,21600.0,3
508e01116b05,0,5500.0,2
42c22272da70,1,12050.0,1
73f0d97c37e4,0,13400.0,3
a4e00e24c44d,0,9350.0,3
5f31c8b4cefb,1,975.0,0
28012f33709b,1,100.0,3
de9d3b38c744,0,9025.0,3
9069a19d336b,0,8850.0,1
def40aab1af6,0,2375.0,1
f59765065ebc,1,27650.0,2
163b02e69970,0,2625.0,2
f08b6d698a1b,0,1200.0,3
57780359f643,0,17900.0,3
b8eb9e0be7d5,1,1900.0,2
75317fa497dc,1,4225.0,1
9823d38830cf,1,3025.0,3
fa71b35e7bfb,1,13050.0,3
23964e3e4cf9,0,7650.0,3
d060c70a9012,0,13800.0,2
5198f9bfc9c2,0,10300.0,2
ee97b94b4c0b,0,225.0,0
8bb1f4de974f,0,13100.0,3
14e30ee57d4e,1,1375.0,1
ee3e8d1b98fb,0,6150.0,2
7daf560bc43e,0,12750.0,3
1ee7bbe2d58c,0,13525.0,3
4e8af7ed5712,0,200.0,0
b2fed7771965,1,975.0,1
92eb2f769da2,0,23100.0,3
08e81f75d203,0,8250.0,1
1b30f8a1dbf9,0,6850.0,2
022d9d405fb4,0,3400.0,0
8693fdc0bd6d,1,4925.0,3
c2d2e8e6ec1a,0,11700.0,3
34b0cb383a7a,0,400.0,1
296e055988df,1,6050.0,3
e5a2b72db428,0,1475.0,0
ca5beb284de3,0,2700.0,0
bc967f934ee2,0,250.0,2
1c34bf859c54,1,1475.0,2
234fcfcc7b6d,0,10750.0,3
b4a132678edb,1,1100.0,0
f25e977ea235,0,2750.0,1
1f0945970ac8,0,25600.0,3
e885504d5c7a,0,24175.0,1
54a59122ff70,1,1475.0,2
12caaf787100,1,8300.0,2
6012aaa82115,0,4675.0,0
a15cda8fadab,1,7975.0,3
25cadb6eea28,0,23700.0,3
d428243d02d9,1,1400.0,0
8d6954b6effe,1,14050.0,2
61172a92bc36,0,2175.0,2
29fe59385982,1,2150.0,0
2f774bfe42c2,0,5250.0,2
89695ac1367f,0,400.0,0
600dab404a89,0,3375.0,0
aabdd5a096e5,0,6100.0,3
a878d7a41ea7,1,5450.0,3
323fc770e043,1,14925.0,1
d9c259af71a8,0,1750.0,0
64db0952bc71,0,26225.0,2
a164cbe433b3,0,2125.0,1
2f643f2c3b06,0,1350.0,2
ceae7e385c53,0,36175.0,3
310c722e3e14,0,9900.0,3
be31f6430435,1,1350.0,1
6122e6d347a4,1,2075.0,0
8d959a3d84ee,0,27100.0,3
47aaa3f69372,1,12825.0,2
58331ca24b60,1,28700.0,2
b3c2cdadb4c3,1,1200.0,1
59c54cd46ca6,0,1600.0,0
601235f73bad,1,18750.0,2
059bb74fb158,0,3675.0,2
ea14f5f9caa2,0,1275.0,0
f2c0a5877664,0,5400.0,1
2aadb7b04779,0,3850.0,1
a58e8bff65b8,0,8775.0,3
0684f797ee6e,0,4225.0,2
9e95296b1e51,0,3000.0,1
d8e0bf0c1697,0,350.0,0
0a0681d08a12,0,3700.0,3
c474a9f321d3,1,10200.0,2
f4a18a0bd18f,0,1450.0,1
5a9398752df7,1,1700.0,1
767d546974a6,0,4775.0,2
3e0832569e91,0,2675.0,0
5d64bff00f9b,0,5725.0,2
7907ae37f3d1,0,1950.0,3
4e734feb3683,0,12125.0,3
dac01c968e79,0,4600.0,1
1981f25359a5,1,4000.0,0
3cb146bdf5cf,1,8825.0,2
394a1961cc13,0,4925.0,3
48ceff3a8dbf,0,3400.0,1
3a6c0a471931,0,3500.0,2
36bfa0b2a8bb,1,6100.0,3
3593c17eb093,1,30725.0,3
d667d3449844,0,3550.0,3
5bf717870722,1,1400.0,1
5d04dece73cd,0,825.0,1
ee825919ae49,0,1650.0,0
2f756b4d3e65,1,2250.0,0
5162aeeceb85,0,2150.0,0
1e77db3251b1,1,8050.0,2
944e6e00cce0,0,5000.0,0
f613c142db13,1,2025.0,0
83aba1591f90,0,575.0,0
d849be9b1619,0,22100.0,2
a7083df2c5ab,0,16225.0,2
40bc5f47753f,0,14325.0,3
cd7bf57f07c9,1,1875.0,1
d20da2cd70ba,0,4500.0,2
4bf27a44d4c2,0,4000.0,2
47ab00813854,0,13350.0,3
caa43ee885af,1,1450.0,0
504b8e4c5a7e,1,15275.0,1
0317d577cd17,1,1100.0,0
ae0a6a94b9f3,0,1075.0,1
8c495639fb97,0,3800.0,1
fb1f17c6a452,1,3050.0,2
c09647f4af57,1,18975.0,3
f3de8e8c20e7,1,12925.0,3
0a87edc51ab7,0,350.0,0
3a8b76b8ae89,0,40300.0,3
3314512ab483,1,18200.0,1
37f51500c5a1,1,975.0,1
e3a62bfe98d9,1,8050.0,3
e840fa982942,1,1475.0,0
992fc746e506,0,8000.0,0
3596cfa9c9fc,0,4625.0,1
b3bceb421938,0,6500.0,1
0b1a6c5fb783,1,6875.0,2
23a3b38dd904,0,21700.0,3
5be51590ddc4,0,2525.0,3
1b401a517cba,0,2700.0,1
7641a7945a6b,1,20825.0,1
015733392daa,0,11825.0,3
f30ef7a4cdce,0,11950.0,2
16726889764e,0,1300.0,2
3be1b409f6f5,1,3475.0,2
818dd01d1237,1,1700.0,2
81d7ad9de8c7,0,5550.0,2
a2e16e6a56e4,0,21150.0,3
c08074c4e030,1,7225.0,0
308766b3ae79,0,22500.0,1
05d8f7ab0f66,0,1400.0,2
6a19bacc3c61,0,450.0,2
d966d4bd121f,0,2250.0,1
cd22c5561d99,0,100.0,1
6468aa679707,1,8000.0,2
6dcda81e0e7f,0,4250.0,2
e2dae5eb4505,0,300.0,0
d828fcc44dc7,0,5350.0,2
b703c2c786d1,0,4300.0,3
20e9ba84a3db,1,3400.0,0
b721b8ff90f6,0,10200.0,3
a746a08d8326,0,1600.0,0
07ad14983f5d,1,2600.0,2
5168bb3f5749,0,42550.0,3
19f2568cee05,0,4075.0,1
7e91f494533a,0,35275.0,1
31b22b9789b6,0,4575.0,1
e2bd70295727,1,4150.0,2
2a973d076c46,0,7025.0,3
208ab7848561,0,9850.0,2
d2c911dba7d1,0,150.0,0
8ca3c6f54259,1,5400.0,3
083d422327d3,0,900.0,0
9aac691870c7,0,12825.0,1
a452b37c61a9,0,3475.0,3
dc44720d0709,0,825.0,3
e6112dac34ec,1,2850.0,3
c6d07b16260f,0,6400.0,3
3aa3d805a9ab,0,8500.0,2
fb0c19da3ec5,1,2500.0,1
7a7d1c18334b,1,1650.0,1
3a06b10deb71,0,3250.0,0
d34dbb14bfcf,1,1500.0,1
042b39b10a20,1,1375.0,0
2fc6a99a8c60,1,24625.0,3
1cabf3da87ab,0,700.0,1
a605aa0c654a,1,4850.0,2
3c4ef09f3464,0,1600.0,3
5f632e4e2089,0,27150.0,3
33a2dbef75b0,0,0.0,0
efbaa8da9013,1,2750.0,1
6b138316cb15,0,100.0,0
b31d6a66cb92,1,775.0,2
dbb7d3b3124e,0,3250.0,2
4e50315df85f,0,5900.0,3
3db48f9f78f6,0,3150.0,1
37cda4fca7a8,1,1100.0,0
0c094a385375,0,3800.0,2
44130f584c2f,0,900.0,0
f845446d4924,0,10400.0,2
de4cfd37c40d,0,16225.0,3
8b2fc2a29302,0,13800.0,2
6f3bc81c139b,1,3225.0,0
c36b1579fb9d,0,6775.0,1
9b4850e47c2c,1,8900.0,3
75d7b7fbf03a,0,8300.0,2
12e36606c054,0,5200.0,0
a3732cc2bb34,0,600.0,0
780a0b159d2a,1,6925.0,0
2c9443dfac9c,0,10800.0,3
ab1cbef409c3,1,850.0,2
b6e637211076,1,1250.0,0
8d4f8326dda5,0,18200.0,3
4d64f449e471,1,3175.0,1
0b7c530d6402,1,1100.0,0
0b12349091db,1,1400.0,0
192b9323b5fe,1,1400.0,0
fcbbb940da87,0,9600.0,3
8706c7a7f5d6,1,17475.0,3
24e8db5bc95a,0,25250.0,3
b499e09d4e69,0,5350.0,3
c8501e057d1f,0,4500.0,1
d96816519b47,0,5025.0,0
fcc9dc4c1b9e,0,600.0,0
54f035632d86,0,4950.0,3
f61c13dd3612,0,13250.0,2
74f1f191a567,0,3100.0,1
8335dcdd0ad9,1,23350.0,3
ae19215d20b8,1,7950.0,3
d792d287bf2b,1,4275.0,3
6c4ade3a5445,0,6650.0,3
51e871509b3b,1,1900.0,1
5be930b68a2e,1,10050.0,1
926f3f590e3c,1,15700.0,3
0e7223312266,1,1125.0,0
38e4ebf014f5,0,1550.0,2
bff43ef1e32a,0,150.0,0
6ff20de81591,1,5925.0,1
da223f7d71bd,0,3450.0,2
17045c97ee04,0,9275.0,3
bc4d67b0e3b3,0,32650.0,2
dc4a1d4c5f1a,0,1600.0,1
35611f08df03,1,13600.0,1
49fb5069a824,0,1775.0,3
b32b80aaf30f,1,16075.0,0
27ad61e35d77,0,36700.0,3
6ee082f79e51,0,4150.0,2
468e7e7e3fbe,0,10800.0,2
fdf55cd41f63,0,5550.0,3
bbe4942635b1,0,150.0,0
c7466c5e522f,1,2325.0,0
662a499b49ca,1,8525.0,1
82dced1994df,0,4750.0,3
6a4ed8b576f5,0,3275.0,2
38711ea8babf,1,13300.0,1
2d5cc9732dd7,0,225.0,1
4b7e49b092fd,0,2250.0,0
5158a4fed33f,1,11800.0,1
e6c2e3d569b2,0,1000.0,1
91bba90d245a,1,18850.0,3
08be52ebebdd,0,30700.0,3
637a6d8135fb,0,500.0,1
85b8d41586da,0,4025.0,3
cee6af99b018,0,1100.0,2
1d144927a9d8,0,2350.0,2
0010c5470e9a,1,2700.0,1
ec3c64f2796e,1,5900.0,1
72b9fc5036cf,0,5375.0,0
3e27a23f5c2c,0,500.0,0
3d22fb79d83b,0,19975.0,2
d59422fa013b,1,2175.0,0
b599f285f4db,0,525.0,0
ec95ce0a339e,1,14100.0,3
f6dab3d9327d,0,11300.0,3
98e014ffb86c,0,1675.0,1
595959a54d82,0,10750.0,2
c9e16b2f5e51,0,26750.0,2
601df450f186,1,1975.0,0
d3b65f21b70c,0,9000.0,0
d9b8d3919bfb,0,100.0,0
ebd8ab6ae81b,1,5725.0,3
bb32db181f74,0,7150.0,3
6d6fb85c1267,1,6575.0,2
b50997befa54,0,14575.0,1
58f8e2996eec,0,3725.0,3
9404a4c0af25,1,5150.0,3
5a6f0d523e0a,1,6525.0,1
60bfd687e1fa,0,6700.0,2
d8dcd3384871,1,3425.0,3
0dcbe0974df0,0,1125.0,2
2fc5de2166ae,0,8675.0,2
90423c579f8c,1,1175.0,2
b76e4aeeccd3,0,1850.0,0
02ccef17c917,1,1300.0,0
4f26380b8203,1,3550.0,1
76de5e14cfe9,1,5625.0,1
6bbe7c11f2d0,0,750.0,0
3255671ee959,0,350.0,3
d2f23472e52a,0,1900.0,1
cbce5c77978d,0,17525.0,2
10fb063ee8d2,1,1575.0,1
12f50942006e,1,7950.0,2
a4afac33edbc,1,7100.0,3
cc283f13d14e,0,1150.0,0
471f8e9c0c40,1,5600.0,2
af642250f476,0,600.0,0
1263f0411bb1,1,2000.0,1
a3c7efb6f546,1,8150.0,3
bca5d81b5c32,0,4475.0,2
c251abde965e,1,6600.0,2
f019b48ae0c4,0,4650.0,2
b42ac1ec7f89,0,600.0,1
0a7aacd92bee,1,1800.0,0
8cc1f3696fa4,0,6075.0,2
60271ce8fe1d,0,1125.0,2
f117f7e53737,1,1300.0,0
112cb8c7907b,0,4900.0,1
27e6ee9f9fdf,1,2275.0,0
fed2eef2c716,1,17950.0,2
98cbf165d50c,1,2650.0,2
bb9d66068091,0,2225.0,2
015c763bb621,1,12525.0,3
957ec23eb759,0,3350.0,3
1e650735b6d6,1,4825.0,2
b68859fc0e15,0,2375.0,2
221a736804d7,1,1575.0,1
369536333a69,0,2500.0,1
95465136736b,0,2575.0,2
b9b936540a83,0,2350.0,1
e036a4d4f675,0,4550.0,1
83281390b63c,0,750.0,1
1c02b1177be7,0,12900.0,3
ce9bed4dd4de,1,4350.0,2
ecaa4249bf58,0,2800.0,1
fc6541cac7bb,1,12900.0,3
fdf6bbd65203,0,2375.0,1
86a1198fd944,1,550.0,0
59e6feedfedf,1,7250.0,3
445ffc427b8e,1,1950.0,2
92cd1e8844b9,1,16425.0,3
559834fcf36c,0,700.0,0
d4f888efcebc,0,1575.0,3
fe5fad0d9aa8,0,8125.0,1
beae1e0d6c47,0,18950.0,2
cfec57b73247,1,1125.0,1
f35bdf8a7eb1,0,1650.0,1
207bede9f81f,1,21300.0,3
73dd799e010f,0,28025.0,2
e20e9e904b67,0,2625.0,0
e5e54e64463f,1,3325.0,1
9f65e0d41a68,0,2500.0,3
3d5f2c0b6e40,0,350.0,1
17fcc18df9f3,0,18850.0,3
4f0c458ce2e8,1,1700.0,0
c59383ce3809,0,10225.0,3
f6e320206de7,0,5350.0,1
d71ae1b59a05,0,1525.0,0
bd826f460e43,1,2050.0,0
98b97e2497b9,0,3150.0,0
881bf424ce30,0,7975.0,3
50efc48cce3b,0,4400.0,2
7fab8be3c114,0,25000.0,2
9c8c0cf436b7,0,7700.0,1
16e5b339ff5c,1,9250.0,1
535bbe53c399,0,1600.0,1
f46848f6729f,0,1750.0,0
ca707a918501,1,20425.0,3
ff6680380b62,0,11225.0,2
6f71211a8471,0,4400.0,3
c82f5eb79958,0,800.0,2
33e612f2b6f8,1,4775.0,1
db2c07e0228f,0,27650.0,3
fbe15702a970,1,2050.0,1
322ec3eb7637,0,925.0,2
fbf1a515dfac,0,2750.0,2
b5b64dfa2a19,0,7150.0,3
bf23cf569a58,0,45900.0,3
6576af667bed,0,3050.0,3
381a0c0586ad,1,5775.0,1
272a7ecb992b,0,1275.0,1
133b87d9bee3,0,575.0,1
018a7fff054c,0,2700.0,0
2a7ae91e0efa,1,8850.0,0
9a1c0a0e4466,0,24525.0,3
a191f752974d,0,1500.0,0
56f4324d434c,1,1200.0,0
9b3d0864759a,1,1600.0,0
f498ed6f89d7,1,1900.0,3
d23593b35fc2,0,14850.0,2
118e11cfabed,1,8000.0,2
c3dd99028885,0,4150.0,1
dcc7b69a06bb,0,3100.0,3
e4ff8a104f66,0,9575.0,1
c9842993cfd7,0,8575.0,2
14fa7cea24c6,0,2925.0,2
abffd3df60cb,1,3450.0,3
e22a1158cc92,0,14200.0,3
af17dc4d7bab,0,1500.0,0
66af53d887ff,0,200.0,0
fbe25db2dfaa,0,3200.0,1
b3681b57dcd1,0,6000.0,3
5cabb3e372b4,0,32250.0,3
55230f00b7fd,0,3875.0,3
e7c58dacb099,0,7425.0,3
72072444420b,1,15875.0,3
23427ddcbbf7,0,1250.0,0
a41a8d505057,0,3225.0,1
7901ba22299e,0,2025.0,2
f8acc44a5403,0,450.0,0
667c3a5dd789,0,2025.0,1
76946738e65d,1,12625.0,3
c016bf120f74,0,6750.0,0
fa77b9f6c020,1,1725.0,1
2c44fefd0136,0,4250.0,3
b1603bd563fc,0,825.0,1
7117cb22c0f2,1,2700.0,0
b615e9738e27,0,1150.0,0
527a03249182,1,11925.0,2
e533a040bbc8,0,2125.0,0
a806d33ea67f,0,17150.0,3
68aa64baa21f,0,1900.0,1
45439228a489,0,4800.0,2
3c5b82de265b,0,150.0,1
48205f955b51,0,3075.0,2
f1cd0a908914,1,3950.0,1
8065b5f64f1b,1,2075.0,0
3184354ee858,0,275.0,1
2e4f4ab091de,1,1200.0,0
ee2307651e11,1,4000.0,3
38f01597f301,0,9625.0,1
b8982057fc1d,0,200.0,0
6cb165b05bea,0,1000.0,2
3f0effbc1a07,0,3625.0,2
56b6f1839a94,0,1675.0,3
ceeddf23ae40,1,15100.0,3
9ff95ad6df73,0,7225.0,2
36dc22331aea,0,21200.0,3
6f58cad51ca7,0,21075.0,3
9144ca8d0a56,0,3575.0,1
a06fb4dfea00,1,3150.0,2
da8b46a3fecc,1,20600.0,2
ce844dfc0f2a,0,2900.0,1
2f1fb30bcb17,0,400.0,3
8d081b99bfcb,0,14175.0,2
414865d937ac,1,23250.0,3
156439b435a0,0,1300.0,2
0e287a8ff165,0,750.0,1
97b2fb9d9f3b,1,3000.0,0
a8c03fd8b6b2,0,24275.0,3
5bb5370bde65,0,9950.0,2
9132f9514a68,1,700.0,1
27579c79f574,1,650.0,1
018e5a823a89,0,1300.0,0
f4612966f254,0,9950.0,1
e3b5a0230150,1,2800.0,1
65b58f5ddd60,1,6925.0,3
1e9747e270eb,0,20950.0,3
ab67264fe7b0,1,15350.0,1
4632a4dbae7e,0,5600.0,3
864727242e20,0,8600.0,2
01defe49d85a,1,9450.0,0
300201ee9e2a,0,5750.0,1
75162329758b,0,2575.0,0
04b6e6229230,0,600.0,0
3d408cc3f344,0,1050.0,3
e72302638ce0,1,700.0,0
8413dfb3f689,0,2175.0,0
1ed5b0f6950f,0,37225.0,3
b07395cdc036,0,17125.0,2
41c0c6422e2a,0,9275.0,3
b4be20d49108,1,425.0,0
3bfe2ea847fb,1,1525.0,3
9e2b1f47c046,0,2650.0,2
b6c517c1828a,0,13350.0,3
2f0fd33714eb,0,2275.0,3
d000bb0f117a,0,1300.0,1
e05b72f19c97,1,6000.0,2
d95321cc32ec,1,18650.0,1
eccd929dd8cc,1,1500.0,1
cb00444844c3,0,1925.0,3
9e20f5c74285,1,8800.0,2
32fbce2008f9,0,7300.0,0
4c36495aa6be,0,3025.0,1
ebafa17e0ef1,0,700.0,2
85fbcde067eb,0,4250.0,3
293d0186e69d,0,2850.0,2
f64a5ad17b51,1,21025.0,3
ecaed5132686,1,11650.0,3
7d29a1ee8f58,0,5200.0,3
58ba7c5d3d02,1,10250.0,1
b13e38e1d8d9,1,4400.0,0
32d7d0ec8e85,1,11800.0,2
3a94d8eca21c,1,2850.0,2
b28fc366d989,0,40175.0,3
0cd910cef4f6,0,3000.0,0
50c892c0886e,1,11300.0,1
677129dcb1ea,0,11575.0,3
567cfc0cee2e,0,825.0,2
68764748fd2d,0,3400.0,0
f91476390cd7,0,27750.0,3
4413fc5bb74b,0,1775.0,0
118687007c3d,1,6800.0,2
ab39a99bed58,1,2800.0,2
6e41b2ecee5d,1,14950.0,2
017c280a1d03,1,8700.0,1
54ee907a64f1,0,21575.0,3
797cb2f9a679,1,1200.0,0
dadf561ea659,1,7975.0,2
fa537106fafd,0,950.0,1
573bd828f0c4,0,26000.0,2
9813993baabc,1,19175.0,2
c78a1f3ae72b,0,4775.0,2
681e5071bbdf,0,34500.0,3
a4e9174c998c,1,3750.0,1
68f4191f7186,0,4725.0,0
c2f1a9fb8acf,0,4700.0,2
24f0d93462bb,0,4600.0,3
04493457d104,0,2375.0,1
81821f4c0233,0,3550.0,1
35fb0c9dfc66,0,7350.0,3
9cb801bd5e86,0,0.0,1
94bcac4c5a8e,0,3250.0,1
f54af59b2a6b,1,2550.0,0
74fdc2013761,1,5775.0,2
69949fb258ca,0,1800.0,0
5012bb0e69bd,0,1800.0,2
8caee02489ed,1,12200.0,2
d91db110bd2b,1,700.0,2
30cec745a6ca,0,125.0,1
fa197029c8c4,1,525.0,0
c435ecee2857,0,6675.0,1
e46939c1a28f,0,5750.0,2
4e1ce2f8b475,1,6850.0,0
157c20043daf,0,5575.0,3
626104425013,0,3275.0,1
44fb8ba943f6,0,3400.0,1
4833fefc80b9,0,0.0,0
46cc188fcaa2,1,2325.0,0
5283f5a713a4,1,10425.0,1
e872e5099006,0,1425.0,1
c38aac9d8632,1,12700.0,2
f29327c75187,0,1275.0,0
18b976eff025,0,2125.0,1
e3d0911c6b6f,0,14175.0,3
55bbe9311783,0,3700.0,3
16dba07ad7c3,0,10475.0,1
c662f7109040,0,3300.0,0
24b1fba13dd9,1,5650.0,3
41a97dcebfaf,0,350.0,0
eb3996f2c652,0,8700.0,2
e3cd34f1c339,0,2650.0,2
2be1c6e579cd,0,1375.0,0
2ae42fcb9b1e,0,2500.0,1
5ad0825edb2f,0,500.0,2
e52e6787874e,1,2050.0,0
b814c031a8ee,0,200.0,0
fe187a70de9c,0,150.0,0
c54485b5c2ef,1,14925.0,3
68c3bbc68e85,0,5100.0,3
5d63be84333c,0,7850.0,3
c8ac2ab7850f,0,1225.0,1
cee0ddfefb30,0,17175.0,3
c7cdfa826fbf,0,2625.0,0
7c2636a5b271,0,575.0,1
7b54c82e39e5,1,14275.0,2
c7308db26760,1,27975.0,3
809c824bb319,1,3175.0,3
9d2dfb29a47f,0,9800.0,3
505865d040c8,0,3000.0,3
77adf43e7f15,0,600.0,0
cab4a5485b84,1,2050.0,1
1e5a7823a64d,1,1775.0,1
c9f252b3d264,0,850.0,1
31b5c4277fd9,1,16600.0,2
e489f7f994fe,0,29725.0,1
2b1353a5b48a,0,3175.0,3
11f5c8539217,1,900.0,2
bf82aed8070c,0,4400.0,3
1f0182b99162,0,16650.0,1
9ad5788ae559,0,3600.0,1
814b348e76e1,0,4250.0,3
cee2c65b12da,0,725.0,2
d932b32c0804,0,2625.0,2
048df1c09d55,0,29825.0,3
c00c29f9e9f2,0,34775.0,1
188c95937944,1,4675.0,3
a103bde0cb6a,0,50.0,1
cf82b38d9eca,0,13375.0,3
c54548b8d488,1,8900.0,0
8fd3b1318e49,1,675.0,0
43f789cbef47,0,6825.0,3
dd00019b5d3b,0,11425.0,2
a230cc02f11f,0,7200.0,2
8490d5ab2df7,0,3250.0,0
47f1aed3ccf0,0,7450.0,0
645e77ed99af,0,800.0,0
a5864cd7634e,1,5575.0,3
8eece80f916b,0,5400.0,0
fb50b878be8b,1,1200.0,0
9b35022084ab,0,6375.0,2
147c7942d420,0,1400.0,1
af066ef0e7f6,1,31225.0,3
8a10244c7b83,1,11350.0,1
78135f1121e4,1,12250.0,1
bdb2d871ded2,0,21100.0,2
4e606c2baf3e,0,4025.0,3
1dd67536ed83,1,1225.0,1
b1b09f3bbaa6,1,5150.0,0
472211a319e1,0,2350.0,1
deec9beee09a,0,1600.0,0
94b2afcb7ae3,1,11650.0,2
b8d33d653a45,0,12200.0,3
196da3d7c120,0,1700.0,0
0c6020b9b7a3,1,900.0,0
bff46e5538c5,0,8800.0,2
cf7c7c196d84,0,0.0,1
41779ea30c95,1,5925.0,0
8564c94a01e7,0,100.0,1
34ddb3ca7581,1,3375.0,0
c5311d50361c,0,1600.0,2
ea92cb4c6b69,0,1800.0,1
abd7598ed280,1,15200.0,1
574c492cbd01,0,1475.0,3
7097231b5a4e,1,2450.0,3
de8573e6f143,1,1300.0,0
df9b4c7c1e7d,1,12875.0,1
dfac2ceae683,1,6975.0,1
20cb2a78f1db,0,36125.0,2
908329b88784,0,11450.0,3
93bb3fce5c72,0,1450.0,1
1edcfc645f60,0,0.0,1
00b74aa36b4e,0,375.0,1
958a9daafacd,1,8750.0,3
9564e8a8e10e,1,7325.0,3
51278649a605,1,8100.0,3
1d0232fb2db3,1,1900.0,1
df0061499633,0,2650.0,0
90f57d16af6d,1,9600.0,2
1b5bacac393c,0,7950.0,1
81bebb69ed29,0,1925.0,1
42bb09746c60,0,300.0,2
671b2cec125e,1,1700.0,0
e0db50ebf78d,0,21600.0,3
6b467bf8fc49,0,1225.0,0
177aae80d229,0,59325.0,2
eda17857553f,0,8500.0,3
f814a9316f82,0,3600.0,2
218713a75c81,0,10700.0,3
89f6af8fc95e,0,1000.0,2
43b9cadc437c,0,13375.0,3
48816a231bd3,0,2375.0,2
c4862557465c,1,8100.0,2
786e6cfbc3dc,1,10175.0,1
fd981950ea62,1,3000.0,2
c622408c4425,0,1800.0,1
503874ca37c1,1,32550.0,3
59c92c099b0b,0,5600.0,3
0e8b2c554deb,0,300.0,0
fb3df2c7c51d,0,53800.0,3
97dec6d9475f,0,35425.0,1
baada0faa1ea,0,4300.0,2
a3c41c7302c6,0,6300.0,2
054dedff3665,0,18400.0,3
b3d568965cea,0,3475.0,2
fd4eda79de4c,1,3400.0,1
c499a41e78f1,1,11050.0,3
927e6a290870,1,1875.0,1
b24110bf496e,0,2000.0,2
b4529a59539f,0,10600.0,3
a3cc281be0c5,1,8625.0,2
4ef5cec1030e,0,2800.0,1
cbc9ca315734,0,7900.0,2
c39f089c0851,0,800.0,0
ccdfc450157b,1,7375.0,1
2c2ee06b3346,0,21525.0,1
214a1e7b984b,0,2100.0,1
ba7cb12c9a75,0,150.0,1
1ebabcccbbd8,1,29750.0,1
6003647853c6,1,15025.0,1
ec3ccda0b474,0,25475.0,1
c1ca2954a767,0,4100.0,2
8438f73936e2,1,20700.0,1
17a616797b51,1,4800.0,1
63435b68a7f4,0,2850.0,2
a88f791dce4e,1,43550.0,2
a0c9402a8226,1,6650.0,1
71f029ba0701,0,3125.0,0
8f6ba1871d72,0,2225.0,1
e4a3e924ce4a,0,2125.0,1
537f2078b9fb,1,2125.0,0
7541402b38d4,0,5300.0,1
f5c18e476344,1,13100.0,3
326aa0b1b31b,0,29650.0,0
978cdf2addc7,0,5900.0,3
54a234f805f1,0,900.0,1
33bde725aac4,0,1175.0,3
7f90914b82d6,1,7975.0,0
19f15548a3df,1,9500.0,2
1d599e7e50a3,0,7100.0,2
8dc871dedc88,0,3300.0,0
efe085a063e0,1,11475.0,2
7906e28159a0,0,100.0,0
0f416f0d2059,1,6200.0,2
33333d8f7cb8,1,1125.0,2
9b7caf47b507,0,350.0,0
2656a12007f6,1,2650.0,1
f81510c3d9cd,1,14025.0,1
0ced20e948e3,0,800.0,0
65f28d0baeb7,0,600.0,2
4f03ed9119e5,0,1250.0,0
21fb55fc890c,0,1150.0,1
f4143f23c495,1,21675.0,2
fe6dcba96d46,0,1400.0,0
afa4e9292ea1,0,2950.0,3
b43d80e2bc99,0,13225.0,1
159c396a8c77,0,4200.0,2
c2abf8a5e3e6,0,9200.0,1
7cb0caf9437b,1,1450.0,2
a65aab5aa83c,1,1850.0,1
573936bdeb25,1,7475.0,2
da5069190d57,0,6775.0,2
55178ddf62a4,0,2450.0,0
889500fba737,0,2250.0,1
9cdbc0fb766e,0,2050.0,3
72841e970a0a,1,3800.0,1
f1f7ca05e8b8,1,1900.0,0
eb04740e79c4,0,4075.0,3
6b7e59c64925,1,8025.0,3
669470761287,1,8775.0,0
b938ad810fa8,1,1875.0,0
d3f4f66a721e,1,2350.0,0
b5c7c62826af,0,2550.0,2
3e3521b7347e,1,1100.0,0
f2a6c236b7c2,1,6150.0,2
2f1031db74ef,0,5175.0,0
356e7ece7664,1,2275.0,0
700163b3983b,0,9575.0,3
ba46b217599d,0,17200.0,1
d02b5c28a4d3,0,10750.0,2
f1dce172cd8e,0,6950.0,2
6bdd981743f4,0,2375.0,1
f29aadb2cf0f,0,1525.0,0
f8d504a99e49,0,5700.0,1
3c785a69478f,0,4425.0,3
8c899d400e6b,0,800.0,1
a196df62eca0,0,2150.0,0
7632bf540c40,0,100.0,1
0712cd543cb4,0,1725.0,3
abe6fbae474a,1,3700.0,0
1417e0358bf1,0,1000.0,1
143067a214a2,0,925.0,0
ccfe0a54604a,1,11075.0,3
b3d6413e77c1,0,39275.0,2
f041dda976d9,0,750.0,2
82a13dc66cad,0,1925.0,2
a3b76d06372f,0,2500.0,3
073db4e1f408,0,7900.0,0
7919196e8bf9,1,1200.0,2
acb4cda01678,0,1350.0,1
2fc50907eb6e,0,4100.0,3
a7a6203b84f1,0,2800.0,0
ffb05eba8315,1,19375.0,3
5ff42c1e27a3,0,9550.0,2
c85f02f83033,1,2175.0,0
f00c6d858ebe,0,6650.0,2
8812fe7141b7,1,8000.0,2
4bf651cda02e,0,7250.0,2
bab606ce0b87,0,600.0,2
18db9bba6b58,0,50.0,1
a8a5a3f95557,0,47050.0,3
3243749c2da2,0,475.0,2
7899f83b77be,1,3075.0,2
3ee2ef54ec87,1,2000.0,0
7c6ba252230c,0,875.0,0
af4d732f5372,0,3875.0,3
4a35b5565eb5,1,4350.0,1
4c0eec88025d,0,1500.0,0
84731b9716a0,0,3025.0,2
555c3fd1016a,0,3625.0,1
f17f50be586c,0,250.0,0
b1c36c9b488a,1,25500.0,1
5a0733016aa0,0,6825.0,2
11efae959c97,0,800.0,1
490a94145c23,1,1500.0,0
18176738d355,0,1600.0,0
6b23e07cad58,0,3000.0,2
be74e563f17a,0,15400.0,2
7ef070f7db63,0,2300.0,1
a1cd9f510b0c,1,6050.0,3
4e7391674e82,0,26075.0,2
6e07a880f39b,0,1125.0,1
e7a9ddab7775,0,21300.0,3
533be74a59e3,0,150.0,0
8551d1fd2d94,0,19900.0,2
126c28ee75f9,1,20250.0,2
4c704bb48c60,0,2600.0,0
5a9060bef5c4,0,20300.0,2
c03d6c09a292,1,1900.0,1
114fdd9c8a2e,0,11750.0,3
642ac0db60e3,1,1975.0,2
c983fbda980b,0,1325.0,1
6a9669ae212f,0,21575.0,1
886e0256616c,1,1850.0,0
1c2fb2c12cf4,0,2025.0,1
607a2b542e2d,1,1800.0,0
7634adf80244,0,14075.0,3
b9715cc48c80,0,4250.0,1
baa921d1563e,0,5575.0,3
d7af2d0ee36e,0,31500.0,3
8bd962ba3dcb,1,16250.0,3
e527ef6d1518,0,16075.0,3
e6c464e3f52b,0,2900.0,3
c8ad68b44576,1,2625.0,0
1d6eccc74838,0,800.0,3
72141cd73921,0,600.0,0
d359d2219c32,0,19525.0,3
14ffb6020f58,0,1100.0,0
99ae828aa0bf,0,1250.0,2
e2c22f93a7c2,0,2550.0,2
4bb77b52b9e3,0,18200.0,1
58f8751837ac,0,400.0,0
66a93f48238b,0,1525.0,2
2eeb41c6b09c,0,10325.0,3
6a0152e51f84,0,7200.0,2
d424f6e0d554,0,11900.0,2
66e3e00807ce,0,3575.0,3
2ab0f4fed7ca,0,6800.0,3
4d510b0bfbb2,1,5225.0,1
8e5bb80e2a26,0,15725.0,3
41bf96f6ba9c,0,2225.0,2
121ae91a3785,0,500.0,1
bc704b4e6131,0,7625.0,3
b4248af7062d,0,20725.0,3
2f76610e6fac,1,16350.0,3
3e1e6ec6b0ac,1,1500.0,0
94d57163b2b3,0,2500.0,0
b6238e6439e7,0,12500.0,2
f42f7c845381,0,4975.0,0
d5f854b59404,0,1175.0,1
a74045de7830,0,15225.0,1
d8fef33b6522,1,7775.0,1
20f61d03040e,1,4750.0,3
84ce77a47b3f,0,18225.0,3
66c8260c76b8,1,1025.0,1
599524fe9730,0,2300.0,2
996c1e2db564,1,5275.0,2
d9fb5b2cb2f0,1,20650.0,3
ee5947ad759b,0,31650.0,2
3c6aa185256a,1,3325.0,3
0f49579552fe,0,4950.0,2
3d32d13b0af1,0,29550.0,3
eb0bfbd94767,1,6350.0,1
8001c7d2ef66,0,6550.0,3
1b02d8406127,0,7825.0,2
cb5dc1bd2a79,0,2350.0,3
4c51ce9357d8,0,24925.0,2
a9834db79082,0,1600.0,0
8460c800d56c,1,7250.0,0
b43fa19ef174,0,12000.0,3
3153a9870904,0,375.0,0
094a79490b0b,1,4350.0,1
2475bfa7a934,0,6350.0,1
2e9e33a0bc86,0,250.0,0
2473c3e24175,0,22725.0,3
c89cece86c05,0,3400.0,3
7f73a5fd9f51,0,4675.0,2
a54bba9f4515,0,6775.0,3
c7610f83d229,0,2800.0,2
9fda505b9cfb,1,200.0,3
72677dcf2b14,0,11575.0,2
0e4c1b0c6f2b,0,2550.0,1
0c66630e72cf,1,1550.0,2
a41b1f52d8c6,0,1625.0,2
2ccba0146675,0,36325.0,3
84203fda3020,1,2025.0,2
1d615f5d00c4,0,275.0,0
64a96c7bde3f,1,6300.0,1
5f1634b06213,1,3225.0,0
2eae4f6023b8,0,200.0,2
54fd5e779991,0,3850.0,1
717c62b909fa,1,1700.0,0
b281969cf748,0,1050.0,0
088e24c9bb41,1,14100.0,2
9ced4c228daa,1,10675.0,3
efecaaa9f105,1,6375.0,2
0bd0e94db7cd,1,2925.0,1
62dffef40e00,1,5450.0,3
a2a9daa59978,0,13625.0,3
9dfff163a2ec,1,2025.0,2
48fd6208ae5a,1,1975.0,0
731d6d30349f,0,20100.0,3
4aa2ab1003f3,0,15200.0,2
12f690204b20,0,3050.0,2
db6d164072e9,1,17350.0,2
1b4c587dd804,1,12300.0,2
2c79e141db50,0,9750.0,2
68e1d7880f31,1,1050.0,1
d83e10151857,0,4900.0,0
567d45826bfc,0,1875.0,2
179a5035d3ae,0,1400.0,3
62ee0991bcf7,0,1250.0,0
9d5fb7e44553,0,9500.0,0
fa47c08952c0,1,3275.0,0
b416606890cf,1,5525.0,2
2bb519c43743,1,17450.0,2
57ffafd7ac05,1,18100.0,0
b904e594029b,0,33750.0,2
425199b82dee,0,2925.0,0
36d28ed1d9cc,0,3000.0,0
ec7835215539,0,5475.0,2
5cc6bad88a96,0,17625.0,2
5a53abaef756,0,1000.0,2
b8d1cfae3c02,0,28725.0,3
ab8a5d76e79a,0,2750.0,0
dc5a893be35c,0,1550.0,2
586f1382bef4,0,4925.0,1
675a9f003e6a,1,12375.0,1
f4243dfa625e,0,16900.0,3
865451ccc89d,0,11025.0,2
77442dc45499,0,550.0,1
aa1326961610,1,6450.0,3
6fc8c7f65e22,0,0.0,0
a6b094ad9d9c,0,4275.0,3
6a01cb0cfaed,1,3675.0,3
6d4f9a839f9f,0,4100.0,3
86a7c6198ee2,0,625.0,0
d2081ae4bd9e,0,1700.0,3
681ae45a51b4,0,6525.0,1
6a221e3e4c87,0,1700.0,0
87b7f0d6d03d,1,15375.0,3
88839cf368bd,1,24050.0,3
04565cd757fb,0,1100.0,1
29c76f7a524e,1,3525.0,1
2833c0b18a89,0,3500.0,0
1b0fa9c879c8,0,14900.0,3
df07c47bcd37,1,5600.0,0
77d2811ccf0d,0,4850.0,0
1a2891723e98,0,200.0,0
6a2c13ac513b,1,16300.0,1
2ffe1e5e48cd,0,16575.0,3
271c48377256,1,13425.0,2
36420a80ae0d,0,18400.0,1
6467b545ac03,0,3000.0,1
42e360cc6b08,0,4850.0,1
4dd1cb8dee88,1,1550.0,1
bf60d11decec,0,4125.0,2
e7ab1ed690ee,0,3125.0,2
f50723fc95af,0,3600.0,1
fb6cfc7049fb,0,2500.0,0
9199edf70746,0,2000.0,0
33edf0e63443,0,500.0,1
376413bd3089,1,5075.0,3
2299321d463a,1,2425.0,2
787bad69cdb6,0,5000.0,2
b7111cd901b3,0,9200.0,1
b01f5a71694d,1,1200.0,1
acc9ea93d468,0,33975.0,2
dc082a953390,0,1825.0,2
2a4096885c6d,1,15800.0,3
220fd96cdfc2,0,3775.0,0
8776dc9c28a0,0,1675.0,3
3bfb47004719,0,1350.0,3
37e455d9927f,0,600.0,0
219dce159233,1,4350.0,3
8aa119039390,1,2575.0,1
b53257a57772,0,11300.0,0
ba2df7148178,0,3250.0,0
3c302d63dfa2,0,1200.0,0
509ea4eacd7a,1,1550.0,0
e452bb99e4b2,0,11750.0,3
4fe9087db37e,0,15100.0,2
82c5c34f507a,0,17900.0,2
5506e96bf61f,0,9800.0,3
4cab0bcccb36,0,4775.0,3
20192433c81b,1,1225.0,1
6aa73b8161a8,1,2225.0,1
bcfba9acd456,1,3750.0,1
2248790a10f8,1,17525.0,3
49e48cb07ca3,0,3625.0,3
5e458975b24e,0,2250.0,1
4c8ca97ee09d,1,17050.0,1
a0cf068e67be,1,975.0,3
3d67ad3f4ab9,0,425.0,2
65d7d65940fa,0,11775.0,3
f86f7f6c9949,1,38325.0,3
4df099909c50,0,14625.0,2
fe0af61bbda2,0,4250.0,1
39e79694cf12,0,100.0,1
950fc3cef75e,0,5300.0,1
54be685ce134,0,1750.0,1
10e2a1cbd78f,0,2975.0,3
551281195292,1,2050.0,1
d0455eb7a056,0,2675.0,3
4be5d3cb202f,1,3775.0,3
27f654d628bf,1,3100.0,2
030ee80334b5,0,900.0,1
3938418b2d98,0,6950.0,2
9e50c4123849,1,700.0,0
7a6884a6aeb0,0,1650.0,2
8ffe65647d9d,0,3100.0,0
5333e5f67578,0,250.0,0
329fe8059f08,0,3950.0,1
52c4f78421d1,1,7100.0,1
2f8f57eafafb,1,5900.0,3
1307207bdb48,0,21900.0,2
5d082b809830,1,63200.0,3
4caca7639e80,0,2200.0,0
31a7a7837397,0,11300.0,0
581780c3c5ec,1,1200.0,0
fd6bf6521440,0,46125.0,3
16e8a17c3e35,1,1250.0,0
bd218e70c93d,1,1100.0,0
7384af77cd23,1,3600.0,1
4dead01059af,0,900.0,0
05fa11ed71c3,1,6850.0,3
df0fbaa90f35,0,900.0,3
c8566f4c618a,0,6100.0,2
a9e522827455,0,2450.0,1
c02d5a52e01a,0,2275.0,0
4665db91e4b8,0,6950.0,2
78a8c75098a4,0,2675.0,3
b791b0b526ad,1,4900.0,3
657b82f11f65,0,400.0,1
f30ab4feda21,1,20025.0,2
3fb572e9812f,0,3875.0,2
6a8ee7bc908b,0,325.0,0
c2de5a230914,1,3100.0,3
b9c109fe32fa,0,4600.0,2
c4ef48ba9521,0,1625.0,0
86007f5b2443,0,2925.0,2
908334277e41,0,5025.0,2
0481c687f188,0,2150.0,0
58e1d701e35c,1,1325.0,1
8661ff71e2bb,0,11675.0,2
b963e6759553,1,1725.0,1
78d7c8382aa7,0,3425.0,0
91017cbf9924,0,1500.0,3
d27a6164e215,1,14850.0,2
62446356fc68,0,3175.0,0
f0003fa0c7a0,0,600.0,0
4a459d70cf59,0,5400.0,3
57386766f578,1,1850.0,2
0c3f1104412d,1,600.0,0
0e5a7a38c58e,1,6300.0,0
23d6262631f5,1,7450.0,2
587040d00459,0,3000.0,2
502791c63661,1,18425.0,1
a9be0c5aa879,0,3300.0,2
f2cfdc8db749,0,1100.0,1
a1ede74967b2,0,44175.0,3
e0c59b3cd090,0,27975.0,3
1c31c9944de0,1,2475.0,1
c74603b0d821,0,15650.0,1
ca3a43bff3ac,1,25550.0,2
9da9be11583d,1,24825.0,3
ac3c52e94d9d,0,4700.0,2
b67893b8ef87,1,100.0,3
36e2c25df5c9,1,30475.0,1
48cfc1a184a0,1,700.0,0
df3e8e94d691,1,13500.0,1
7e2aba56431d,0,14125.0,2
a17ef531c611,1,12900.0,3
7dc6817eb0e7,0,17750.0,2
131ec0366724,0,5775.0,1
07308baf60cb,0,25375.0,3
023e0f11f73a,0,1050.0,1
5d8b46b3f905,0,52275.0,1
0df6d7143d12,0,23200.0,3
c93a251ad208,0,7550.0,1
1e61b3b395cf,0,25450.0,3
bd3f678e34a0,0,900.0,1
a5610df4c2c7,1,2025.0,3
8d2f7946ed14,1,11175.0,3
ff6d7998c3b9,1,11350.0,2
a9e670de24bd,1,1925.0,1
cb166c1594cd,1,5775.0,1
4fc6aad0fbce,0,32875.0,2
2ea1d6ea748b,0,13100.0,2
bedc02386233,0,1500.0,1
b8c4a52d9394,0,23975.0,3
ffcbaf1ca048,0,34650.0,2
c9e2b85a2ff3,0,2800.0,3
125238788356,1,1150.0,0
1f3ba8de7ea2,1,5325.0,3
0eb9064c41f5,0,1750.0,1
b339a0d14427,0,7375.0,2
4675e690adeb,0,6050.0,1
8a3c6a10053e,0,17400.0,2
df711d7d7d79,0,2300.0,0
72580a3b92a3,1,6775.0,2
7d98edb9af6f,0,2900.0,2
d819e5ac9cd0,0,4800.0,1
9b6dbc423ebc,0,14000.0,3
1aba60391b86,0,1775.0,0
45055c41e313,0,2450.0,3
028b9cf7c9cf,1,30300.0,3
6f8bc5b30d43,1,12925.0,2
4dd5b9898882,1,1200.0,1
e5d9805dd226,1,1700.0,3
407b5ab5757d,0,450.0,0
a0afd9078421,0,10425.0,1
d0d482fc65c4,0,1250.0,1
d19cb9c4d71f,1,1050.0,0
7455cc99b9ed,0,1250.0,2
7d927bf9702d,0,39400.0,3
8c7c3f4e8103,1,22225.0,2
e2840be6fb52,1,3300.0,2
997a665081ae,0,19650.0,3
f44227a08fd0,0,1575.0,2
c1030b12b4c3,0,4850.0,3
6b76933f16e8,0,3350.0,2
bd155098d755,1,700.0,0
c064ca87630c,1,30900.0,3
cb74d7a77eb5,1,14350.0,2
a6661dc4f408,0,5875.0,3
cb07c88a2afc,0,26900.0,3
d78afb4ded2d,0,600.0,1
d670550182c3,0,3075.0,0
2d77597387a4,0,400.0,1
604637492149,0,1000.0,0
29c1f7533a31,0,2950.0,3
b8a8d4747864,0,1875.0,0
58e84e916b3c,0,2600.0,0
bfe60f939494,1,25700.0,3
8d4d5b2bc7bd,1,40675.0,3
10fefea255d5,0,5025.0,3
5cb9f962cf6e,0,13825.0,2
92b19d728702,1,4900.0,1
7d5b992fe8ad,1,4600.0,2
8ff6c5450bf0,0,1450.0,0
2f945310ff40,0,2850.0,1
1ada11ddf75c,0,200.0,0
b8b49fc75d10,0,1950.0,1
2a277102b47c,0,1725.0,1
db7569693329,0,4325.0,3
82c84730a231,1,2550.0,0
66d2a7c51e0e,0,12525.0,1
58d79f696ada,0,25900.0,3
e1f7c265beca,0,1850.0,1
bff6ced11995,1,1200.0,0
fa59dbf97ce5,0,350.0,1
1c85c5e40bb9,0,2825.0,2
6d5ec7a95d18,0,3900.0,2
31e758e63a2f,0,925.0,2
742240f4188e,0,4050.0,2
10399d3889e8,0,2575.0,3
c2a0ac50f503,0,4800.0,3
7d2d62b880a9,0,2850.0,3
0868a71363b7,0,5475.0,2
4980755b7b64,0,3550.0,3
1f2aa691ad20,0,3300.0,2
830d4fe1db0d,0,750.0,0
a78925518fde,0,2425.0,1
c9c2fb0e0eb7,0,1250.0,3
9053e9d8c285,0,650.0,1
e581c39369b8,0,22050.0,3
dcfd0711db6d,1,31300.0,3
c2cd1a2ed3af,1,4825.0,3
df3be9392446,1,800.0,0
af10a9ca4548,0,200.0,1
e61a6ebc00a7,0,5700.0,1
b889db3f2e8f,0,1200.0,0
15403ad140db,0,2975.0,2
db0e711adabf,1,6100.0,2
bdc6ed65324a,0,23400.0,3
1c8945853ee4,0,21700.0,3
d384ab8716ec,0,18325.0,2
e4486e13aa84,0,18950.0,2
c215996f009b,0,2925.0,0
26623dfc70cf,0,1700.0,1
96fe29b57ae5,1,4050.0,2
e2b5bd29396e,1,1150.0,0
962388faa69c,0,21500.0,3
67f7a48873f9,0,12825.0,3
8f8a7cef0f76,0,3725.0,1
53a969389450,0,1375.0,1
fac0a1892e2f,0,7950.0,0
43ae9c8860a3,1,1475.0,1
81510ec0a2df,0,9700.0,3
3d09a40b3bb9,0,16425.0,2
f59031b29808,0,1250.0,2
f6cb33c7e358,1,15200.0,3
139e7e30cc59,0,9125.0,2
e3f744acb204,0,10450.0,1
69244d517b6e,0,6900.0,2
1a33c71da653,1,1300.0,1
3a44213abcfd,1,1300.0,0
aa1ad87c33ae,0,13125.0,2
bdc6e3b03f24,0,36050.0,2
553c0023ed5b,0,63550.0,3
5d5c8f1b13e9,0,10050.0,3
d9076ae9c56f,0,2500.0,0
bff209c2d16c,0,950.0,1
305d8047985c,0,3500.0,0
c848711f4f0b,0,3025.0,0
e239f8e93dac,0,8400.0,3
08113c29a730,0,100.0,1
24d5f9669ecf,0,1550.0,1
c2ad24319ef0,1,23275.0,2
da6e4092db60,1,1675.0,1
56b9df083613,1,4150.0,0
8677fa370df2,1,3225.0,3
e382fdd1f59f,0,3950.0,2
6c3f0d8becfe,1,8950.0,1
27d19876d604,1,11475.0,3
0073e2397a10,0,2500.0,0
6d61ac8e23a4,0,12700.0,1
d5fdd43e7827,1,8400.0,3
da14bf7581a2,0,15275.0,3
4e6c23071563,1,17150.0,1
ca81679119e7,1,9875.0,1
227ff9d59faf,1,28800.0,3
0043489f4b5b,0,33725.0,3
6df610a2cb8b,1,12450.0,1
4378ff998c1f,1,11425.0,1
c1a50c71c72f,1,12600.0,3
d937949aad84,1,9125.0,1
c6256b24c15c,0,500.0,1
a3b9fcc69a89,1,3225.0,3
fbcf422e9001,0,11525.0,2
1ecc23ad211b,0,2625.0,2
0f5cd06289c2,0,575.0,1
eda15c235f0b,1,1950.0,0
7527f2c0f01b,0,750.0,2
05c4da7e5114,0,300.0,0
118fad95287b,0,21850.0,2
f2105f88e2dd,0,36275.0,3
5b1e9b3fcdcd,0,18425.0,3
b4df5f3f8b56,1,5800.0,3
984176a86599,0,28050.0,3
d8b24b7f15c8,0,3700.0,2
5f2f72fbd301,1,16000.0,2
8dd9c546e04f,1,5775.0,0
50adb3d48e4b,0,5600.0,3
762953953980,1,14075.0,3
65eeba531a53,0,125.0,0
b9edbcf4b04a,0,37675.0,3
2dde0b6e7ccc,0,2650.0,0
4112cf3e0ca1,0,2750.0,0
dfeacab9bc96,1,1100.0,0
db6382227897,0,1250.0,3
9d875f71814c,0,21750.0,2
b9fc0c23abf9,0,1725.0,3
78d5c09031de,1,1800.0,2
1e2537a07171,0,200.0,1
953673eafc47,0,700.0,0
42a8a9ea36ff,0,19500.0,2
cf95e723b585,0,0.0,2
493506ab74e5,1,24000.0,3
f597a78b7f0a,1,4075.0,2
a1466fb10dd6,0,600.0,0
89b28603c37d,0,10650.0,3
8c7995a32b58,1,1175.0,2
0780f5191bbd,1,3325.0,3
e7f7fb206e75,0,500.0,1
9eca53b10f22,0,1750.0,0
944ee714087c,0,3000.0,2
b24cf5f91b72,0,950.0,0
7e43468f87ac,0,2700.0,0
24dc301b2e00,0,7975.0,3
e3cf6187abb6,0,6325.0,1
f653d6b91f61,0,16900.0,2
0bc6fedd13d2,1,24150.0,2
f23567561783,0,50.0,0
8c766d699305,0,5525.0,3
414378598ea8,0,6675.0,3
a8ef8a9116e5,0,3600.0,2
af96dfea0100,0,10525.0,3
98ccd089a454,0,625.0,0
6dfbb0257e84,0,3075.0,0
ac3f18585543,0,4575.0,0
3275c96ee491,1,8325.0,3
e3a9d71d8e3a,1,28900.0,2
e36c533e0d14,1,30200.0,2
f5b0e27d6037,0,300.0,2
7b8a58106df2,0,12150.0,3
87e287b97c8e,0,13125.0,1
b025f7536871,0,300.0,3
a81c42a2a97d,1,1300.0,0
ae1ec18eeaac,0,31475.0,2
f67c22dd1ffb,1,1600.0,0
abc1df094e24,0,2375.0,1
827ec4702703,0,2150.0,0
b12ea3af7d35,0,3525.0,2
a65a27b0ada2,0,19500.0,3
8482997ca5b4,0,550.0,1
c0aeed6034e1,0,17250.0,3
4ba93653f69a,1,2375.0,3
a493379af579,1,21450.0,3
bec0024f4175,1,19425.0,3
639d1221c165,1,3175.0,3
3f0e6945825a,0,2800.0,0
6afc2582daa8,0,2200.0,3
6050c83e0aa8,0,500.0,1
9473e2c3452b,0,7325.0,2
9953d4b80221,1,6125.0,1
785fb4e3ff95,1,2625.0,0
6822dc3f6026,0,5300.0,1
7118c3549018,1,5575.0,2
4875f25dfff4,1,7600.0,3
c95183e99b29,0,1450.0,0
3c78bffcf85f,0,6750.0,1
a858b207d8b6,0,27175.0,3
ab27dc7553b3,0,16775.0,2
5164c549a7c9,0,13350.0,3
703d7edaae4d,1,9825.0,3
a5f85a22644a,0,4600.0,3
f721bda69126,1,9350.0,2
23cbe6a05846,0,1350.0,3
fbef5fd748a6,0,8350.0,3
b8a9fb278eb1,1,2850.0,1
6c1d2b37726c,1,10725.0,1
065be85556bb,0,6800.0,0
2de10d8a40ec,0,1825.0,1
7dd83a400a50,0,1950.0,1
9cd258d14b53,0,1075.0,0
b4a1bc6a0427,1,100.0,0
96a488461ab3,1,5400.0,3
86d4276902c0,0,1950.0,2
9dffad65b7e5,0,13175.0,3
357551df77ba,1,3000.0,2
9e279758a51d,0,30025.0,3
abcf2540c640,0,1650.0,2
ea3a8742c0aa,0,4750.0,3
d5fe3b85a0f4,0,21250.0,3
cf22fb0df18a,0,16500.0,2
21ee2a121aa6,1,2525.0,0
5f1ab0041e68,1,2350.0,3
c323630cc2c0,0,4350.0,1
e25a98a848ba,0,19900.0,3
9e00b24689af,0,550.0,0
2c2f887f66bf,1,4475.0,2
bb2d8f546b80,0,8150.0,1
4b47d956e405,0,1400.0,1
3e0f87629a01,1,28125.0,2
03f7fb8ce167,0,100.0,0
7bb571ce8029,1,2525.0,2
0cd36b007669,1,16075.0,2
1e5ad9c3692c,1,1400.0,0
93ed95e6fb0e,1,25725.0,3
d65a83f370d1,0,750.0,2
af61071d393a,0,2150.0,1
d5e98246fa06,0,11975.0,3
401bb19a15e2,1,11500.0,1
5f42495d81df,0,7900.0,2
a603b1eab91c,1,14525.0,3
f793693ff5c9,1,3850.0,2
8bc77785033e,1,1650.0,3
91f31183fed4,0,13450.0,3
7cc70cb55296,1,1100.0,0
0f177e673a15,1,8100.0,2
6967d5657380,0,0.0,0
7d5825c86f4d,0,300.0,0
3cdfa90379ff,0,1400.0,2
5e3a97dd6020,0,18500.0,2
d2083a993d7e,1,6550.0,2
20ac1c4a8cb5,1,3100.0,2
0aaef98fec0a,0,5425.0,3
61c8660fceb6,0,3425.0,3
d350a4ac2eb2,0,5275.0,2
2641ad0cadf5,1,6800.0,1
bcf24e1d69ae,1,2000.0,0
aad7226ccf41,0,6250.0,0
a17a880904b2,1,1725.0,0
9f6d797f226a,0,5050.0,2
23d93698b5b4,0,3025.0,0
6cece9132320,1,26875.0,3
049a01f12450,0,2275.0,1
e86982ce94e7,0,750.0,1
aa2a8ee6374a,0,10550.0,3
07656e6cdbea,1,3125.0,2
8421cc21d722,1,3175.0,0
28f8051dc6a0,0,2900.0,2
b5e6370704c5,0,900.0,2
3217f306fade,0,5825.0,3
d431319dfa64,1,14300.0,3
98e1c2514764,1,3750.0,1
123db0f247a6,0,3150.0,3
d9b81b5b4552,1,1600.0,3
436fe5835934,0,2025.0,3
b12d42116988,0,7175.0,3
ef923b98842c,1,1375.0,2
bf86d19330b6,1,1500.0,1
cdbb81c942e0,0,250.0,0
96a8ee5b6bab,0,100.0,0
d0b34f3c2513,1,1050.0,1
ca567e9f64da,1,29100.0,3
4e45e1370ef0,0,8300.0,2
cc1e2d2fecb1,0,1350.0,0
d59270cd52cf,0,700.0,0
f360d27f0001,0,3300.0,1
e83925f4d4ef,1,1250.0,1
0669f71a183b,0,18225.0,2
f68842bc8ccd,0,3200.0,3
bfb5731764ff,0,725.0,2
9890c35803b6,1,2075.0,1
d2ccac55f6f9,1,12075.0,3
c56d10c57e6a,0,2150.0,3
0b015a3a6f76,0,375.0,1
5b9af27775b0,0,1675.0,1
5eb6b741154f,1,8700.0,3
bed7ef1697d6,0,0.0,0
5f99beb55639,0,3475.0,1
abbf6b15bcc2,1,1900.0,0
af09f1ec81e3,1,7700.0,3
e84818308ea5,0,100.0,2
be3ae0d9c765,0,150.0,0
2d8d1aa0656d,1,4375.0,0
d8a375a0e8ac,0,0.0,1
7192d03ecd68,0,7100.0,3
eddd6a6c19aa,0,4225.0,1
b3b3ad117cd6,0,4800.0,2
04aee4090bcc,0,1150.0,1
cd70133c3552,1,7925.0,1
152be367738c,1,1200.0,0
736dc7725190,1,6175.0,0
6cf0f0e58491,0,10200.0,2
e02242ab3ae8,1,12950.0,3
83d45e1a11c6,0,4725.0,3
282ee759b9e7,0,875.0,1
880fd9e74e4b,0,4850.0,0
009a83797329,1,6350.0,1
e6e2d2dac584,0,1325.0,1
04b049bdec6c,1,11900.0,1
98aff82dc5e5,1,23425.0,2
69d94d98cf42,0,5425.0,3
d271f612e58c,1,1400.0,1
3b58a517401c,0,13750.0,2
c2ed78fac2ea,1,875.0,0
4cc09ea23d72,1,1275.0,0
651f9b85e201,0,3100.0,2
1417102ca0d8,1,45200.0,3
8f8048e86970,0,2825.0,0
868322c392ac,0,4475.0,2
86ed2be8a63f,0,1400.0,2
197943985639,1,19275.0,3
91bd22988fdf,0,1000.0,2
2c76d4bd98ba,1,1525.0,3
fab5c6d953eb,1,3925.0,1
fbd60a530a75,1,3325.0,3
b613dd5939ed,1,2350.0,0
cec9e65a4efd,1,6175.0,2
51ec9c544b7a,1,8100.0,0
a6b0ee249ffa,0,2800.0,1
bce20579aeee,0,1975.0,3
090fd51d7b0f,0,600.0,2
575042be04a0,0,1700.0,3
def9f0a46460,0,3000.0,0
cc8d1238da79,0,4175.0,0
f54eec1cebdb,0,850.0,0
be020c5a9b84,0,6000.0,0
202a8f322e8e,1,10625.0,2
07db182d2658,0,2875.0,0
6358e3f1a6d4,1,700.0,1
2f781eab9163,1,7525.0,2
e1917620eeae,0,3100.0,2
0f7861f1a0da,1,850.0,1
fa2186bf123a,1,8300.0,0
dc647906fd6e,0,4650.0,2
2575c0c1bf75,0,1200.0,2
fe62af5669c0,0,1375.0,3
ec4dbba8fa5c,0,3325.0,1
9f6f9b364cbe,0,750.0,0
4f53613ef322,1,1350.0,2
f068dc9756a4,0,50.0,0
7c3bd1af916c,0,2225.0,2
1b0820a1c992,1,2350.0,1
ae57e3be024e,1,7075.0,3
e4b2f899c766,0,5950.0,3
e1cd841675a7,0,700.0,2
077b9354fce6,1,31950.0,1
ae17593ce95f,0,8550.0,2
408c9536298f,1,6425.0,0
4285ae105c44,0,1175.0,0
74b8c8036958,1,14325.0,1
f2a86e7320f2,0,11450.0,1
038346efdcd7,0,850.0,2
f63227a8b36e,0,18850.0,3
b90bda0833f4,0,150.0,1
f0a1f91cbae1,0,15000.0,2
53d3a24d1bf9,1,7750.0,2
ec7fb1e1be72,0,44700.0,2
6e23e8be1883,1,12275.0,3
f87c5b7dd184,0,10425.0,1
53ed78e1f17c,0,8450.0,2
50161deb2e39,1,6150.0,0
d0c1168808da,0,9700.0,3
586031fb109e,0,8600.0,2
af12d6954c8d,0,22950.0,3
bbc881ec3c1c,0,14225.0,1
addf0c227aab,0,18150.0,1
fdc74f46f943,0,1925.0,2
345f945dd528,1,1350.0,1
fe874897c7d8,1,6775.0,1
b51f5ece1c5c,0,28950.0,3
dc767be57823,0,750.0,0
9cf64e9b0fe2,0,350.0,0
6b6dededf32d,1,6850.0,2
a2f1e6d6d38c,0,1725.0,0
5ef51e83025a,1,17800.0,0
72a15bb3c513,1,7125.0,0
4d1e88f9d6f6,0,40600.0,2
7cb7943ae0e6,1,1800.0,0
f6d26aca5a02,1,5175.0,2
6ce21a4a0b03,0,6525.0,3
7091167dba76,1,1200.0,0
1b8b3342452a,1,10675.0,2
4e9783403669,0,20275.0,3
7409082f1330,1,14975.0,2
0800c7c033ca,1,2475.0,1
3ee7801249ae,0,2025.0,2
bde129782c0d,0,250.0,1
f8085d07a8a6,0,500.0,1
01d09fcda625,0,3775.0,3
24e47f330925,1,2200.0,2
58560105a4a9,0,2600.0,2
e94940862ec6,0,4075.0,0
0b5f345c3a91,0,3475.0,0
6fe3934d45a5,1,1650.0,2
21d999edb1eb,1,9025.0,2
e4b41c826174,0,2600.0,1
7eca050d7740,0,2350.0,1
e5620cb3c519,0,15750.0,3
4e22386cef17,0,5150.0,3
0fc3bec8f229,1,700.0,0
f8262bd90a0d,1,3150.0,2
bc5ef2c5a38a,0,2575.0,0
00a86ab0b54b,0,1650.0,1
5a95a161af63,0,11700.0,2
5dc418975d53,0,6500.0,3
38dd9cc45cc3,0,5625.0,1
9b9863735d42,0,1500.0,0
f4d324c6f529,0,19500.0,3
d325e51875f8,1,11125.0,1
da1949aaf739,0,10300.0,2
057668b2c48d,0,100.0,0
4552f5852ec2,0,3225.0,3
8c8b471b9189,1,9450.0,3
16e4922b49f2,0,8100.0,2
053ffd9bf118,0,4875.0,3
278989c15c89,0,650.0,1
3f233fb7b707,0,8900.0,2
2870183aeae7,1,9900.0,2
9c455bf0bb25,0,600.0,3
d489e13be3c1,0,4900.0,3
431c4014e0ed,0,3700.0,0
7d15a44f89ca,1,14925.0,3
54dd1b8c7bbc,0,1950.0,3
b7a4cf623c07,0,1600.0,0
33402197181e,0,19400.0,3
3db25c70a59c,1,800.0,0
bc58d70f867f,0,8900.0,1
c247748365cf,0,3450.0,1
c21168f0fc06,1,27900.0,3
955755e03337,1,2500.0,0
e4763b9b9d72,0,9425.0,3
1f6a95abaa65,0,1550.0,0
bcbf131d2297,1,2525.0,1
07a24380c261,0,1500.0,1
615f27b1a6e9,1,2400.0,1
b7bcec0ca597,1,8850.0,3
4dc1270d92df,0,2325.0,3
5ff9b9c2fda7,0,550.0,2
93e6c0b20dc9,0,2350.0,0
4b98e0423efb,0,2775.0,1
2f2765b4dba7,0,8875.0,2
f3c7f54e1dd0,0,1175.0,0
521d50fb3fb1,0,2625.0,2
0904a0e15a0b,0,8200.0,2
389c9010de81,1,12250.0,0
d8669c8a7c63,0,2925.0,0
c71f74fc9bac,0,1750.0,0
e0d55762e869,1,1875.0,1
0f1d69fdb6ea,0,250.0,3
f9b58e026c80,1,3250.0,2
02813a47f730,0,46050.0,2
ea17b3c85bc7,0,14000.0,3
844107ad8c11,0,1025.0,2
2f9c2c37f5c3,0,300.0,1
6fe1ed472122,0,8075.0,2
c85c3a7746a8,1,2375.0,2
e8d365bf6f5d,0,5025.0,2
c4aa84d040b7,1,7650.0,3
329f920f2b32,0,3125.0,1
20e7d34b394a,1,4250.0,0
76ffa76849d3,0,8800.0,3
59f107ce3402,0,3550.0,0
f6cde15192fa,0,4300.0,1
e5ba90539280,0,1175.0,1
62b07f0ae380,0,2825.0,1
0eb3a59c1dff,1,800.0,0
c55a5fdedbbf,1,28400.0,0
49ccc43fa756,1,13225.0,1
fd34b11bcbc9,0,8600.0,2
ebda1fb5917d,0,4325.0,3
e50b0a6d7863,1,1100.0,2
c269dbf2cd97,0,250.0,1
74be2b12a5e1,1,11075.0,3
fe6d2a2cba95,0,275.0,1
7b0373789d15,0,19200.0,2
57101446f7d4,0,200.0,2
ab99620026d1,1,2525.0,3
a76ec235feb8,0,20850.0,3
fa3188114b82,1,4950.0,1
08933fd00d40,0,4475.0,2
9c94bc9ee55d,0,16850.0,2
fd30178c3a84,0,2225.0,0
0a93a00c4822,0,21225.0,2
3326ad7341a8,0,1150.0,2
a0e7ea05a86d,0,2900.0,3
4692baa22dee,0,900.0,1
c691eefce83c,0,14850.0,3
c19f713a1b30,0,4100.0,1
94d66fab6172,0,10275.0,2
01788338cd1b,0,12150.0,2
dc5559183fac,1,4725.0,2
4da8bb62f752,1,6025.0,3
a1fce0bd8458,1,26450.0,3
e5e607c68d59,0,2750.0,0
855e3ac6da8e,1,8650.0,3
1a5d09a79a9d,1,1775.0,0
fcb634c178f0,1,1950.0,3
e9901d2a8e17,0,2550.0,2
910b5c60884c,0,13775.0,3
ad275e45fe89,1,1900.0,1
a0fda6ae222f,1,13400.0,1
d2b089327c45,0,600.0,2
ea0879e04743,0,100.0,2
d9db11b2bd9f,0,3700.0,3
c6f6e39fcc59,0,1700.0,1
3aba66fab816,1,1650.0,0
1d868328bc6d,0,22550.0,3
4517444259d5,0,800.0,1
0ae63f681267,0,400.0,0
b1c62c14e07c,0,1700.0,0
ed850c83d0c9,0,1100.0,2
ecc61ae89192,1,5225.0,1
741cee982c14,0,4275.0,2
5c1520a53792,1,2150.0,2
ac17fa4a063e,0,250.0,0
6cbb566997d0,0,11400.0,3
03f9b6bee347,0,68450.0,2
efac87ea38ca,0,13100.0,2
adca75483e7f,0,18775.0,3
32cb9580569c,1,19100.0,2
be3767f819d1,1,20400.0,3
92c7503022f7,0,1400.0,2
4c8b6ddfaa28,0,3950.0,3
f55e17e8ab63,1,7625.0,0
6f004df7b19e,0,10175.0,3
891938401c59,0,1575.0,0
0db43e43958e,1,3100.0,1
f624c5fa04ef,0,700.0,3
15d7f14a31c6,1,17100.0,1
f5c12a2bec83,0,400.0,0
4f4d757070bb,1,925.0,1
f55b1d04b44a,0,3325.0,1
e82c753c966a,0,11300.0,3
2eb8a7445e56,0,31450.0,3
872d6c029c88,0,11100.0,3
101bc141790b,0,2175.0,2
fac4ae6219bb,1,7500.0,1
121b61f4eec2,0,1500.0,1
10a5fcb0548d,0,1500.0,1
81eb3cd50d35,0,8550.0,2
abd739628052,0,1100.0,1
7dd1f5bd7b51,0,1500.0,0
3200ef3356d9,1,9050.0,1
7011347ccf2e,0,18975.0,2
89e8ee4ccef9,0,1050.0,3
f58d17fb6d04,0,8325.0,1
313724b7eb75,0,925.0,2
bd3dd838267d,0,500.0,0
9f66cf762469,0,500.0,2
b86e2b42372c,0,625.0,2
4d6508a2657f,0,3400.0,0
5c4a175a9785,1,11650.0,1
6f8e12aa1d35,0,4400.0,3
74083d15bff5,0,6825.0,1
d7aecf302224,1,14550.0,2
2e4368a574fa,0,1350.0,2
4680614690b0,0,0.0,1
2da5474c80f9,0,9350.0,1
a39768c71c4e,0,62425.0,3
fbe7da86b0a9,0,2900.0,3
c9b388efb5fd,0,24725.0,3
e80cd14055e0,1,33725.0,3
9e3884a18627,1,12175.0,3
6b588dc4b596,1,4875.0,3
cd5ef13ca429,1,4950.0,2
9e42b2aa7914,0,1850.0,1
671c35de4863,1,12350.0,3
2dd0b288175b,0,7350.0,2
96d9835d8640,0,1025.0,2
e842b084a37b,0,1825.0,2
aeb7cb49d93a,0,12775.0,3
9baf3734fa1b,1,29275.0,3
c979c4958959,1,1250.0,2
cd6b66527c31,0,18350.0,1
472154640fc0,0,1325.0,0
73e476d93eb1,0,2900.0,1
58c0021cd117,1,1300.0,0
18506ed75f04,0,1975.0,0
82b122dac6f5,0,14225.0,2
12ea92135697,0,26700.0,3
094c9c4ce0f5,0,13125.0,1
e15b42994191,1,33875.0,3
d5ef67aaa1b7,0,4075.0,3
ece415713ce3,0,10600.0,3
873dea04f41f,0,3600.0,0
462d706638ad,1,950.0,1
c2fae5bd6395,0,1400.0,0
32de22ca94d1,0,4150.0,3
c7b4b0d35180,1,23300.0,1
9fbe3857be29,0,5775.0,2
a4117c512e75,0,6800.0,3
bca1eb1d7f17,0,3700.0,3
e81b4c380a36,1,1400.0,1
b03cbad42676,1,4100.0,1
6c35c80b31a3,0,7325.0,2
4fd54ab3a215,1,1925.0,0
18a89e946d3d,0,18950.0,2
293bcc936e17,1,2150.0,0
4eeedb1f2c5e,1,1300.0,1
a34b4e567ee6,1,54475.0,2
9b7a041ea89f,0,16325.0,3
9be2cbb76395,0,700.0,0
178950dc340c,0,4100.0,3
8e118c84762b,1,1375.0,3
ca33573882c8,0,4400.0,3
ca3b2b2b3c61,1,8600.0,2
9b465339398a,1,6225.0,2
8e0cc7b6b621,1,14200.0,2
5c2d54cffd66,0,8850.0,3
f69452f279d1,0,3025.0,0
9ab88cb0f214,0,2100.0,2
31ab9fcba27a,0,20700.0,1
fce5a85d58bd,0,6100.0,0
f434a43d0efe,1,6500.0,1
721d7152bb10,1,2700.0,2
96187a13cc30,0,8400.0,3
9a512308c7aa,0,100.0,1
3d8aa89bf27a,0,1000.0,2
f26e051cece7,0,1650.0,0
6c8a2c5b381f,0,350.0,0
bee11fd54d4b,0,8675.0,3
b480c5f21cac,0,12100.0,2
bc1c5acd15dd,0,250.0,1
3871e756f6c5,0,5400.0,0
eef4e09acd1a,1,1200.0,0
c082542d881f,0,1200.0,0
05dbd1f52750,0,1850.0,1
14c44af28e5a,1,4050.0,3
e341f2bc56b2,0,22250.0,3
2812b0cc17d4,0,6725.0,3
f4ee270bfab6,0,2950.0,1
2e09138d4b20,1,3750.0,0
d18735ebfceb,0,3600.0,1
614cd0249126,0,17150.0,3
c92ce5619880,0,4200.0,1
3f88e9db5715,1,2200.0,1
2bf8f69043e7,0,15050.0,3
a4a39fef098c,0,3300.0,0
a77fe8dafdef,0,50.0,2
e5c9c24e5b49,1,1200.0,0
a9bfdb15bf74,0,4750.0,0
c9725cdfb8af,0,2700.0,1
077f01a80385,0,200.0,0
c2246209bb0a,1,1800.0,1
8d584e36f3a3,0,4200.0,0
ec320638f0f7,0,3725.0,1
27c814ef2328,0,6575.0,2
faa47d441383,0,6050.0,2
3813b3591e9d,0,2900.0,0
3ddd1cc092c7,1,2625.0,1
70b7acd58d76,1,12600.0,3
8a15d55791fd,0,14225.0,2
300fac3551b5,1,19850.0,3
e03b32976170,0,3975.0,0
26c810833b76,1,1100.0,0
a36d163f5c35,0,875.0,2
2fd43e5a0aa2,0,1800.0,0
a61c98c1261f,0,1225.0,2
26e52cd6238b,0,12175.0,2
670682fceb5a,0,1400.0,3
4cc5be3b037b,0,3550.0,0
a9ff1e860d37,1,40900.0,3
6163aa89ce83,0,275.0,1
c886e92b6a76,1,1300.0,0
3913b8595ba3,0,400.0,1
32f9149946fa,1,10050.0,0
1485de051ffa,0,1150.0,0
155b77a920ea,0,2575.0,2
100e125488c9,0,4100.0,0
f0b1b8e433d1,1,2400.0,0
ec4943217a98,1,1975.0,0
882f4a15a1f1,0,150.0,0
76fb72bda86e,0,750.0,1
d28c33cc2898,0,15475.0,3
b477eba21296,0,19450.0,3
cc067e5513b2,1,2450.0,0
07a4dd15027d,0,2850.0,1
311066af95e8,1,3000.0,2
128d1d89b3f9,1,4825.0,1
da64fbc4e210,1,15000.0,3
2fbf8d066832,0,3925.0,1
0e373473d8b7,1,2525.0,0
4bf0b0c23e21,0,1475.0,2
d382fca4145f,0,7150.0,2
2a6e52af8235,0,800.0,2
5d27e6f476b8,0,3900.0,1
5b606cc24867,0,0.0,0
9ef2a017a3f6,0,5075.0,1
ccd2f7797137,0,1875.0,0
e23c3aa752e1,1,18725.0,1
252b3d5baeea,0,12825.0,2
e28c87058274,0,1900.0,3
7f167db6c8d6,0,4625.0,1
e4c3f83666e2,0,11100.0,2
f970b700c325,0,3025.0,2
e6e3678f2992,1,10675.0,1
6738458ffda1,1,2425.0,0
99ca601be28d,0,3375.0,2
fbfdfdd7e3e0,1,34200.0,3
3df1dc7b9e03,0,8400.0,3
599494e4209e,0,16025.0,3
836522be132f,1,1300.0,2
9eedc9ba316c,1,23550.0,3
a779e669650b,1,29850.0,2
f1b7a9aea73d,0,11575.0,3
e2b9e55177a1,0,150.0,0
d71bc2fc26f2,0,6000.0,1
89d2b1439ef4,1,5575.0,3
a2d3cce54604,0,20575.0,1
b1f02f1fa8a7,0,8425.0,2
6d5bad1f2d1b,0,1725.0,3
05c80516e14f,1,9450.0,3
6847792b612e,1,13675.0,2
d40d64801f98,1,14250.0,2
6a578e9a2ced,0,475.0,1
4267e229669d,1,5850.0,0
a6adf40432dd,0,2750.0,3
83c9202341f2,1,2075.0,0
baaf40d51a66,0,750.0,3
cc794f9c6de6,0,2450.0,2
3f947c24a178,1,1000.0,1
07ef3c678455,1,13850.0,2
2c309eb29807,1,19950.0,3
348a837ebac4,0,0.0,2
cc00e409e14f,1,4650.0,1
b848ff570a9e,0,4200.0,3
344aaacf7aae,0,650.0,1
993137226908,0,16450.0,3
e081cdeefc89,0,4900.0,2
06240975d638,0,575.0,1
46b8613dd8e8,1,9800.0,3
6a8e890c75ec,0,2900.0,0
0c65ee4e3ced,1,14650.0,2
e19657c2c694,0,850.0,2
ecf3dad42ef1,0,3925.0,1
9f28df1d8874,0,21450.0,2
80790330c768,0,4925.0,2
0d68e88cde89,0,1600.0,1
8d18548f60ec,0,35475.0,2
98035fd5ebfb,0,2725.0,2
1442e1bd3e86,0,2225.0,3
25ed960e4f1d,1,20825.0,2
22549f4afb8b,0,26150.0,3
8b18f6fbb4fb,0,36750.0,2
406d0c152cb9,0,1300.0,0
014ce06b5081,1,400.0,0
b42551e67743,1,2925.0,1
31cd08562c4b,1,800.0,1
d33789cba5af,0,225.0,0
5e089c5e6d63,1,5350.0,3
16628c64e252,1,53450.0,3
0b960f2418af,0,3350.0,1
5e37aeb9d84b,1,1625.0,0
bb48bdfa8bde,0,1475.0,0
648773250b0c,0,1600.0,1
7891b447fc6e,0,150.0,0
e933ab07106b,0,30075.0,3
c334ca0601d1,1,5450.0,0
1ab2aeae125c,0,500.0,2
95799b78c4a0,0,9900.0,2
de78166c6106,1,1000.0,1
84599d3f363e,0,2525.0,2
0f568f135fce,1,28600.0,1
c1dc6fe873df,0,2100.0,0
311a6f9f986a,0,3600.0,0
74d0b456b480,1,1175.0,2
aced1d2a9f9c,0,30300.0,3
6db15d883e36,0,9025.0,1
95eb0a371a9c,0,3575.0,2
5a5772775834,0,3200.0,1
3e6f501d48aa,0,5375.0,1
5599b24d7292,0,5000.0,0
cf55c0f4db5d,0,225.0,0
fc6ec70d10c1,0,10100.0,3
b9b0dc1c41ae,0,1925.0,1
439e04d6e403,1,15525.0,3
aba6e88fb08f,0,5875.0,0
060075f97aa3,0,400.0,1
1cc647b3c293,0,1175.0,1
99215af1a227,0,1825.0,3
d1900a6d5648,1,16200.0,2
0cca61a336c1,0,4725.0,0
b2810640c96e,0,300.0,0
703ef4bb6c36,0,58575.0,3
9ce423f622c0,0,800.0,0
cf3b8b36f0b6,0,1050.0,0
ee38c117a1e7,0,2050.0,0
fff5f6c72528,0,5300.0,2
c90186992424,0,10900.0,2
4832947e3d17,0,975.0,1
885f7e6f1bb5,0,1400.0,0
775295a38ac3,0,3525.0,1
22882b65f7af,0,4500.0,3
cc5e4f9f9983,1,58025.0,3
25ef1c01ea39,0,500.0,0
7d88e26e87fb,0,1900.0,3
616bf74c05e3,1,2550.0,2
ea1b64bbc4e6,0,150.0,0
95b19ed085f4,1,15475.0,3
6b6e1292e622,1,16625.0,3
1ee8f9052b3e,0,675.0,1
2186ed0bb4a9,1,7900.0,2
2e7c645f0027,0,9850.0,2
ef254fdbcafa,0,7000.0,1
9923ebb9aecd,1,1775.0,2
a8d004ea2c98,0,3425.0,0
caa7e246cb7f,0,3725.0,2
7680fe68f739,0,4900.0,3
95bd9fec1a7d,0,49200.0,2
32e01ea21c9b,1,21200.0,1
3d71f015f838,1,4125.0,2
ff280116b414,1,9375.0,2
ae8fccdf3dbb,0,8700.0,2
e115ea2c71fc,0,15350.0,2
5c51f982904b,1,3000.0,2
2ad316866d8b,0,9000.0,1
a29da148457f,1,3850.0,1
d07ff4fc1beb,1,9300.0,3
1443c7fe63de,0,17950.0,0
59e38dc5983c,0,14650.0,1
11610b372af1,0,6600.0,1
dc901885f491,0,1825.0,1
da2e28e3de40,0,3000.0,2
efa35ed4b704,1,3850.0,1
aa20a6bb7d9f,1,1600.0,3
2d400fe00e11,1,5250.0,3
6540a3d64db7,0,4250.0,2
6047085c299e,0,3875.0,2
83a1f87e9229,0,3575.0,2
8be679d3b4c3,0,1825.0,0
b38e2eaf09d7,0,13775.0,2
1b82d9b3fded,1,20800.0,2
76df41415a21,1,15250.0,0
ec7649736e31,0,18300.0,3
05c0d03767dd,1,1150.0,3
4580715d8d77,0,2800.0,0
158b255f4da3,0,3275.0,3
9106a65cb31f,0,2100.0,0
cd747fa60c82,0,26450.0,3
6022a7dc1645,1,1150.0,0
9925cc7f819b,0,1600.0,3
e426692b8391,0,3050.0,2
09df5f0f9e87,1,16750.0,3
d6baa15a659b,0,15300.0,3
e38100d715d7,1,975.0,0
6acece3b75cb,0,1025.0,1
77d63b3b2f5b,0,2925.0,3
00c2b86dc3c3,0,400.0,0
5c3f54b60e3e,1,1300.0,0
84907a21c487,1,21225.0,2
4e5cb951552f,0,1000.0,0
617d65e5cafd,0,2500.0,2
e3642003b47a,0,4275.0,3
eac2657d4d8b,0,6450.0,1
df6a016156dd,1,700.0,0
c3873f53e2ba,0,73350.0,3
f9ac3e2ccb44,1,8875.0,1
c0693beff9f1,0,25425.0,0
5586d8e378b8,0,6100.0,3
a336f72bd7bf,1,2500.0,2
411ca1f77878,0,500.0,1
a99680194c4c,0,2525.0,1
23355da88c45,0,20200.0,3
84d18089b17d,1,3025.0,1
1d0ffeb4ac0f,0,2100.0,3
065eae84fb8a,1,1700.0,0
c05dbe2dfa56,1,600.0,0
52752eecaf8d,0,4150.0,2
1b6d11b56a2e,0,2875.0,1
117f4a95ba3c,1,44825.0,3
5af0a0f3a10b,0,32450.0,3
3867c9390076,0,79125.0,1
cdcc2eb9c040,0,4900.0,3
089d663a4718,0,2100.0,2
010d92ac7879,0,2950.0,3
9cdf6e036b87,0,400.0,0
6cdce8d42e94,0,3025.0,0
82e3f19569df,0,44450.0,3
f9c8839c7392,1,3850.0,0
b3da251e61c9,1,1200.0,0
6243a6c0924d,0,5400.0,0
68070f3d92a5,0,800.0,0
8f4eafec59b4,1,7750.0,2
96cffdc70eb7,1,29800.0,3
082295b225d7,0,3925.0,3
7ca5da836eab,0,8475.0,3
d86722fdabcd,0,1300.0,1
d80469bce9da,0,10800.0,2
9f0f854894cd,0,3550.0,3
f3a35042fcbf,1,4500.0,2
df8b436dbb2f,0,3350.0,1
b7482ebc3bbf,0,3725.0,3
bff5354e5c6f,1,4525.0,1
c7a76e2c3ecb,0,1900.0,0
4b1cafc89024,1,21000.0,1
2972778876d4,1,5325.0,1
772841a8036f,1,1125.0,0
4d8a44c57340,0,2250.0,2
835b52242d7a,1,16950.0,2
81fd0d334367,1,4650.0,1
e13b663611af,1,7925.0,3
6c15fbf5ad4e,0,4900.0,2
be603bf7bc3d,0,1525.0,1
6060f91c341e,1,12650.0,1
27f3f546ee4b,0,3050.0,2
454a702da72e,0,3850.0,0
f611cff189da,0,5850.0,2
44ff72004b68,1,24725.0,2
49069047b0d8,1,2075.0,1
819eb1386647,0,12400.0,3
e526edd31b18,1,1875.0,1
1d6cfdf03db0,0,7500.0,1
2800d9c19a77,0,3875.0,2
97e3de478cab,1,1950.0,0
030056400c0c,1,3650.0,0
052352a6e955,0,32825.0,3
f1956ce4425e,1,4700.0,1
2db816188cca,0,23350.0,2
97898282d9d1,0,4575.0,2
b9af073667ad,0,300.0,1
683ee1197414,1,6625.0,1
d0b9b0ace4fa,0,14425.0,3
671d86a89613,0,1475.0,1
cf55f0939632,0,21350.0,2
af4205de8aa9,0,8000.0,1
7061d9e361e0,0,6500.0,2
a4df26401d77,1,1300.0,0
b24b48d01c6c,0,4350.0,2
06b27ec04762,0,900.0,0
95d9bf1a582f,1,5025.0,1
c6f55902294c,0,6850.0,2
73294e180364,0,500.0,1
0716381a2d09,1,13350.0,3
419ff0536643,0,6500.0,0
6f284f3de853,1,5550.0,1
db96f09c26b2,1,1300.0,0
620730730d7a,1,775.0,0
52260a68254d,1,6775.0,1
350f6e3a2382,1,2025.0,0
88f4d04c1325,1,18025.0,2
82bd98585f3f,1,15150.0,3
4b9853c519ac,0,8950.0,2
23d983200fc7,0,9550.0,2
41e32497ee1c,1,18300.0,3
ca8e66e7c1b8,0,47525.0,3
404bbaca1db8,0,2775.0,1
e311254801ee,0,250.0,0
76565e1344fe,1,2725.0,3
987f3d8fba56,0,1375.0,2
cbb6d62231c4,1,27675.0,2
e6f1afcd2641,1,20875.0,2
554247e5098f,0,17925.0,2
d620ed37019c,0,42000.0,3
a497408ab956,0,5225.0,3
7552932554d1,0,9925.0,3
0ce72e3dbe16,0,225.0,2
e2a2fd75671c,1,1500.0,0
b07332341e3b,0,1300.0,1
d89a16490dd9,1,13900.0,3
d29353a3eb7d,1,3275.0,3
e62f8363ca87,0,200.0,0
8891a937aba7,0,6425.0,2
a3d728e0d11b,0,550.0,1
5ec41bc36579,0,500.0,0
82223a4f89af,1,1425.0,0
720e681f8cba,0,26750.0,2
c34f8ca88974,0,19675.0,2
4dc4828abd23,1,13950.0,2
77fb06b7378f,0,1200.0,1
15c7afbd3d4c,1,17900.0,1
7e492d3109ff,1,2125.0,1
40d315ca21e9,0,12725.0,2
fcdd407bcaff,0,2700.0,1
5059d7f19cd6,1,3600.0,2
4762162a16bd,0,24075.0,2
395eeb53e53a,0,7050.0,0
4e90fa030de4,1,14000.0,0
13f0147d2d3b,0,125.0,0
1fb297c06621,0,18175.0,3
a9a4fefd7004,0,700.0,0
bd018bc8b1db,1,9750.0,2
e102ce7ac603,1,9975.0,2
bf74b05347d7,0,2150.0,0
45727713e64a,1,7600.0,0
b6907af47dfe,1,2225.0,3
83dc3cdf441d,0,800.0,1
b885cd06130d,1,1950.0,1
821161085ea0,0,1150.0,0
32e64af627a3,0,14075.0,0
0da28b35e01f,1,7075.0,2
a8de12337bc6,1,9900.0,1
56507a1c2be4,1,14800.0,3
0ae9e69406a1,1,6750.0,1
aaac39716742,0,2025.0,2
ef1ade51b574,0,24450.0,3
164b0f303a69,1,2675.0,2
17d16ba1cb62,0,3625.0,2
91ec1c28b56e,1,5250.0,1
0f3b33e816a2,0,3425.0,3
74e83b87cd4a,0,2100.0,0
05de2ea1c5f2,0,6425.0,3
a5207872bad2,0,2300.0,2
1292bebf45e8,0,3000.0,0
4710000bbc4b,0,3725.0,1
a8d96d01e7ae,1,2150.0,0
15f5fe5496a8,0,2925.0,2
784a9c08f049,1,1300.0,2
e5d9c1010faa,0,4175.0,2
26c0309bacd6,1,11850.0,2
cead139ed0f2,1,2650.0,2
0aade3c43588,0,9125.0,1
8b7612e8c0e9,0,18975.0,3
db57e1f78b9c,0,9450.0,2
8f03a076985b,1,6275.0,1
14787627afb7,0,9150.0,3
08cde9a6dc1b,1,1750.0,1
86448a2c789a,1,20150.0,2
02e85cda1aa8,1,2275.0,1
b2f38cbadef1,1,28875.0,2
134e7a7a4569,1,1300.0,0
ed9082ac0c2e,0,1500.0,2
3a0252af41c1,0,2625.0,0
5d9af9fa5e38,0,5775.0,0
0915128ea01f,1,4200.0,1
1e9d68443d47,1,13125.0,3
88a54b48289d,0,1300.0,0
fb9806f8073f,0,21750.0,3
f4f61d772615,0,20150.0,1
7bbf7d483686,0,14175.0,2
2143a93f6ee1,0,11850.0,3
bd1d9b2a3065,1,800.0,0
1237a6a65cde,0,1575.0,2
c61d46fbd7c4,1,4250.0,2
4cbb95c318c5,0,4500.0,2
ed0868162771,0,10925.0,0
027be5f19f79,1,2425.0,0
32a8af5b5d8f,0,11900.0,3
5d2a981e212a,1,13075.0,2
469992a1ead5,0,550.0,1
237ec607414c,1,2625.0,3
e1a66acec20d,0,3725.0,2
5f03e8d6a235,0,500.0,2
cf61390ae4b0,1,200.0,0
093bec726fee,1,700.0,0
6b3519380523,1,12825.0,3
393793bda6fb,0,7850.0,2
d5313e4524f2,1,39450.0,3
878f480bab33,0,400.0,2
a3abdb0caf6a,0,1875.0,0
ba72612d8de6,1,3650.0,3
10cac24225a5,0,46650.0,3
45df20158e8d,0,20950.0,3
5571a46c61ca,1,4975.0,2
2fc833655b44,1,22625.0,2
97e8570cbdb3,0,13550.0,1
8c8296962d6a,0,2100.0,0
e2c32e8a72d0,0,3350.0,1
c0f2323877a5,1,13350.0,1
7492c2e0b4bb,1,1725.0,0
40c313df63c8,0,2950.0,0
13b6bcee4b1c,1,14000.0,2
b431baf460e5,1,4975.0,1
1bc9c76b7032,0,10575.0,2
311c6d9aceed,1,11525.0,1
4c0e59e5e332,0,6550.0,3
7c830242da79,1,20050.0,3
6e6f686e49d6,0,1025.0,1
18e80bb2a96b,0,25125.0,3
031bcbb1d114,1,2775.0,2
d4248e48066f,0,1300.0,1
8845d5118845,1,20550.0,2
83ef4743c92d,0,525.0,1
5438d720f5d2,1,23850.0,3
dd704078dcda,0,17825.0,3
1bef9c93cf9b,1,3025.0,3
5218961c694b,0,8450.0,3
9e9e3a05f893,0,1800.0,3
273b307f28bb,0,6375.0,3
6aa900b50f36,0,8450.0,3
dfb0390551d4,0,8300.0,3
5b83919846b9,1,4200.0,1
a56229501360,1,4625.0,1
596e3a3cbd31,1,7800.0,1
4d7dbb1e57c1,0,5525.0,3
a483f1085af7,0,100.0,0
87616c9e501a,0,875.0,1
8f309a0d211f,0,26600.0,3
c72aa7ae28d3,0,2450.0,0
5d9ac03c7e2f,1,2900.0,1
84f0a46502fb,1,15575.0,1
cda6d6ec1a15,0,50.0,1
d2195ab75636,0,4325.0,3
7fdc388911af,0,6950.0,2
59fb112b2215,1,11925.0,1
817c1734f88a,1,5700.0,2
4d02a772829f,0,2600.0,0
7780857fe8ad,1,1400.0,2
1cfb9fc1f1c9,1,2250.0,0
5a231b52109c,0,1450.0,0
721a3f800f19,1,22200.0,3
bb577e151e8a,1,2600.0,3
529fff28418c,0,7700.0,1
7c104f9be57a,0,875.0,1
0e9e59e1c050,0,1600.0,0
2e9733804181,0,3575.0,0
fb48f20cd659,1,68750.0,2
fdeb721a08a3,0,15525.0,2
494b9ed7bbf2,0,3300.0,0
039b05f8b565,0,100.0,1
e8aa72aac844,0,2075.0,0
8c1b5d322519,1,22850.0,2
5957ff33f375,0,4200.0,1
c2c648498cd9,1,6275.0,2
ae56d074639d,1,4325.0,3
5cdea3497510,0,2950.0,2
587a19920eaa,0,700.0,3
fe60562192bf,0,8900.0,3
2c69cd7e23f3,0,1525.0,1
a56d606ca92e,0,13875.0,3
5e073de2e72a,0,0.0,0
b55e85be235a,0,13950.0,2
801c47ea2f9f,0,2100.0,1
a20c16ac0337,0,25050.0,1
77fd47e4a38a,0,7600.0,2
048d0bbe3a7a,0,22450.0,3
9acb298420a7,1,41900.0,2
53321ec2834f,0,1900.0,1
71cbaafb2f7b,0,750.0,0
3afd826de066,0,2150.0,2
a2900ae9741b,0,2750.0,2
3f8721134bd7,0,350.0,0
3affc5d8bdff,0,6475.0,3
df28c1697e35,1,1475.0,1
26e98f5a916c,0,2900.0,3
d84086a16f28,0,650.0,2
758700524214,0,650.0,3
e5d4e528fc32,0,7700.0,3
a7cad085e72d,1,1275.0,2
785a796245ef,0,14600.0,2
85a85f95c081,0,1150.0,0
f55ec6096a93,1,6250.0,1
b83ac5d561db,0,8900.0,3
f50a45f27ba8,0,21100.0,3
fac42e1ae58a,0,150.0,1
c2dd778a7291,1,27875.0,3
5fdf13568eb6,1,7400.0,1
1147b810a02d,1,3900.0,3
9a3bfa8d0cba,0,375.0,2
0e0a5e9bbe34,0,13150.0,3
90a1049607bf,0,11625.0,1
ca490070f446,1,1400.0,2
03725777a21c,0,4800.0,1
45dabaac02b2,0,525.0,0
5680b37c623c,0,1850.0,1
000ec349eb5a,0,8700.0,1
cf675d0bee7d,1,8050.0,1
13a64bf37116,0,17350.0,3
8d1232c338af,0,525.0,1
c850b0106d54,1,11125.0,1
eeb42845eb93,0,200.0,1
a09e36ee75d2,1,4150.0,2
650482f7451a,1,4800.0,2
13147bd42f07,0,20325.0,3
28f67b3382db,1,1700.0,1
c077d402a71f,1,6200.0,1
f27e03d4e9a1,0,19200.0,3
2d185a9070c9,0,2150.0,1
73f83a48d302,0,2125.0,3
54dfbd055feb,0,28575.0,3
3fba7b67ae52,0,12325.0,3
116dd446fc62,0,350.0,0
551f9e63e6bf,0,22200.0,2
9d39977ca7d9,0,3300.0,0
86c33d332559,0,8175.0,1
dcda5bbddcc6,0,3025.0,2
a52e81c7637f,1,4575.0,2
43b064c8c8d4,0,4600.0,2
5de4791e7919,1,14150.0,2
3d29f9069ef6,1,5525.0,2
2d7873e6721c,0,1975.0,0
692f28d495c2,1,1800.0,1
6af3676defad,0,2600.0,1
2057396bd5ea,1,100.0,3
c295fefa7d58,1,3350.0,1
078f2efa8a00,0,2600.0,2
3b5dd7eee204,0,1750.0,1
7b8568beffa1,0,7950.0,2
bd69a145471d,1,25900.0,3
21647b0787ab,1,7775.0,0
df377a346e40,1,7025.0,1
f0be257fdee6,0,12150.0,3
ae3a197f1984,1,1600.0,0
f6a10628c4b1,1,10000.0,1
a22b5fe6b127,1,23200.0,3
1a628da4df1e,0,850.0,0
6370fc70eaf8,0,150.0,0
c6bedd54c1e8,0,0.0,1
4c47cc424b82,0,32475.0,3
c597a181f2bf,0,12350.0,2
4df67f8b756f,0,10950.0,0
3246dc296553,0,375.0,0
e23b432387ab,1,1300.0,0
9baa612e9683,0,20400.0,3
a9c3035dfe30,1,19100.0,3
97348f321522,0,2375.0,2
6f1418af5ccf,0,15375.0,2
252b877290e8,0,9950.0,2
9d592e4eb13b,0,6550.0,1
85f3b753497c,0,2475.0,0
b837b5702bb0,0,7175.0,3
e80dc15388c2,0,3500.0,1
7c27f0c09c16,0,5325.0,1
6e454aaa961b,0,11500.0,3
cd729399fe5e,0,1000.0,0
cae148e78c6c,0,2700.0,1
378b9fe48f59,1,5300.0,2
bfc4c5cf6ed3,0,12050.0,3
5249d49fc950,0,350.0,2
bb826d755143,1,1600.0,0
258be368e6f0,1,4650.0,2
378b358a52a8,1,1250.0,0
56a29c179f86,0,3950.0,2
47e1f2d0b7df,1,550.0,1
e4efa3d106ce,1,2425.0,1
a619ddfd2d54,1,9650.0,3
35dd05ff4ae1,0,6400.0,1
278b8a038658,1,18850.0,3
f96e2f3fd760,0,3600.0,0
e0a0028cb544,1,1100.0,0
bea25bec3f4c,1,15100.0,3
d32a70b49ccb,0,7425.0,1
4527087f2c07,0,6000.0,0
0f0c1272e363,0,0.0,0
7c54738a4819,1,400.0,0
a91cfb5e826a,1,5050.0,2
08135404c69c,0,200.0,0
94fa9116a62d,0,8850.0,0
39db3440af5e,0,1575.0,0
83beeddf82b5,0,3800.0,2
fda4cb7e8c49,1,8850.0,3
59ddb26bc466,0,1975.0,3
3455f11f74db,0,100.0,2
d617c6da31bd,0,10450.0,2
65e036b6259b,1,26525.0,3
d74194432b4b,0,16550.0,3
b6c4ad660a39,0,200.0,1
2a8a6ed77802,0,4450.0,3
c2b2d3cb0b28,1,9925.0,0
d88f51ee6c65,0,300.0,0
7842655aac90,0,5575.0,1
e80e8c12bd29,1,7200.0,1
734f738b4e2b,1,2425.0,0
0be2344d545f,0,17425.0,3
c95e7c32e2f4,0,6750.0,2
5b1b65de99b3,0,7675.0,3
9bdebe93b32c,0,7125.0,0
4d67af8151a5,1,3075.0,2
aca25249651a,1,32300.0,1
3b8898b762cf,0,4200.0,1
88d1a1a81500,0,27025.0,3
40db58c9a048,1,14550.0,2
6d4216653fef,1,46900.0,2
f6b617edb6eb,1,10175.0,3
f22f6c0cf388,1,9800.0,1
d5cf87ae4079,1,22300.0,2
0fea61a58cd6,0,200.0,0
79c91b9bc9f6,1,425.0,3
0f434fcb042b,0,26850.0,3
e6456caa1ed9,1,4800.0,2
d05f25cdb3a0,1,1225.0,2
8f008777b82b,0,975.0,1
461a7c714ac7,1,2250.0,2
b9bfb8042757,0,4350.0,1
62cb02da3514,0,400.0,0
301f10a3984d,0,21200.0,3
972600356740,0,15175.0,3
c5f5fa55d85c,0,28400.0,2
218f9ad7236f,0,600.0,0
71a1ea01e7c7,0,7850.0,3
2e1f9a9474ca,0,1100.0,2
76859462a423,0,3900.0,1
1b95ff87d820,0,300.0,1
2cbfa75b948c,1,9350.0,3
0b32e115aff6,0,16200.0,2
a8384124d4b0,0,5700.0,1
e8b04336c7f8,0,200.0,3
4d67a1e7cfe2,0,1350.0,3
a0fef673ecab,0,1275.0,1
e1db2438ba6d,1,10200.0,1
48da0dd3378e,1,25525.0,2
733e7c826c88,0,11400.0,3
5c12e0cae6c1,0,13125.0,3
44a9e9110fb4,0,500.0,1
59dd27b29769,0,3125.0,0
a479d1c3d936,0,2900.0,0
a18087ce0e52,0,8525.0,3
8cc4d3441307,1,16700.0,0
ef013cabdead,0,2900.0,0
de269d8948df,0,525.0,1
2b6f31d25749,1,9825.0,2
9e18b0b39758,0,1225.0,0
80f9e409b925,0,10150.0,2
35fbf16ed01e,1,3400.0,3
3ce41398bf30,1,800.0,2
d5eba4a6f3ea,0,15875.0,3
60fa97a727bf,0,150.0,0
602cdf7c82de,0,15325.0,3
d417f59f87e3,0,4525.0,2
1a74ab6bc86b,0,1200.0,0
292971c3767c,1,600.0,1
f36987c09448,0,6325.0,3
5d75fca8ed12,0,6025.0,2
f3cadfe724ae,1,2250.0,1
9bbbe160054b,1,1100.0,3
0799acd6c9be,0,225.0,1
c221490c3e21,0,0.0,0
016a0ce5324b,0,21275.0,2
3538fba5c423,1,3000.0,3
19564d662fdb,0,3750.0,2
13d37c957058,0,5875.0,1
7cb552209476,0,9200.0,3
a97d70d42a17,0,3750.0,3
a4e642d185ee,0,2950.0,0
9981c57ee897,0,3025.0,3
7ed503a9419c,0,100.0,0
71075f46576b,0,5650.0,3
948a2a8d55da,1,20050.0,3
18760a13ce40,1,1050.0,1
c5c57331cb6b,0,1700.0,0
3fcdb4bf4f10,1,32200.0,3
dc5038ea8fd6,0,500.0,3
d892ddc08827,0,7025.0,3
fbe5f148e266,1,7850.0,2
4390644d34bb,0,10825.0,2
20102a64770d,0,41400.0,3
90f0904665ae,0,6500.0,2
91fca94e1cb6,0,2050.0,2
5057bc0c8f21,1,17350.0,3
ef7e6930ba73,0,27375.0,3
13bb2b95985f,0,475.0,1
eed8bcc06dbf,0,150.0,1
6cc9b1012a88,1,65125.0,1
bdd2b741635c,0,2425.0,0
14841a17aaca,1,1850.0,1
b119bebfa927,0,2700.0,1
4d9426551d5f,1,15250.0,1
57fe1f9917e1,0,2325.0,1
ee7b2b9ec798,0,9225.0,2
2e6b11ec777b,1,1400.0,0
1ba39d7f76be,1,1550.0,0
ec1f86a66c46,1,2650.0,2
2cfbf080c4ad,1,2525.0,1
9543277dbc44,1,6125.0,3
11f868c90ed7,1,13350.0,2
91b7884d4380,0,14950.0,2
1e86fbcffbeb,0,4050.0,2
9909d96cd7fb,1,2250.0,1
2f3a4d3b1b3e,1,1075.0,0
e8f3bc36741f,1,5100.0,3
0d1684339f2c,0,1650.0,3
8a114bd78398,1,5050.0,2
75ce74f4c11c,0,1250.0,0
cbaf9d72334c,1,14125.0,3
0ca882dd810e,0,4500.0,1
6ec44897d19d,1,19375.0,2
56fe00cc33fd,0,11675.0,3
3ab6db985329,1,4850.0,3
1d4ed29579d4,0,2675.0,1
f8101c320973,1,11200.0,2
a5d48034862b,0,850.0,2
bb9db2a0c2e8,0,350.0,1
46e74da25441,1,37825.0,3
7cc85a5d1ab5,0,10625.0,3
0ade0ce60271,1,1200.0,0
03787c5767d7,0,11200.0,3
bcece7e65655,1,10050.0,1
85c990a22195,1,6575.0,3
12b93fbafd40,1,26475.0,1
260e4602e5e0,1,2150.0,1
0de14a789a5b,0,700.0,0
532aa19636d4,0,26450.0,3
9c4ccdec90f1,0,1650.0,2
bb8d5ab3c00a,0,7025.0,2
b8b48d8d828c,0,1625.0,2
3bb76c82c73c,0,2600.0,0
51f963190c4f,1,4875.0,1
ddf170a49099,0,9675.0,2
fe8aa44e8032,0,4000.0,2
b1f567f01695,0,5400.0,2
2276c5a9e01e,0,3225.0,0
44d6ddae8c76,0,1925.0,0
02b3ed491206,0,2150.0,2
9552f83926e1,0,350.0,0
8caf52b95d41,0,600.0,2
ea8fd58dedfa,0,10800.0,3
3a084b9a311f,0,8775.0,3
ff9fe3afbee4,0,29175.0,3
f6efac3e879b,1,2300.0,2
7125e1b74917,0,1950.0,3
291b8f44c3ee,0,12100.0,3
fe1e85f52a1d,0,3900.0,1
52d2d2cd0130,1,5425.0,2
add08748a3c6,0,3125.0,3
45798a0f9587,0,1750.0,1
3c8410709a2c,0,3450.0,1
3fbb4a4aade1,0,8100.0,3
5d1fb8b372db,0,7100.0,3
a0b025417529,0,3600.0,2
8a0cdd61a2d1,1,5025.0,3
d3f2300883ba,1,1800.0,2
f2a5dc1c2650,0,3325.0,0
ccc80260667c,0,7175.0,2
532d4a440798,1,1200.0,0
29587dbdb3ec,1,4800.0,2
418001629752,0,5300.0,0
32fd932e8f07,1,5250.0,2
b6aa9e0ad2c1,0,13275.0,2
8a486e49733f,1,7075.0,2
4e8722bef7b7,1,1200.0,3
15d2397609bb,0,7800.0,3
ff18c1ededcf,0,6300.0,2
b17aa5bc3b89,0,4375.0,0
577b6caf40dd,0,1475.0,0
5189770262c9,0,700.0,3
ffa976c2e889,0,50.0,0
1d9995873f0a,0,7000.0,1
7735ba3e8377,1,10525.0,1
73f97211e978,0,2375.0,0
4b1f74102a5a,0,50.0,0
e28ce2846d98,0,4500.0,2
80cdad12f1fe,0,2200.0,3
d11e41edaac4,0,4375.0,0
3576b4fc5de7,0,900.0,1
6784d0c1d9b1,1,2325.0,0
579be3996823,1,4600.0,2
27525b99bf47,1,6650.0,1
da812c2e3f8b,1,425.0,0
7de4514cee19,0,100.0,0
fbb79731b33a,0,7075.0,1
db2df44dce25,0,850.0,1
1b9e788c61e6,0,13100.0,2
07d531275e55,1,11300.0,2
4360855809ac,1,17450.0,3
a0e4aba5d463,1,8800.0,3
f493a06ef515,0,16750.0,3
d720dfefa576,0,6825.0,0
cb13afaee646,0,450.0,1
3ae994da64d8,1,8350.0,1
960234ef2260,0,3600.0,0
f14fd42811e4,0,875.0,0
9340ac0a60b8,1,7475.0,2
0a7897a3a2fc,1,4150.0,1
990ddfa84d42,1,5650.0,3
481b3513c873,0,15400.0,2
28b581fc5a8a,0,1100.0,0
9d6b2347a5cb,0,350.0,1
b6c3df413068,0,14150.0,2
adaf2ee13e31,0,900.0,0
865544f5fe8c,0,26025.0,3
32ea4992e23b,1,13950.0,3
d622a5c3c219,1,5600.0,2
14fce9d78f8e,0,1150.0,2
1fd270815435,1,6175.0,1
51148111aaca,0,3250.0,0
db64bddccd61,1,9900.0,3
228303b2671f,1,7650.0,3
34c32b7c42e8,0,2725.0,3
aab48ecd44b2,0,1950.0,2
65029d0cc53b,0,1225.0,0
30b6499ca1fe,0,8875.0,3
3c80cbfdc4a9,1,7300.0,3
7b192f522d5a,1,6475.0,0
c43b72d20694,1,5675.0,3
1a8a3d1bc063,0,8550.0,2
a3f7d09cc0aa,0,24450.0,2
256f1c12a74b,1,300.0,0
60c6c5638b93,1,1300.0,0
868f24e7b3bb,0,4450.0,2
5fa09ffd6d3b,1,600.0,0
dc887c735e89,0,1000.0,3
592b3529f380,0,1375.0,1
98e09efa5910,1,21000.0,2
711e32064c85,1,5275.0,0
0adc794ed37d,0,2275.0,3
59250f3be49a,0,2500.0,2
4f4398626d22,1,2725.0,2
2245b252752f,1,9550.0,3
0f52f494d704,1,4475.0,2
67bbc68686fc,0,1075.0,0
8a77e6dead54,0,1675.0,1
6186a0318125,1,2750.0,0
34b9602ecc66,1,6975.0,1
21c46c3865b6,1,1800.0,1
1d931c02dcde,0,3650.0,3
8cc7141ebb37,0,8550.0,0
73e7236ad5f7,1,1825.0,2
8079fddb054b,0,16500.0,1
c51e36a3a1fe,1,12275.0,3
248e0f2757df,0,38950.0,1
f7c4cce400fe,0,4975.0,2
5b3de8f2a1c6,0,2800.0,3
32e831ca4aae,0,37550.0,3
e42259ab0b95,0,4850.0,0
92f8707c0223,0,16250.0,1
418e12a2f71f,0,450.0,0
dc21c6288b52,1,3900.0,3
a587a0d222e9,0,9850.0,3
82980adf372c,0,4450.0,2
d6bb0e15d0b3,1,10550.0,0
d4a2f030357f,1,300.0,0
b129151bd2c2,0,950.0,2
39659e1a7510,0,950.0,0
b4f5abea299c,1,10850.0,1
51acc1a67b9e,1,1450.0,1
8a9aadf48ff7,0,5050.0,3
943c39c8121c,1,5150.0,1
8ee1682aafe5,0,325.0,0
891f9c357853,1,4700.0,1
3676952b641b,0,600.0,0
0ce1bda9bcff,0,1525.0,1
27a4f55f9aee,0,3000.0,1
02e5f331ad63,0,21825.0,3
c4e185b238e2,0,3000.0,0
ef4a316a7814,0,6700.0,1
0ed4d95d9d6d,0,200.0,0
508f6c18903d,0,5525.0,3
6360126ae477,0,9650.0,1
600edf9362f9,0,8075.0,3
12a54bfa055a,0,10150.0,2
80b34b3aedb8,1,18225.0,3
ebd74bfa00c7,0,9625.0,3
51069de7dc3e,1,6425.0,3
008ea91d6676,0,2600.0,1
5d1ebfccf9ed,0,1650.0,1
dfbb0d00855c,1,3900.0,1
53f7aeb93976,1,3700.0,2
476ccb68e2fc,1,11325.0,2
bc033ed64949,1,6075.0,3
0366bc6b48ae,0,100.0,0
42ca37d9aa2f,0,5275.0,2
d2d67e349a57,0,6350.0,3
6a1b7d05e0d7,0,1750.0,3
3b6c2f3c3368,0,1050.0,2
782c7a207b2a,0,19400.0,2
d512ab8abe58,1,2100.0,1
ee23dca0e7d2,0,8925.0,0
e6ff2d587cb2,0,30925.0,2
c37d65b0a746,0,100.0,2
4241ae58593e,1,625.0,0
180045cbb459,0,1400.0,0
8689ad424586,1,8075.0,3
3b7431ccb038,0,2800.0,0
2c4f36fc115d,0,2475.0,1
bc13fd0129a1,1,3800.0,0
6b318219646e,1,2525.0,2
ab5a7e2e3cdf,1,5300.0,2
5e00e34bb999,0,2950.0,1
57248ebe0eb4,0,1800.0,3
28c1fe4f4c8d,0,17875.0,3
34285fde4151,1,3900.0,1
a522c55e3a63,0,1450.0,1
e24916c7b00f,0,2125.0,1
69e745d932ec,0,9550.0,1
494dd8731301,0,3300.0,0
e6e8dc89bfe7,0,4075.0,2
a3c63ade6613,0,21625.0,1
1f853bb45b4f,1,4600.0,3
5ba7f43c563c,1,2500.0,3
1168196729cb,0,9625.0,1
20dc10f70a60,0,4800.0,3
e87273b2e87e,0,2600.0,1
290410632916,0,1850.0,2
bafc0a105299,0,2000.0,1
b9c1249120d7,1,1800.0,0
873ac953103d,0,2275.0,1
47fbe8399b58,0,250.0,0
4e0a132bf811,1,10700.0,3
e357d8e33731,0,1700.0,2
25eb39692f4d,1,11525.0,3
00848d5745d8,0,6500.0,2
476831aa882b,0,15300.0,3
da3f9ee9bc8e,0,2325.0,2
6cd701f5c7b6,0,3150.0,1
80cfd4d5b851,0,26300.0,3
d6c3edf11856,0,4650.0,1
26db7e906a11,0,5200.0,1
aeec64a7da31,1,5750.0,1
73d0a9523b16,0,525.0,2
66652dd18d77,0,7850.0,1
f564f1e9c2ff,0,9700.0,2
af5f0bf5e17a,1,18475.0,3
95317c28abc9,0,6500.0,3
3f00929481ca,1,9925.0,2
7f32ad9716db,0,1125.0,2
4f9415e3c152,0,8325.0,2
920863d82fb4,0,2725.0,2
ac7c14d09717,0,2000.0,2
1b3c20ef7c83,0,400.0,1
4c19a50fad1e,1,8525.0,3
cf7c9ae1a8ff,1,11275.0,2
e695a383ee5d,0,32450.0,3
ed80d87cac1f,0,1875.0,3
98e0bbd3b8db,0,400.0,0
37854eb6aaab,1,2500.0,0
617f593912e3,0,1700.0,0
28b2d2b91c9d,0,350.0,0
4b018987ef57,1,2550.0,3
2f411d6d31e1,0,7375.0,3
b5edb73cfeed,1,8050.0,2
0a9a46a08cb6,1,8875.0,2
059eb17b8cad,1,7175.0,2
43471a6dd5cd,0,9925.0,1
5315ee54bdf5,0,2975.0,0
36db91b9e6f2,0,4525.0,3
187b557f9b3d,1,4075.0,3
889400654c70,1,6625.0,1
97c0c7c0143b,0,2300.0,2
86f7116ad007,0,9375.0,2
49457b10f401,0,9200.0,3
5a5802a196ea,0,4550.0,0
676db53fbb62,0,600.0,1
6178fe08fbac,1,11650.0,1
8c9d57680fd5,0,1500.0,1
2cab17fe5d39,1,6200.0,3
4be8127f7c6d,0,6300.0,2
81ddf2e84c0b,0,14450.0,3
0f9770eab70b,1,18775.0,3
2d7d98d5c1fe,0,100.0,1
055348aaeeb7,1,10075.0,2
635cd2bf5d44,1,8650.0,2
591ec87e5ea8,0,3450.0,0
ac9b54e7b696,0,3000.0,1
111727b6ec69,1,8600.0,3
50768b60ae21,0,3325.0,1
b7ac4c02eab7,1,14700.0,3
061b8cc33925,1,22075.0,3
671e6f171d2a,1,4175.0,2
be14263c3884,1,525.0,0
e6c089b5f367,0,8950.0,1
c782abf44527,1,44650.0,3
2a25367c8019,0,700.0,2
d827cff6da83,1,1525.0,0
d2a896eff850,1,1125.0,0
bce3b7637970,1,7050.0,3
2bfb00a01b98,0,2875.0,0
ff698b9a9191,0,625.0,1
14b352ada9a3,0,23100.0,3
1d69382a974e,0,2900.0,0
efc32abca618,0,5000.0,2
81d416a2236f,0,15600.0,2
cbe131a3c485,0,13450.0,1
d893527aa264,0,4250.0,1
fd933e2df4e4,0,9275.0,2
c061f544a61c,0,1400.0,1
ac0011a69717,1,5950.0,2
be0631ce2893,0,7225.0,3
98e6bc4a0697,0,4300.0,1
9ee3b66f0036,0,8400.0,0
d06ad2edc25c,0,800.0,1
03ad52d779bf,1,10875.0,3
2a1e764ed945,1,1975.0,1
8f242e290fd4,1,2350.0,1
9a0c7e298398,0,1550.0,2
169b067cbdd7,0,975.0,1
ee390bc98a1d,0,200.0,1
ac825477573f,1,1400.0,0
f22773b352c7,1,1800.0,0
11f3ed0373c2,1,950.0,0
cd78da900270,0,3700.0,1
5af93ab720eb,0,1250.0,1
f8ef207fc8ec,0,7000.0,3
c20096f4cf6b,1,8350.0,1
4e082fc67102,0,2575.0,3
a8925bb86194,0,2100.0,3
6a943bd4d162,0,1000.0,2
65cf33b7d137,0,2000.0,0
7b4ca80638bb,0,5075.0,2
a230f711a5b3,0,1475.0,3
54b93b491b91,1,4575.0,2
c1c712e38301,0,1200.0,2
2fdccf294041,1,2025.0,1
ab8774792b3c,0,3950.0,2
a4bc39702ae1,0,4000.0,1
7b2b2de94327,1,12800.0,3
5293fd886336,1,25425.0,1
c886979a8501,0,33375.0,3
9cb7cc4d1654,1,11750.0,3
01583ae65333,1,10075.0,2
ba36c5b294a5,0,2300.0,0
7c6acfa47cb8,0,1550.0,3
d65698dccda2,1,10400.0,3
3383f77f1551,1,11200.0,2
cf7aef8f6479,0,675.0,2
17a72817f2f2,0,8900.0,2
80eece252de0,0,7900.0,2
3fd703999c4c,1,2800.0,1
429f29632749,0,600.0,0
6da61602459c,0,1250.0,2
ff51f627a4cc,1,300.0,0
08fbbc8db86c,1,2875.0,3
5d8333de7370,1,11375.0,2
a6b258554959,1,5475.0,2
3a4a0921e588,1,2500.0,3
40fe51e55545,0,50.0,0
b2962b343291,1,3125.0,1
db34d4dd202b,1,5200.0,2
053e1aab448d,1,500.0,1
dda36a879719,1,16875.0,1
f49dff87c947,1,11475.0,3
89e8a62aa49d,1,1475.0,0
9adc314f2245,0,8200.0,1
c44847c7d3ed,0,4700.0,3
8dbc2dc6f78d,1,4800.0,2
ac476180ab24,1,1725.0,1
73ab2f63a15e,0,9900.0,3
a68ad2846f81,0,500.0,3
81593a9bd408,1,26975.0,3
812e9408abcd,0,5775.0,1
af3f05eb373b,0,4875.0,3
818a21c7b890,0,12225.0,3
bad2b617dbcb,1,4950.0,3
9a88903cfb5d,1,1750.0,0
44014318de07,1,1850.0,1
4c458ed585a2,0,1500.0,2
3ec63b857a1b,0,27575.0,3
a3b4b8c51a3d,0,7200.0,2
9a77900adf9e,1,13350.0,3
8da74aede87c,0,36425.0,1
c57003956c91,1,5500.0,1
5be220ed3906,0,18625.0,3
f4a794ce8a46,1,13100.0,2
984dce607609,0,8750.0,1
bcd5e5e7678f,0,28925.0,3
929c2b90eb57,0,1600.0,3
0ba85faa375f,1,20000.0,3
d67236e6c648,0,18350.0,3
5c924badb76f,0,5750.0,3
989bcdd2c2f0,0,1150.0,1
2c7cd0aba5b3,1,3200.0,2
ab759d587b85,1,1975.0,1
8f375b1217f3,0,4500.0,2
6df196cc4091,1,17900.0,0
7aca496a08b3,0,375.0,1
1d6ca986c75e,0,1575.0,3
479d2f6808eb,0,0.0,1
aee7c59fdcbb,0,100.0,0
9e56fa74b2e8,1,19325.0,2
84cf883b86be,1,3275.0,0
d3ef98a55c2a,0,650.0,2
e0cd3b0b0547,1,8200.0,0
ca3bc0110d35,1,12475.0,3
7a22d57364ba,1,2275.0,1
c3eaa7252177,0,1550.0,0
6318350ecb85,0,5650.0,1
1bfc8a53fb1b,0,3600.0,1
58e340836768,0,50.0,0
3bebc87c7c53,0,3800.0,0
67e1749ba3d9,0,3375.0,3
f36fe68d02b4,0,2300.0,3
efc132fbb35f,1,1175.0,1
973819502ff4,0,4150.0,1
60f94e1538a6,1,11075.0,2
28a2e4603a75,0,11975.0,2
4f823e3fe46c,0,3200.0,1
007c344f5606,0,29950.0,2
4360d45fdb24,0,7200.0,1
96028d6c7dce,1,9900.0,0
d00380551c4c,0,2350.0,1
9f651e81c7a0,0,5550.0,2
00fcd54d14ff,0,7600.0,1
1a5bc62ad143,1,1700.0,1
1e0da236d6b3,1,5100.0,2
bb19ee66b4ca,0,5750.0,2
1706c040ad30,1,1550.0,0
8102633d6da4,0,8875.0,3
c0df0d9cd51a,0,7275.0,3
b7f40c749c3f,1,11550.0,2
87d0ba9d65e9,0,7300.0,3
eecb4c9c81ed,0,3675.0,3
3f398f6db8cb,1,1850.0,1
6e9fe916f9db,0,7500.0,2
7dfe8b09c451,0,20075.0,3
454c0bb8acd4,0,21350.0,3
feaa7acea6cd,0,6950.0,1
3eb34b2fec51,0,600.0,0
4e6c4df64757,0,5875.0,2
ad8986c2b423,0,150.0,2
cfa4707ac3ff,0,5100.0,2
6a21a6bba15a,0,16050.0,2
0c63cf47f6d3,0,14275.0,3
b0c60f89b22b,0,1525.0,0
9aea899a039b,1,8900.0,3
5ccfd844a5c8,1,2050.0,1
2e52d9fb74ab,0,6950.0,3
f697f38bb7c2,0,11450.0,0
34c0fb62ac52,1,2575.0,2
15c95dff57f8,1,1925.0,0
92e542d4a505,1,2725.0,1
6ed2af057957,0,3300.0,1
8aa3ec4f3355,0,7925.0,3
168d44272215,0,13625.0,3
aa9a15830ed6,0,16550.0,2
e114b08098b9,0,2600.0,2
8dcced2f3ba1,0,14375.0,1
c829b16e72b7,0,7900.0,3
d4fe962fad05,1,13600.0,2
3e23043b7595,0,6650.0,1
56a160a4c947,0,1000.0,1
ae47d8cff52a,0,6925.0,1
569d65a2ef9e,0,725.0,1
648a8e8450b4,0,5000.0,3
d8025ffc45a4,0,7875.0,1
c62351bc8cb9,0,3600.0,0
079eba234ef0,0,12800.0,3
26eb67b76960,0,7250.0,3
778d922cb134,0,24825.0,2
9bec6e4d7afa,0,4225.0,0
3c9c5a697e81,0,5150.0,1
b51cbe9656e9,0,2600.0,1
2ac8567812ef,1,2950.0,0
8e533fa35c39,0,350.0,3
f6ef3b08453f,0,8750.0,2
4893891537b9,0,4000.0,3
8c79becf101a,1,2150.0,3
a8eb0cc8718c,0,500.0,1
dd17679f3ba4,0,4025.0,1
07d62f4d97ed,0,2475.0,2
edc7e6ca1107,1,2275.0,1
63669f89e36a,1,3875.0,1
6e5836ba5b31,1,21050.0,3
49e9388f2dbb,1,6200.0,2
f565e0c2cca2,0,4675.0,2
d85310321f4e,0,10875.0,3
70f411ff43e5,0,950.0,0
204127bfb74f,1,1425.0,0
0e5e2499cd63,0,7700.0,2
58c702543cce,1,6775.0,0
dc04dbd23c5d,1,1250.0,0
d0f4eb7f721b,0,6950.0,2
9b9dd1bc3ec6,0,11375.0,3
163fa6f901bb,0,3175.0,2
50817dab7b2c,0,30675.0,2
af3e81dac2d0,0,225.0,1
9f74eeb7ef97,0,2700.0,0
a3f04e298d22,0,400.0,1
9f871c52dfa7,0,4425.0,1
94a525945532,0,600.0,0
66edfec4655c,0,10600.0,2
003259d78a72,1,1650.0,1
ce313d692dae,0,9900.0,3
5e063f46fdb6,0,8400.0,1
ebb89e205a42,0,1250.0,0
905ec12e9894,0,4250.0,1
17412ba63368,0,6500.0,3
8720be698d76,1,1750.0,0
6018bc6beb8f,1,1075.0,2
4002b8e77837,0,825.0,0
02bd25922dc8,0,2050.0,0
a6780d40a0cf,1,33825.0,3
3962e92d90e4,0,350.0,0
5b1f45a0dd31,0,1800.0,1
3debf12e14da,0,3500.0,1
e9d61c982226,0,1675.0,0
ef1f1b5ff9bf,1,2500.0,1
385dc8521490,0,6800.0,3
7391ec4f8c84,0,3850.0,2
9844561cb676,1,1950.0,0
677b22b8b80e,1,700.0,0
fb0bb1c2f3f1,1,7525.0,2
408cfe293a1a,1,2300.0,2
3751abb1d7dd,0,2100.0,3
599d7500b10f,0,2825.0,0
a1242ec75bed,1,5500.0,3
a959737c7ca8,0,1625.0,0
1aba1f0ec79f,1,7700.0,2
94218890aa27,0,250.0,1
1d4585b0ee18,1,800.0,0
a409c2a42a98,0,1300.0,1
dacf06d4327c,0,925.0,1
692487e4bf77,1,2925.0,3
5d5734f2bd8e,0,350.0,0
6c2da81270dd,0,900.0,2
136130c5ead4,0,3100.0,0
53240049309c,0,0.0,0
7d849ff5b27c,1,5550.0,1
15f4a0cebd58,0,3850.0,0
9d76315e4289,0,50.0,0
957f37613e21,0,600.0,0
3b2929344ede,0,13075.0,2
e79d981f4f6e,0,175.0,2
c5c94e31a438,1,7000.0,0
64d2aee965ed,0,6600.0,3
fa5be7c939bf,0,1275.0,2
542a30a302cc,0,200.0,1
31ae4c99e17b,1,2675.0,3
a28cc651462a,0,6900.0,1
7001b2447e01,0,8575.0,2
4f9ca8f2b478,0,2000.0,0
6f65a33a6437,1,8925.0,1
f7a4d8d24c76,0,5025.0,3
0128d3a89cea,1,7475.0,3
63dad3e54867,0,1300.0,1
c03019fd5f90,0,1150.0,0
2db4f7f5e4e8,1,29700.0,1
387a17f808e5,1,12300.0,2
403fec059962,0,14775.0,2
c085ee7e3fa5,0,3975.0,2
b26dce96bda0,0,3400.0,0
550bc80a44e7,0,6075.0,0
26c173e9402c,0,1825.0,1
b764e5fc0e13,1,19775.0,3
146c51a743b7,0,18950.0,3
1b78ed93779a,0,11800.0,1
003c551ad393,1,950.0,0
5d1b4fa860e7,0,5475.0,2
a3a30d59ad90,1,3000.0,2
30cb9b0fd338,0,13800.0,2
0eca217541d1,0,650.0,1
b527803c6f17,0,3025.0,2
08486f5615ab,0,100.0,0
29c5db5c4720,1,3350.0,2
497f28799571,1,1525.0,2
e46ab6ddfb26,0,17950.0,3
3ec261615da7,0,350.0,0
8cbc5df1b111,0,1800.0,1
dbd35bd113c9,1,3700.0,2
cbcf04eb49da,1,29800.0,1
51a5542b1090,0,1150.0,1
fc98b47b68f3,0,700.0,1
de83b32c3361,1,4050.0,3
6fb4d92a9dac,1,4950.0,1
c6a054a0ddf4,0,4750.0,3
3b56ee5e176b,0,4475.0,0
00f5c73f9a41,0,2125.0,0
ec42cd7c23fb,0,4175.0,0
31ff89a4295e,1,9300.0,2
57c36e061e22,0,11500.0,3
0643f4b18ae0,1,19525.0,1
32a7e917dcf1,0,2450.0,2
064ef39b00a6,0,1150.0,1
6b8a2f5bb264,0,1400.0,2
b2ca44cbdd60,1,750.0,0
d998e55fe8a5,1,1900.0,2
fa7f340533da,1,2400.0,1
63e76497fa5a,0,2700.0,1
3692def215b3,0,2800.0,2
15e37d335731,0,25775.0,3
d6b340fe176b,1,900.0,0
10bd229d0d85,0,500.0,1
ff3de04e931e,0,10275.0,2
b415510b57f5,0,44600.0,2
fe8a7ed8ab49,0,21750.0,3
a15ef9fcad4d,1,8500.0,3
3443b1cd8fd3,0,4625.0,2
2cf6ea18cc82,1,1500.0,0
e7929f13d8ce,0,27850.0,1
846549a644e2,1,2475.0,0
f10892414b9f,1,1300.0,0
3da2ba926685,1,4200.0,1
4a709946081d,0,350.0,0
b40ff3ce5c3a,0,8650.0,3
e52e12af39cd,1,2550.0,0
5ae2ebfdc85e,1,2075.0,0
5940cac49265,0,2875.0,2
01d8808f2375,0,0.0,0
251e89e78855,0,3100.0,1
7cc62c666bf1,0,3675.0,1
66d646e8a619,1,2125.0,3
f86633a0cd69,0,3000.0,0
3dd6fc7800c4,0,1650.0,2
014c0c6ab787,0,10325.0,2
9cc7e91ab014,1,1600.0,3
45e39a8fc754,1,7825.0,2
cbc86c28ee0e,1,9650.0,2
a844c5979958,1,8700.0,1
dcfcdbfb33d0,0,7900.0,2
b0d12544cca4,0,1350.0,2
43eee732759f,0,2700.0,1
b8afb253ba9d,1,11650.0,2
e2d248317755,0,13400.0,1
08eed32871fb,1,5600.0,2
b64ded2a5a51,0,1800.0,0
86134afc50d6,1,2325.0,0
00e8daec612e,1,1875.0,1
bfb412da6549,1,11900.0,2
2b604777b0c0,0,1250.0,0
a0a511bbee43,1,4775.0,3
80057294dfe4,0,2850.0,2
2d1770ef57da,1,1925.0,1
7356d50a9633,0,1700.0,0
60451ba6371f,1,4200.0,0
ce05ba31da3f,0,13100.0,3
b74f5d7419fb,0,4200.0,3
2fe0d0664b17,0,14400.0,2
8da0936f8edd,0,875.0,0
27ed805d6608,1,1025.0,1
262e9663f469,1,14750.0,2
3ea3bf9e1062,0,9650.0,2
0caac1dcccdc,0,1125.0,1
df779533c3aa,1,23175.0,3
fcdfd91c13cf,1,2825.0,2
cf0ccafa1c13,0,11550.0,3
3665e7c30d78,0,7050.0,2
d33aac77b5c1,1,950.0,3
15a62b9ba41e,0,2625.0,2
6f6c75c1b890,0,7350.0,2
69f938439db2,0,2450.0,3
5dd24e16e84a,0,10150.0,3
02dbceaa7250,0,7800.0,2
5a47e32e516b,0,3550.0,1
60bb0e22d831,0,2700.0,0
9e5206ce064c,0,21525.0,1
464d1f878b62,0,26925.0,3
32b28fb8f9e6,0,3325.0,0
ca71aaeb0e40,0,400.0,1
524fbef593e7,0,4925.0,2
50a7235278e7,0,10950.0,3
4acc46471038,1,4625.0,1
93be39ced019,1,18425.0,3
2d460a4b6405,0,1375.0,2
94b294df8bfd,0,2375.0,2
98406b35ddd0,0,15775.0,0
cb7e9b1dff8b,1,14775.0,2
958eade595da,0,2825.0,3
c53813dec217,0,3775.0,3
f0ac15398c73,0,2375.0,2
f69538f0f9f8,1,13950.0,2
307ea29f3e19,0,1575.0,0
75b1606c00d7,0,300.0,1
4f28bed23281,1,7275.0,1
0d9996642bd1,0,400.0,1
0f0c6b4692d8,1,2775.0,2
ce3668f0f495,1,6175.0,2
2b6d2be218d6,1,3475.0,0
a1ea3707fecd,0,4125.0,3
4f8e8475c32b,0,1300.0,0
67a973211f36,0,3225.0,1
b3e8bf9ef4eb,1,1850.0,3
8e0acfb45571,0,250.0,0
189800170f0c,1,8475.0,2
8526cdbd7239,0,6600.0,1
fcf9cfe9bebc,1,2725.0,1
50e030c4d2b9,1,6600.0,1
8e880f767346,0,3075.0,2
d06e472d51b5,0,8700.0,3
3168b74e51e8,0,7500.0,2
092ac8acef8f,0,850.0,1
3757337fb088,0,17825.0,2
1c9aff6da3f8,0,2100.0,0
f8918ab02a94,0,1875.0,2
520f924e3ce1,0,6350.0,2
3f09f66a0db4,0,4825.0,3
46dd86b774b1,1,10200.0,2
25ce9fa62cd1,1,4225.0,1
b26fef597d98,0,36350.0,3
68ac9ef10639,0,11275.0,3
ff54605a4d31,0,16400.0,2
a536fa86a6a3,1,900.0,0
9b329d7fdbcb,1,1800.0,1
e133cf8a6e14,0,100.0,1
4bc5bb327634,0,500.0,1
55d5eb943304,1,4650.0,1
686c2a4ffabd,1,15050.0,3
1c07c6e60752,0,4150.0,0
8dd4b931f8e5,0,2325.0,2
2135f719d38d,1,5950.0,2
7c5100e9cceb,1,8850.0,1
40de27113cb2,1,1300.0,0
7521d214023f,1,5600.0,3
2acce5df43fc,1,6550.0,2
6f13edd692f4,0,2900.0,0
1e5d34d99795,1,31500.0,1
0d5a1aef2300,0,1500.0,0
746cdacc690c,1,1525.0,0
332fdec32102,0,1975.0,1
b69cceda9ef5,0,1875.0,1
dafb3558bf58,0,1025.0,0
0a27e67cebc6,0,4000.0,2
12f0803641aa,0,925.0,1
c3974f59d175,1,2100.0,0
5d4c476f096d,1,1000.0,0
82aa3b2618a5,1,4575.0,2
4ae47126be70,1,9600.0,3
49b5b24e3dc4,0,1575.0,2
96b48f654005,1,20000.0,0
95ef9db8e66b,0,800.0,1
bcf334052313,0,6700.0,3
5a9ddbb8ae6b,0,4650.0,1
fea7322c9c98,0,7025.0,3
d89cd7e7c13b,1,13775.0,3
7c3a0c6ffabf,1,1975.0,1
3bd58737e853,0,4675.0,3
993a97585352,0,4425.0,1
6c8aef2b6ebb,0,33125.0,3
6cf8a7a88d9c,0,52500.0,3
af2678bdec08,0,3000.0,2
88bda9c93ded,1,3900.0,3
6c2a51fd1164,1,24775.0,0
f6703845037d,1,1300.0,0
5ad213501d88,0,1675.0,3
c72b67ec795e,1,15975.0,3
4051f268e935,0,8200.0,0
7b78222a5dcb,0,3550.0,2
bd05a359034f,1,10125.0,3
7d4aa738157c,0,2600.0,1
bf89a1570eb7,1,11925.0,3
6e6852c8c1aa,1,16200.0,2
0b1612abe2d2,0,2500.0,0
c835e1df260e,0,1875.0,2
7e0d4516e275,0,38450.0,2
4f8278b4aca0,1,2000.0,1
0ede5a2dda0f,0,5825.0,2
e7b58587137a,0,375.0,1
9b264d2f5378,0,4150.0,1
b63a403ea0ee,0,10400.0,3
8efba94f5d33,0,42125.0,2
92f313d85682,0,350.0,2
b4bc89b63141,0,23025.0,3
7f10034981ef,0,4400.0,1
7b89d002e19c,0,700.0,1
cbf8b05edb58,0,4375.0,3
45694a980edc,0,150.0,1
5f4ba79f0eac,1,4300.0,0
23e6a3fb0de4,0,1275.0,2
97cb22494cb0,1,12625.0,3
038e7c05108f,1,3700.0,1
014b7b64583b,1,1700.0,0
05e10345ca55,0,13850.0,2
78efc17884fd,0,2575.0,0
8832d1d6190e,0,4775.0,2
8fde6cbd4408,1,4750.0,3
58cdc92c40fe,1,2325.0,2
194d1685585d,1,14000.0,2
81d1d880c585,1,2400.0,0
e0c3f43f77f3,0,4925.0,3
36fb1d1b9bcd,0,3300.0,2
334fa200962c,1,3250.0,1
5d0004db6e6c,0,1675.0,2
aae1f974d9c5,0,1100.0,1
197a81e60c74,1,1875.0,0
a2c8ab8939e0,0,2475.0,2
f8a0edea32bf,0,1925.0,1
3ab222434327,1,8450.0,2
7e63975bcc73,0,3450.0,3
45f3ea23ce90,0,750.0,0
620d27a5488c,0,400.0,0
26bee8094209,0,15725.0,2
8fb56dd81932,1,1000.0,1
a018df504b65,0,950.0,1
4669dce864bc,1,10025.0,2
d0c87e7146d7,1,2000.0,2
f047ed9b662b,1,7100.0,3
754956f04783,0,3050.0,1
83b60537c2cc,0,14150.0,2
fc1dd2d02d2e,0,0.0,0
79339e57ac10,1,8600.0,2
b6536a22ae25,1,10375.0,1
9cff503ba46e,0,450.0,0
a8a1986ddf54,0,3525.0,3
b5976ebe6af3,0,200.0,1
cd52318b49cb,0,5950.0,2
9097feacff6a,0,2550.0,2
b21067b64632,1,2925.0,2
d273aed1d06f,1,2900.0,3
e86cfe7c201b,1,2000.0,1
85d18ffd2c32,0,12625.0,3
33a426aa5e37,0,3150.0,0
c6d8f9324b66,0,7800.0,2
de9ed8ed1ec3,0,2800.0,1
2a05093e1647,0,4000.0,0
3fd8843988f3,0,1300.0,1
54a4f2ceaa5c,1,10225.0,2
2931cc83699d,0,6650.0,1
7321c0fb47f4,0,29025.0,3
7e65ef88621f,1,7575.0,2
8b94226af6f3,0,1300.0,1
7daba8945b4b,0,4525.0,1
d5b2af900365,0,1475.0,2
095691fbd75e,0,200.0,2
3f8dd12d349b,0,11600.0,3
8780c7ab60e6,0,10025.0,3
241b8e35159a,1,28725.0,3
1ba821a48fa0,1,2400.0,0
3ef189df4b9d,0,15100.0,0
c54bd2ab64da,1,1050.0,2
79ae6e30b9a5,0,10350.0,2
38a4142599a4,1,1625.0,0
dc153dbdc49d,0,20050.0,3
50302282b8ed,1,1425.0,2
20cc462a853c,0,200.0,2
9930f920054b,0,22175.0,3
010f4e54fca3,1,18650.0,3
2d7bcf693a10,0,1175.0,2
fc0b39f5518e,0,14650.0,3
db5b7b2e063d,0,2500.0,0
f5b8f869044e,0,2700.0,2
fdca25620b09,0,1625.0,1
c89259aa5e68,1,1700.0,0
8de74aa76c86,0,13200.0,3
dddd2c34ecf5,0,1400.0,2
7968b2fe5712,1,2775.0,3
ded9b2fe6dbe,0,2550.0,3
e4047e488e08,0,16050.0,3
a34a10aa5a20,1,3425.0,3
5bf95c5e4958,0,1900.0,2
241fdb9f46a9,1,2225.0,0
40e802a450b6,0,5325.0,3
f063e5ad0000,0,0.0,0
d7db26bd3be5,0,3300.0,0
b230c3f510cb,0,5450.0,1
d993d2ba1601,1,10250.0,3
1d3f7c53661c,0,5600.0,3
5f5326c29c26,0,675.0,1
c58346d9037e,0,9550.0,2
2c027b4fb7ad,0,1350.0,1
34fea56839cd,0,6000.0,0
5016e0737ddc,0,1775.0,2
5932a4e2b1b5,0,500.0,0
e85048d42b43,1,14550.0,0
facfc941b5c7,0,3700.0,0
8c39e2a71e7b,0,22350.0,3
fc5a3e9c4452,1,6100.0,2
6124fc901f2a,0,21150.0,3
b41ec1bba15e,0,3050.0,1
1da7a3c5a619,0,2075.0,2
57943b7d75f9,1,1200.0,0
97e35d4bf569,0,2075.0,1
8f488c7bd433,1,5750.0,0
c9151649c875,0,5200.0,3
30fa46afd014,1,7850.0,0
437d553dfb04,1,27125.0,3
ec4261ce8b90,0,5375.0,3
8b070105f0ed,0,1125.0,1
7c4f3c8f7302,1,12725.0,3
438d5271af10,1,1950.0,1
726231c433e7,0,5650.0,2
46b387de5f4d,1,700.0,0
1e165d30f9e5,0,1050.0,1
be2115cd572b,1,5450.0,3
1e20f1035db8,0,1100.0,1
9d54d75995d6,1,1500.0,0
13dd0d621d19,0,3425.0,3
7c00580155f4,1,7700.0,3
39ebe229aa11,0,4750.0,2
a90b7936e77c,0,2800.0,0
9433255a3ae6,0,3950.0,1
07c630285f23,0,2500.0,0
e8d6804a6dab,0,925.0,2
ace0e848ae49,0,8850.0,0
b3caca05ca25,1,4600.0,3
b8f6cbd2f311,1,5275.0,2
c2081c8173b0,0,21050.0,2
021f2930ce45,1,7250.0,1
9f847adb2df0,0,3375.0,2
7092a56a3e79,0,5350.0,1
406ccf3772a3,0,15150.0,2
b5662d51d206,0,13950.0,3
e095263bb63e,0,200.0,3
6438399b8bdf,0,3100.0,1
23ea3aa5e4b8,0,5275.0,3
818657cd89cb,1,6500.0,0
4d578fdf3470,0,0.0,0
ca2c6b51cd04,1,6625.0,3
7421b7d502c5,0,650.0,3
e4e56bf38e08,1,19575.0,2
b44ae7222ccb,0,950.0,1
5a3dbf064f3e,0,6500.0,3
33d15b33705b,0,0.0,0
da01dbc70036,0,125.0,1
7fd2091693e7,1,9150.0,3
4abc753cfa1f,0,2050.0,0
a6e3a1ce1061,0,3750.0,1
f4f7867e07c3,1,14475.0,3
dc202ab746ad,0,6875.0,1
f4d9baa1cbed,0,8725.0,3
d7bc817a3378,0,47050.0,3
3da7fb356faf,0,3325.0,1
9848b626a67d,0,300.0,1
a46c6d7d9f36,1,16125.0,2
f71a5493fa08,0,500.0,0
f3d73496f60a,0,10375.0,3
fb34d00a2922,1,13475.0,2
e55715e0b387,0,300.0,0
620ba74d2179,0,2750.0,2
6e5736f56846,1,4700.0,1
b8b567496955,1,1150.0,2
96feb08e2402,0,7350.0,2
24cdb71f934d,1,2025.0,1
4a3530b7a680,1,1600.0,1
e58f9fbc2e65,0,250.0,1
917b51174865,0,4025.0,3
051a42a206ab,0,1100.0,1
2c34f7e6a3b5,1,1650.0,2
9cd3f64e9904,0,2575.0,2
523562dcbad3,1,3275.0,2
8b4e68301f2a,0,19850.0,3
15d998d3ab45,0,2300.0,1
6cb2cd359a4a,1,4750.0,1
b84cf60db7d0,0,4975.0,1
42e3ccc83e07,0,0.0,0
8f40aee8f48b,1,6250.0,2
1f614fbe304a,0,2775.0,3
04f420cf380d,0,6200.0,0
a4cac06e01a5,0,1600.0,1
bfe1e44d8ab7,1,2950.0,1
7076c90f06c8,1,8325.0,2
dda35b7f6ce0,1,1925.0,1
dcbca7527311,0,275.0,0
604c3315c295,0,2675.0,2
cb64f8b0f929,1,22700.0,2
f1a5dfae071d,0,2775.0,1
cc3bee4c544e,0,1675.0,2
8025117bb65c,1,11500.0,2
1541c866eb34,0,250.0,3
f9954fefff41,0,3225.0,3
c8ede346fc1a,1,27125.0,1
5a49bc62981a,1,7400.0,1
dc28eb00cb19,1,700.0,0
71e6894f6443,0,12425.0,2
6edccb251c81,0,2875.0,1
ff41dbf73cef,1,1950.0,1
a8fdd1a766c3,0,6375.0,1
0ae43881e5a4,0,2550.0,2
356247e03de4,0,1850.0,1
f565041346ee,1,2350.0,0
994cd997aade,0,4675.0,1
c788ecd62cdc,1,14300.0,2
9666e649740b,1,1575.0,0
d2841db6216b,1,14775.0,1
39d72aa39fa7,0,250.0,0
b3d817d675d8,0,250.0,0
f15e97cc90d1,1,2950.0,1
28f26f682c52,0,975.0,1
c0c4d29b2b55,0,1125.0,0
874817571256,0,3125.0,1
82c71e443447,0,10050.0,1
0fcb4221ee11,1,700.0,2
6619035ee2e8,0,200.0,0
5ec29ce41a5f,1,3775.0,1
d072c9218124,1,5900.0,1
454bfb1498c4,1,5800.0,2
aaee595d2279,1,6250.0,2
c09bb0899a76,0,12175.0,2
f361d4b39b72,0,3850.0,1
489bea4ceb65,0,2050.0,1
12c1aa41738e,0,1400.0,3
c6c874c45395,1,5100.0,0
13cfbc34e786,0,11725.0,3
7e004103cb7d,0,600.0,1
bd3e4ac80429,1,15475.0,3
7c9b67759e87,0,41675.0,3
fd5d7ff62e83,1,3700.0,0
4fc87b2dedfe,0,23700.0,2
9f569fcfcb03,0,2500.0,1
1027a9f76402,0,4175.0,1
8e55bf2f5c3c,0,3325.0,0
8a8060c9caef,0,2950.0,3
6f256b4be987,0,2850.0,1
0c9cd8556136,1,4200.0,2
1b252cd5104e,1,3675.0,2
4832524d50ea,0,16100.0,3
496f6fbb6f9f,1,2575.0,0
4d7ce5ff22d0,0,2625.0,2
eee8b0d07fd1,0,2375.0,3
743ab4f0c74d,0,1400.0,3
141cbb576a00,0,22600.0,3
90839a24a6d2,0,975.0,1
7d85729c6e26,0,8825.0,3
0669b9098d87,1,21850.0,2
bbbf19f47961,0,5750.0,0
2104cb746b58,1,6175.0,1
e719b01c4e5e,1,9525.0,2
81a3dd018ec9,1,7600.0,2
b92f4e8a0627,0,3950.0,1
dc48560bac25,1,650.0,0
9bd5cca5c5e6,1,8700.0,3
5d8573aef805,1,1425.0,2
d1965de094d0,0,19600.0,3
3f56e338b1b8,0,1175.0,1
12d9e2b2c9a1,0,14200.0,2
f5f8fb80d192,0,3525.0,1
5ec57a7f3220,0,18875.0,3
40050ec1960d,0,300.0,0
c8063348abac,1,2400.0,0
fffa008b8a2d,0,2850.0,3
96e07f8a8c69,1,800.0,0
06577f37b90a,0,0.0,1
5997e1a93ed1,0,2900.0,1
5e10423d4e3d,0,2400.0,0
8a6332b7f2b7,0,350.0,0
cd57592066c0,1,11075.0,1
df9d929fd2be,0,100.0,0
75497c49e283,0,2300.0,2
69833be5909b,1,7750.0,1
99dafddf4b6a,1,39425.0,2
6e89061a9f23,1,12350.0,2
81a89907c12d,0,650.0,0
e1dd43c2c746,1,1825.0,0
e7289f65bbe5,0,1225.0,0
65ba81af199a,0,4700.0,1
476d4faaf1e3,0,2200.0,1
f960e19571cf,1,5900.0,0
79c772306b73,0,2475.0,3
8974370603bb,0,3225.0,2
d451a1bb9014,1,13525.0,2
5ef9ff8051a4,1,25400.0,0
29910093fe27,0,1000.0,1
1ede434ac71a,1,25650.0,3
4de04f8b8c2f,1,25825.0,3
614c6f24aa3c,0,750.0,1
2e6455485307,0,3225.0,1
e48d7fd8ca38,0,16675.0,1
f593ccf24ade,0,12550.0,3
33cb8c40391c,0,27425.0,2
6a2e6008cfb8,1,6950.0,2
348f5f94b47f,1,2125.0,1
b8052a8ffbdf,1,19475.0,2
55a8849496ea,0,3150.0,2
8f78b91815a2,1,4175.0,1
3ac761f3187f,0,3775.0,2
1fbed1c268af,1,7250.0,1
6a61c2582471,0,4125.0,3
d4ddd6623828,0,5950.0,2
e0e7aac3b494,0,4250.0,1
35b7c5c12959,0,800.0,3
03230fa98853,0,700.0,0
3e48e4982cf4,0,225.0,1
223df72421c9,1,1800.0,0
b9b6e30aa666,0,3500.0,3
091df1e1918b,0,9625.0,3
6453a3faa2a1,1,8850.0,3
6e68804a774c,0,2150.0,0
1cb65243f06f,1,3000.0,1
4d203cecbb90,0,2100.0,3
67ce1a139dd1,0,1925.0,1
fa8933567581,0,10200.0,3
b0bd81fda3ef,0,1600.0,2
65174908ec85,0,3925.0,3
a9a7f59afa9c,0,800.0,1
9b1f189af93e,0,2150.0,1
68c6e576af8d,0,6075.0,3
a45f2d9efaf5,1,9250.0,0
18106c32d335,0,18750.0,3
f90b7aabfc3e,1,1500.0,0
1f5f1ce50c21,1,1325.0,1
af630d640673,0,8600.0,2
2b88ba50eb90,0,3750.0,1
039d70af50fd,0,7925.0,3
3be543462226,0,8650.0,3
676928d4db62,1,1450.0,1
76c6b67d4e02,0,900.0,0
aa4c482ffd4b,0,7200.0,2
ae2f90cc454e,0,11275.0,3
0173518087ce,0,1775.0,2
aac14a1efd27,1,6000.0,3
50f1c35dffe4,0,15800.0,3
571a3a32fc16,1,1525.0,2
42e0c16dd401,1,1800.0,1
3aa86796f18f,1,7575.0,2
c611b4b91628,0,2100.0,0
9b72e4c96afb,0,350.0,0
b6e3224b3ebb,1,6275.0,1
b221a6d9cf1f,0,17700.0,3
d436b0f19e03,1,1100.0,0
408a7366c8e2,0,1725.0,2
f081c79a4de4,1,1850.0,2
3d04dfabdf45,1,19025.0,3
2ef19425c4f5,0,0.0,0
60ec28d35cfc,1,22750.0,2
a5b226618c49,1,50675.0,3
618152b15fd7,0,6750.0,1
c81ceef31007,0,2150.0,1
41ba2a23ea0e,0,3750.0,3
64fa763e192a,0,300.0,0
941228da50a8,1,1050.0,0
da4f5b7da561,0,67475.0,3
72596f157eb5,1,7200.0,1
2e8a4cc5fe1c,1,5400.0,2
8f1b0258343b,1,1325.0,0
202e5ca89800,0,0.0,1
dd8182ad0943,0,12100.0,2
94187cf74c3d,0,800.0,2
23682cadb8cf,0,17850.0,3
0f7afa904a54,0,1400.0,0
2275a4d09a95,0,11125.0,3
8168652d46d9,1,4800.0,2
382a982593e1,1,12125.0,2
ad70058b6b30,1,2000.0,0
236e60cbed87,0,2775.0,1
604d04077ca8,0,375.0,0
eaf834694144,0,925.0,1
81c6a70c4f65,1,9950.0,1
b99b770d0b6c,0,9700.0,2
7c4e5c582010,0,10500.0,0
eff5876237c6,0,3500.0,3
cc9dde52a79e,0,1600.0,0
141c7ed51c9b,1,1200.0,0
b3957f95c415,0,2900.0,0
a47939aed1f2,1,1500.0,0
611328f1da04,0,1050.0,3
1857e77f671a,0,1800.0,1
bc4ecb82990e,0,2950.0,1
24307b462ecc,1,13700.0,3
42eae6924cb9,0,2525.0,0
622cf12b1208,0,9200.0,3
4cf0bc8b6a51,1,1100.0,0
b6752d9af91a,0,2200.0,1
4433932b18e8,0,350.0,0
797aabb052ff,1,2400.0,1
7216fce00562,1,575.0,3
6efed97d0e82,0,2950.0,1
4faea85c4dae,1,1875.0,1
3d43be237df4,0,9150.0,2
d62888562cfc,1,1950.0,3
be6ae817b97d,0,125.0,2
f6a5346eb8c3,1,5800.0,1
db9dd904801d,1,7150.0,2
df85d9693e17,1,1050.0,1
c4894c73c0cd,0,21175.0,2
3f97c70c8f68,0,0.0,1
dc4d525a76dc,0,3200.0,2
333983c0e0b6,0,2050.0,1
b9d5931ed637,1,1050.0,0
ad18ead45d79,0,2850.0,1
9e848160938f,1,16675.0,1
c3c92d5f8c76,0,1475.0,3
fd85976fc560,1,1075.0,0
ac4dbce28089,0,2300.0,1
454ff084924a,1,3100.0,3
6b0ec9acb590,0,500.0,1
fbf927c06293,1,1875.0,0
3e9d41b3b867,0,3975.0,0
44546a10003f,0,250.0,1
17a349c99b1d,0,300.0,3
52d118f92db3,0,4225.0,1
fa396cf5c2ad,1,6950.0,1
7a80eed33c0e,0,6075.0,1
0737e4d52e7e,0,13375.0,2
b79600cc0d47,0,2200.0,3
42445bbf278b,0,5400.0,3
7e02a23f1b4d,0,2800.0,0
2672dcca2967,0,17125.0,2
76b1e4e8c0fd,1,1000.0,0
289900f384da,0,5000.0,1
05a4a64ef298,0,3675.0,3
24151c5a5244,1,15825.0,2
c95c7df302f7,1,1650.0,1
a297d2e2539c,0,24200.0,2
0dca4026d974,1,20650.0,2
5f19759d91cc,1,1200.0,0
f35a74ccc1e4,1,2875.0,2
1b88463a9b7b,0,8325.0,3
158f791cdd0d,0,16700.0,2
b747ff53d257,0,8400.0,2
eb1a29818232,0,350.0,0
4e361b5b5ff1,1,5125.0,3
224d5027febe,1,17450.0,1
bd4ecd931362,1,1675.0,2
785f29c672b0,0,300.0,2
1851ade1154c,0,7125.0,1
d9421f740fe6,0,10025.0,3
0380b78eab81,1,1900.0,0
47e12a3e095a,1,5875.0,3
beb67b060e93,1,1600.0,0
d8194b099b48,0,3700.0,2
02c5505a89d4,0,5650.0,3
fe390c8a34ea,1,9225.0,3
f5f9259a223d,0,1600.0,0
c5821468ed2e,0,1300.0,0
584ccac8c80e,0,9750.0,3
0c9c910b596f,1,8225.0,3
57ae81316554,0,1175.0,2
c9c985c72470,0,3775.0,2
6df832257435,0,5300.0,1
bd54a64069d6,0,300.0,1
76166d730a0a,1,16300.0,1
e493a8b9b6b5,0,150.0,2
108224f0dee4,1,1900.0,0
64eddaca03d6,0,15025.0,3
95b6dffaa1de,1,2825.0,2
513705094ca4,0,2000.0,2
c1448acbe84e,1,19975.0,2
3749f617692f,0,5875.0,3
52bf7f99d8ac,0,25575.0,2
81830d53980d,1,5425.0,3
0e66d20fadf4,1,1300.0,0
7c1a1c1deb11,0,23150.0,2
7934a5df36f6,0,8100.0,2
d185dfb1f17b,1,9750.0,3
91e7e30e7a61,1,30925.0,3
5dba9cb694ac,0,350.0,2
c3135723d3be,0,1500.0,1
23dbb117ddd1,1,1850.0,1
9ac95a669c57,0,3600.0,0
e95782887b74,0,3450.0,1
a98fd608b9b0,0,1350.0,3
86d8f8268c61,0,300.0,0
cc196687f156,1,1950.0,1
2194f2c1ab3f,0,650.0,1
a84c4ac72d98,0,2600.0,0
e93ac321d27e,0,11475.0,3
f5d6c7d10be1,0,700.0,0
a7cecdc0169f,0,1600.0,0
603058d4bf14,1,1250.0,0
25ae8181fe6c,1,5100.0,3
c9231d5641bb,0,3975.0,2
346dacb67cc5,0,2500.0,1
bed0268cb868,0,5050.0,3
3f8a96fc1496,0,1825.0,3
f852ce5e89ab,0,0.0,2
423ff8b10611,1,21850.0,1
aef103119d6d,1,27800.0,2
98100846ab81,1,9125.0,2
f681e2abc304,0,9025.0,3
d9e8af5f31af,0,4100.0,1
60ec716a5a51,0,59325.0,3
63a37d41e854,1,5650.0,3
7e9514f2b8ae,0,850.0,0
eb70ceaf533f,1,800.0,0
05d50694edd8,1,1375.0,3
df9a7c8f1811,1,3150.0,2
3ad08eec6412,1,7650.0,1
a57b137b5bce,0,1075.0,1
377884319241,1,2125.0,0
9faba81f74f6,0,800.0,2
301d29f5c6a4,1,25000.0,3
002823dba540,0,1575.0,2
4caa53752386,0,30625.0,3
6379497d59dc,1,27450.0,3
1610adcf5782,0,4275.0,3
be7c0b9bb77e,0,1400.0,1
b898a46fd05f,0,36450.0,3
bc6312aa34b3,0,16200.0,3
d025bbf33811,1,6800.0,3
92e6a4869a43,0,4275.0,3
23694b3dd143,0,1825.0,2
7abf7e471383,1,3900.0,2
4591d750a982,1,12625.0,2
11dc28659cf1,0,7800.0,2
e5a2bba400c9,0,9925.0,2
fcb9dbd01b1a,0,6600.0,1
40619a48dfa5,1,28975.0,2
b4eca64fca39,0,13950.0,2
c1a6e52267cd,0,2425.0,1
752b63792879,0,2725.0,1
c2fa098dddb0,0,425.0,3
3f4031f267e8,0,6100.0,3
9c72a1afb8ca,1,1900.0,0
c81e782cb9d4,0,50.0,1
382588354009,0,4375.0,1
79d28998820f,1,2900.0,2
8549146488df,0,5875.0,2
757e7df37208,0,1475.0,3
9f8efe63c186,0,300.0,0
0b3182e1dc15,0,17550.0,2
013a82190d83,1,1125.0,1
3ffb48b498a2,1,1800.0,1
0d7c2b2495c4,0,3075.0,0
638a9e676d6c,0,1050.0,2
6b151477cbf6,1,2825.0,1
6b25671c1087,0,6750.0,1
ace9d205e683,1,10350.0,3
34ceb8b3b72f,0,8950.0,2
d986a8f4b15e,1,11925.0,2
0af780ec6fdd,1,300.0,0
25ac4855ee03,1,11200.0,2
c1cb09801a48,0,5100.0,1
b5a54b67e7f7,0,100.0,0
a7899577aa86,0,21200.0,2
1ae01d1b0c45,1,22475.0,0
a7d7234e6f73,0,1850.0,2
78a863ca4344,0,11675.0,3
774268619e23,0,400.0,1
e60a10011e82,1,2650.0,1
a1c57e581498,1,19975.0,3
b962c2c160e5,1,4025.0,0
c3bd898fe96d,0,10300.0,0
1e2d2648e69a,1,2175.0,0
f81a4f1829df,0,1825.0,1
13e6fe7a17e1,1,14950.0,3
6c4dedb7c770,1,3075.0,0
f77fedc8db1f,0,5500.0,1
dd5847466c78,0,3825.0,3
7c01a07ef1cb,0,9375.0,3
d1cc258bab71,1,800.0,1
0e3b38efc79f,0,6875.0,3
6e3cfc4f53f1,0,7500.0,1
d54daf9b396c,1,2400.0,0
5f0cbc90fc3d,1,3375.0,2
967fdd8190cf,0,1150.0,0
d8ed10ecdd38,0,21800.0,3
9889ee0609f6,1,3075.0,1
5acf49805be8,0,875.0,2
109414a1acfa,0,3075.0,0
a03906d64047,0,1350.0,2
74180468cc20,0,1700.0,2
556d3967c16d,1,6375.0,1
c3db1ea09dc6,0,7425.0,1
db06cd435e2d,0,5975.0,3
8fa47276351f,0,28050.0,2
ff4807c5438a,1,15325.0,3
c3a68b11a56d,1,200.0,0
47122cada277,1,68675.0,3
bb5e793a3697,0,2200.0,2
2f6e4e1db9f9,0,6625.0,1
a7c43fc3a7b9,1,5575.0,3
d0a0cd924c0c,0,3400.0,3
00a01e3162e0,1,1500.0,0
ed650c2c402e,1,12100.0,1
a848476922d9,0,6175.0,3
da541e76fe1a,0,13150.0,3
4bc4a5ecdb30,0,9025.0,2
a138db7e08fb,0,15425.0,1
e18f082af01b,0,3925.0,3
8f49089a2220,0,3400.0,1
4c62629b2e8e,0,400.0,0
38e014dd5f3b,1,9300.0,1
384b7e3496ce,0,300.0,0
6ad3ff705dab,1,4000.0,1
dd8e99aef074,0,625.0,2
0af48e7518f8,0,30750.0,3
369708e73e5c,0,34150.0,2
b63e45de9b05,0,850.0,0
8bcd3d97851d,0,25900.0,3
3a9e89b77bee,0,6500.0,3
52b9aa058137,1,6175.0,2
712158407e25,1,2000.0,2
808b2e96538c,1,3925.0,3
2c31471c41e1,0,6650.0,0
e60e1ce98bde,0,7000.0,3
2335bb74a070,0,100.0,1
19d66690c481,0,3100.0,0
26b2ceb69d0a,0,5375.0,2
350f92e20feb,0,0.0,0
7df6ef2a64b1,0,8275.0,3
5a3844eafd7a,0,11700.0,3
3971f55ee851,1,2550.0,0
8d52b1c99a14,1,5175.0,0
471f3ce2a746,0,500.0,1
006698657333,0,9675.0,1
bb45994c63d4,0,7625.0,0
e0dbd12993a9,0,2500.0,0
3861fb975c32,0,1000.0,0
acf7cb5cc523,0,1150.0,0
ae64164645da,0,12800.0,2
7d6b8f295ed4,0,6100.0,2
0db0cc6e145a,0,10625.0,2
70692b455ff4,1,24550.0,2
3acc479f0037,1,1100.0,2
7b12a7867c71,0,2100.0,1
f6c92f424a22,0,2950.0,1
a88480ec626f,0,5700.0,3
db9652c2ab18,0,5400.0,3
b5496241fae1,1,2225.0,0
9e0fd830c10f,0,3400.0,2
d2801c729017,0,14000.0,3
a08a56858eeb,1,31500.0,2
59199722cc14,0,11100.0,1
3e773c5bb86f,1,11550.0,3
821d05158191,0,3350.0,3
0c819a945ed3,0,7700.0,3
b6d5ee72951a,0,4725.0,1
23992ea381eb,1,1800.0,0
04d7f3cac974,0,25600.0,3
0ed496d802e5,1,16325.0,3
4efb84a487a8,0,1125.0,2
2f569813882c,0,13750.0,3
e7c7cbb8dacd,0,9700.0,1
9d7b5e7d3045,0,23275.0,3
64852aeb48c9,1,8200.0,3
db632226d528,0,29175.0,3
16a3c0ddaca7,1,18875.0,1
67616cf6febc,1,2025.0,1
f9a7db191ca3,0,28150.0,3
8da0d48d3df8,1,750.0,0
b2aefc37b862,0,700.0,1
7ba4db87870d,0,20025.0,3
9853bb6e4898,0,7675.0,3
4dabb48e7055,1,32825.0,1
8548542198bb,1,6050.0,1
086601d8c15e,1,300.0,2
84a1fab241a2,0,3225.0,1
83f3af17bd86,0,2725.0,2
1ee1bff13fc6,0,1500.0,3
ea4c1f8b4c3b,1,29775.0,3
5b8a75d48638,1,2100.0,0
733c7d76503f,0,20525.0,1
682d6590526b,0,2900.0,0
28b8b4f6d308,1,9650.0,0
76b8d06ecc96,0,17150.0,2
f97bb1cedc8c,1,9625.0,1
f8358ee3c078,1,2075.0,0
9573d1bbed66,0,9825.0,1
6d4a943cbda7,0,1600.0,2
696d4c6e06a4,0,300.0,2
da2057f4b468,1,38725.0,3
69c0758268ab,0,2350.0,0
e2307a01c3b4,1,1000.0,0
1f75a9285146,1,1475.0,0
09cce9bdafb5,1,1725.0,0
a4065d95277b,0,2500.0,3
24d0b6fa7084,0,200.0,1
ab66465f1153,1,3100.0,1
cda62919fe3b,1,5550.0,3
1ddeb097f6d4,1,24350.0,1
6319928a037f,1,9650.0,2
2c07884bd62c,1,800.0,1
035e557fb46a,0,1000.0,0
8b0cf551b734,1,25650.0,0
61612c7718f7,0,1600.0,0
7cddd5e567ed,1,4550.0,1
5d4a0218b3bc,1,1975.0,2
6c2340864577,1,16875.0,2
0861e60e2da3,1,7500.0,2
c26cc14802e1,1,425.0,0
a008b26749ee,0,7400.0,0
6d63bc78ba6f,1,14425.0,3
1e0d9bbb6de6,0,10300.0,2
57e01396e4f7,0,825.0,1
380424c6ffe8,0,500.0,0
911493843da2,1,1250.0,0
c72bad003ea9,1,22125.0,3
8a154e8b9152,0,2425.0,0
f89ab26e9aa0,0,400.0,0
be32ecf6d276,0,2100.0,0
675fe0ba0983,1,24425.0,2
4c72664b140d,1,4775.0,2
155b05561a01,0,2700.0,1
26b89465f742,0,700.0,1
b1b876cf238b,1,1300.0,0
51491d2f9170,1,6125.0,1
f616ef1a7f60,1,4050.0,0
ec63786983f0,1,7225.0,2
750d066e8ff5,0,700.0,0
611420b6abf5,0,33500.0,3
bd9a06bedd7b,0,12725.0,3
0c9eb4b7f145,0,2475.0,2
1fedbc1f9ff4,0,4275.0,1
bca3e63a0cc5,0,700.0,1
ead752f0a63c,0,900.0,3
789e30a9a69c,0,10550.0,3
7c54e3d2e98d,0,300.0,0
5cb2734ac3bc,0,24325.0,2
266376820750,1,1100.0,0
65d53c93863a,1,10025.0,2
af574fc6bc86,0,4100.0,3
c6b54dd5ee1d,0,5925.0,2
514f513f9759,0,200.0,1
acff0b572d59,1,1600.0,0
f191bda72194,0,2850.0,1
d59068a578b2,1,7125.0,0
9151e41e241b,0,3525.0,3
bf2658b8b1b7,0,3300.0,1
1db2ded32853,0,1525.0,3
c0b7482bb39f,0,3875.0,3
75f203f7f332,0,13550.0,3
ede8ea49c2d4,0,18550.0,2
aec0ce2b6251,1,3050.0,2
97778963d78e,0,22450.0,3
2127c975ac61,0,550.0,2
8d29810c76a9,1,7550.0,1
05408eff4a79,0,850.0,0
b538b0098d6b,1,2375.0,2
4d8fae224390,0,2800.0,1
a4e4bba03776,0,2950.0,3
89dda7e0e5ee,1,7300.0,0
4f17747f12aa,1,2575.0,1
3ee3aa4f6da4,0,32025.0,3
eda61862fdd0,0,5125.0,2
a172f5b8e256,1,2450.0,1
3df23b83aa2c,0,1225.0,1
46464747c8b6,0,650.0,1
c9670bea8717,0,1000.0,3
5758c10bcc81,0,9350.0,1
9a6b239ff5e8,0,3825.0,1
0163db5c19e0,1,1975.0,2
3137e1386423,0,60450.0,2
a8839f5c2c89,0,1450.0,0
9c73fdb88354,0,13150.0,3
476763bbb61e,1,33875.0,3
97a13029621c,1,8950.0,1
83e2ea9e9e5a,1,2325.0,1
ee9cbe44a4bd,0,1500.0,0
9c747477329c,1,19650.0,3
8bb55c69e38a,0,150.0,0
6a38c89b9991,0,2600.0,0
dd9289d24daa,0,500.0,0
4ecc15b5e373,1,1825.0,0
b9707ee74ca5,1,1600.0,2
b557be56cc77,0,950.0,0
23cd2de84666,0,2700.0,1
69308e950f6f,0,14400.0,3
4ba01ca84783,0,12175.0,1
d36c7e5895c1,1,1900.0,0
f133a28ad872,1,22575.0,2
88c61473c5aa,1,16400.0,2
55898a662e8d,1,750.0,3
39f245934156,0,14550.0,2
1cf0e2807227,0,350.0,0
d9f38c4d8125,0,20650.0,3
f6f6a6711c82,0,7325.0,2
69bb42bbe92b,0,2750.0,3
85dbd41b8200,0,7050.0,3
294a87cd75d1,0,7775.0,3
df180766c098,0,1450.0,1
35da5b4948d5,0,4600.0,1
b8ceaa1bdfdc,1,9425.0,1
42808583efe5,0,20100.0,2
ad90f77308e7,1,2550.0,0
7fbe017d549a,1,4050.0,0
92359cad1fc0,0,5775.0,2
b825553273b9,1,2350.0,1
45b2d9938f8f,0,2825.0,0
8cb28bb07379,0,4300.0,3
1180487c8b33,0,2050.0,2
e761b277a8e2,0,1900.0,2
1892622de2b0,1,4900.0,3
fdba22278037,0,0.0,2
5dd24eadd59a,1,2950.0,1
ee6fdfe87de0,0,19025.0,1
f9babce4306b,1,2050.0,1
bc4d0bdb60e0,1,900.0,3
f7d5e590a0d7,1,425.0,0
e046c01974a1,0,50275.0,3
56d74e7f46c1,0,400.0,1
5ac09e0b2212,1,2925.0,0
cf267084fbd0,1,1700.0,0
9368c9ab7d56,0,3500.0,0
51a85d51fe20,0,2450.0,2
1ac31c706ee1,1,6750.0,2
92cb6fadb848,0,2375.0,0
ec1c67d66f9c,0,4325.0,3
87ed7fe6a004,1,1600.0,0
cbb3afc89aa0,0,1500.0,0
ad4a0ee22c4f,0,1400.0,2
043e73c3f978,0,1325.0,1
235df08b4cb2,0,8325.0,3
49010314f427,1,1925.0,1
ea1649731ebd,0,2250.0,2
ee5dc86d3240,0,5950.0,1
b50afd533b59,1,6650.0,2
ab17f4341089,0,875.0,3
0d31ce8f432a,0,46325.0,2
bfc2d0086063,0,200.0,1
d7f2c2b22925,0,9050.0,3
a52b83686c57,0,200.0,0
597a7802743e,0,16725.0,3
4aeb0aeac965,0,2500.0,3
050b75aabded,1,7500.0,2
961eae596570,0,2000.0,0
cad23385fdf1,0,4675.0,2
1dd0b6c1dcab,1,26400.0,2
15d0e36cbef7,0,22100.0,3
d5bac45ade8a,0,2300.0,1
73e89a785a59,0,9225.0,3
054b2196aaa2,1,600.0,3
fe388a1997e7,1,2400.0,2
28f575c006a9,0,4325.0,2
40406a32b642,1,1700.0,3
83d7a6589c61,1,100.0,0
23f3dd6cfb5c,1,4100.0,0
2b196b96a917,1,3525.0,2
1df71df7b840,0,7500.0,3
919d3265bf58,0,350.0,0
f05da6e2e701,0,9500.0,3
6fa15ea7ac22,0,31200.0,2
10a056f2a5ef,0,37600.0,2
dc6e21ccfdd2,1,1875.0,0
e03cbe53c479,0,1400.0,1
2e05f90517d9,0,3300.0,1
dbf805660541,1,11350.0,2
6ba3a065ddda,0,200.0,1
299903198915,0,9250.0,2
0dbdb583995b,0,8550.0,2
42bd26e7d60b,0,19425.0,3
392936437cfb,0,4150.0,1
cb2efe261c59,0,1525.0,1
fb926eb02790,0,2150.0,3
20d901c3bcc6,0,6750.0,2
17b561596762,1,13275.0,2
25b471e536eb,1,10425.0,2
8c998102c1cd,1,4975.0,1
cce227c83d69,0,4400.0,1
79428b62f929,0,2125.0,0
ee6c45028686,0,1250.0,2
e73af79974e7,0,24325.0,2
3c51b73f404f,1,27050.0,3
aaafdf2a3e84,0,6350.0,3
fe428e9d0e64,1,1475.0,0
19b0613466c0,1,2400.0,0
131e0de870f9,0,9525.0,3
66619aa6957d,0,550.0,1
c3eedd8d1525,1,17525.0,0
4815cbb8fb33,0,27375.0,3
4864f59851de,0,22600.0,3
7f94ee30fe98,0,5375.0,3
6e22557672c9,1,3050.0,0
5c21c9f6390a,0,3400.0,3
305649f05146,0,750.0,1
aeefaa97fc39,1,700.0,1
8365b033841f,0,15300.0,2
9a779d7f6f38,1,1650.0,1
97b9c495ad44,1,3100.0,1
1690962cecdd,0,4950.0,0
1d9cc8e8100f,1,6900.0,1
1cf9ba07b087,1,20200.0,3
a7a6f7ce926f,1,18850.0,1
03f2d6ff1034,0,2700.0,0
85b2a74e48c8,0,1050.0,2
167e8d1d9723,1,6175.0,2
5ad5e7e7ec7a,0,12000.0,2
0e02ffd3f477,0,28450.0,3
12308b25cc16,1,4125.0,3
9703a23a3a5b,0,2950.0,2
96629558e03c,1,1200.0,1
eea0c7900eb6,0,150.0,0
1169b9e5f1d3,0,5650.0,3
17cdfa198a2f,0,3550.0,0
60019f8a6293,0,200.0,0
562b70c23c90,0,3075.0,1
07fafd99fbf3,1,2100.0,0
06627903f395,0,1300.0,1
c57c3068c9f0,0,13325.0,1
e40074751e89,1,3850.0,0
2a89007448b0,0,800.0,1
109deee773b2,0,11150.0,2
04456694fbc7,1,3900.0,2
99775b428465,0,5675.0,1
bfda7d93a7e1,1,14650.0,2
0d99160478a1,0,500.0,0
3c6de120ec6b,0,3975.0,1
d2f9609fba68,0,1400.0,0
7f58cee3ce75,0,300.0,0
38207c6475d5,0,3200.0,1
ce3c784d4206,0,1875.0,1
5502149e5f23,1,4000.0,1
bf20ac7ed837,1,6100.0,2
db8dbc9c5aa0,1,6625.0,3
6d26568f69d5,0,9150.0,2
f1c13f12db74,0,3475.0,1
61055b1bfd82,0,425.0,0
02184ee0f134,0,2050.0,2
d4080b36cd5d,0,17250.0,3
20df20780b98,0,1000.0,0
68a7aa34de63,0,300.0,0
b95acfece811,1,3000.0,0
c325bc7da378,0,13075.0,1
1363903d5474,0,1025.0,1
23f00c2d53a7,0,5100.0,1
ac36125dd284,0,325.0,3
03ab40d143b4,0,4525.0,2
7d8942eaf05e,1,6250.0,0
a731a529a489,0,5175.0,3
4f944700102c,0,1700.0,1
f838ba3d94fc,1,3500.0,1
ed0c126b9e3f,1,43850.0,1
2dfeaf60525a,0,4000.0,2
f76edacfd5d0,1,375.0,1
4d8f40363bc1,1,1500.0,1
91bf49ffd6e9,0,2350.0,2
00dcf467b56a,0,2700.0,2
22e3accd618c,0,17925.0,1
316d1a95b677,0,100.0,1
9128f54a5ca3,1,6775.0,1
e03645adbc61,0,0.0,0
4e4442c4e00c,1,9725.0,1
52933b24e178,1,2675.0,0
14b8d7c7257d,1,10500.0,3
22cb2beb6e7d,0,4525.0,1
845d0a995f75,1,2075.0,1
0d6a684e7c43,0,725.0,2
a73d3c3eb56c,1,3025.0,1
0a3bde595458,0,925.0,3
a55b5e93287e,1,20250.0,3
a983f1a519bc,1,3000.0,1
cf4a854a5263,1,5600.0,1
e2672dbf1122,0,6000.0,0
d05291d8fe31,0,5700.0,3
746908201d01,0,775.0,2
63f5ad62bc5b,0,9350.0,2
d106572130b3,0,1700.0,0
19b9e26aa948,1,14750.0,3
4a98a99031e2,1,29575.0,2
8db60c4355f9,1,26900.0,3
2d7b2950bd2d,0,6150.0,0
02068f199426,0,14650.0,2
8e6be4aa93dd,0,5150.0,2
35262c5a58bc,0,13600.0,3
b708265c3186,1,4875.0,1
ea4eb6a635bc,0,1250.0,3
f5856485ddab,0,3700.0,1
6ba4a7785773,0,1800.0,1
cd30a4ef772c,1,10550.0,1
c99458ad97ca,1,6800.0,1
d953a249d31e,0,8050.0,1
ecf5c2023085,1,10200.0,2
f3adaa6f133d,1,2700.0,0
b54f46cc8067,0,1000.0,0
ea8343ed1f7d,0,1100.0,3
9426ef7a1270,1,23975.0,3
fd063ac76971,0,8025.0,3
6e01d5ec3c87,0,5550.0,0
6448b15ed2e8,1,11400.0,2
27d35dc52bc0,1,13925.0,2
14292cea74ee,0,1050.0,2
b123957807d2,0,14325.0,3
5040853320df,0,2775.0,1
5d083d403553,0,1600.0,2
f5349072ff20,1,19125.0,3
2d6475ab9dcc,0,2225.0,2
bc46318f79f3,0,0.0,0
126808ec176c,0,7175.0,1
ad3424122fc2,0,500.0,1
6def85c059bd,1,2350.0,0
93fcc9867d03,1,1200.0,0
edff7fc606e3,0,1975.0,1
38b99b6aa836,0,3500.0,0
837c1c065cf8,0,825.0,0
eb2ad2a64723,0,8625.0,3
72ac8b1e3f52,1,4450.0,2
43dc08115c2a,0,10700.0,3
dd996a1db752,0,3625.0,1
9abfe0b80d80,0,6200.0,1
28190c0419da,1,3975.0,2
2e66362e1aac,0,3875.0,3
045c12a56241,0,17400.0,2
dfcc704a9537,1,4250.0,1
7909c8745d5b,1,4400.0,2
2e879273b679,1,625.0,1
4a29d43bff15,1,3400.0,0
84ba5a5d045c,0,775.0,2
8a9e3c63e9d4,0,8825.0,2
e6f48522ae0c,1,8450.0,1
b28d7bba1a43,0,1700.0,1
ff60a320c893,0,13850.0,2
e5ab51a39a38,0,9400.0,3
3f2c33ac0a3c,0,500.0,1
b83a165fad82,1,5200.0,1
c2080eeaa79b,1,18325.0,3
d29e6b1e823b,0,2050.0,1
6d21247070dd,0,6800.0,1
f8ad47ffada6,1,2700.0,2
b478de38c240,0,4050.0,0
46d36d115e57,0,1000.0,0
8e34c5da724a,1,10100.0,3
ead609d4c7a1,0,1500.0,1
78921e265580,0,7575.0,2
150d2d5e8533,1,17675.0,3
cbc150cb1fe4,1,5650.0,2
e9246e845b26,0,3000.0,2
da09ccdf90de,0,800.0,0
0e9f02e40f02,1,6300.0,0
72f691c34968,1,3900.0,0
481838a3dfcc,0,700.0,3
83cb9964655e,0,17200.0,1
f7f833d8746b,0,13150.0,2
42bde0ee3cd0,0,17000.0,2
a151818e10ee,0,4050.0,1
a1ab2670f590,0,3675.0,1
0f5c7798f11a,0,6075.0,3
c6303576b39a,0,7675.0,3
799bb985b406,1,4250.0,1
ad289d88cda9,1,7000.0,2
f34f47648785,0,3050.0,2
8a3ad47ad72e,1,1850.0,1
f93eb9c0c59d,0,15325.0,3
a976d4e14a7f,1,4700.0,3
afe27c50099e,1,6100.0,2
577bd6f5d3c2,1,2000.0,0
e60e4570ed3d,0,675.0,1
9008a3441751,0,15025.0,3
551bc68791dd,0,475.0,0
b601f355fbb1,0,850.0,1
bad3995494bc,0,6350.0,2
545bab00a8f9,1,6650.0,2
76f6a6a38702,1,9200.0,3
f037d73324c6,0,500.0,0
07e99fa23d40,0,12275.0,2
63582a9ae80d,1,1450.0,1
f55261b06bc5,1,42550.0,1
1a62abc43a02,0,1400.0,1
23be0dae1ecb,1,1525.0,0
467b782aaac4,1,625.0,0
11bf353289e9,0,1100.0,0
fbf458bd31df,0,13400.0,3
b3ee1adc97b0,0,1150.0,2
8ec73c4f719c,0,10175.0,2
61f9572dec14,0,1700.0,1
cd43a59713e0,0,1750.0,3
b5ace66c0551,0,26175.0,3
5d3cb52f2afc,1,2800.0,1
a8c96f29f2d3,0,2800.0,1
936598d64ea0,0,14375.0,2
f92fc58d7629,0,1050.0,3
bca4eb52282f,1,7225.0,2
7b02d06bad9a,0,900.0,0
034aa99187d3,0,26800.0,2
939be995e916,0,4600.0,3
1703d8526267,0,1650.0,0
162a17d4fe5d,0,20950.0,1
82b57f485f39,0,950.0,0
02e2bf10f6bd,1,3950.0,0
1cf4be830123,0,2500.0,3
8d217355a73d,0,1625.0,3
74cbdc9379c1,1,5200.0,1
561ff220619d,0,7250.0,1
a3144572b182,0,6375.0,3
f4d7512690c4,0,6075.0,3
7a8a64e78f54,1,8900.0,2
76de9a683ded,1,6375.0,3
aae665f7d00e,0,4675.0,2
27cf530af27a,1,8550.0,0
98730ec78d74,0,3300.0,0
df50cb37145a,1,5875.0,3
ad386a8e08b3,1,2000.0,1
04e1beea0db9,1,3525.0,3
380c25c9d932,0,3300.0,0
9c3df98ac277,1,2925.0,0
6875d9f16734,0,800.0,3
2d878a4176c9,1,20800.0,3
8e608ceb00a2,0,5950.0,1
0447629ca4ab,0,6625.0,2
d1abd3fe3daf,0,5250.0,2
8fd6e10c68ed,0,1550.0,1
97c5537fa884,0,1750.0,1
17e6b334bb78,0,18800.0,3
46fa39afb3c3,1,9875.0,0
c1fd4508f493,0,2475.0,1
0d3f425f5a99,0,4400.0,1
b6ac8e66a5e0,0,2700.0,1
ca81831ef26c,1,3075.0,2
e83b714e4b5f,0,9575.0,1
7f7fd32925d2,0,11525.0,2
acc2b5f3c092,1,1750.0,1
f3b168b22ca7,1,11075.0,2
fc72d3022d0c,0,1075.0,3
d2fde4c0f6fb,0,40250.0,1
fe854e9b0c8c,1,900.0,2
253047ca3f44,1,2175.0,0
21546d0a15ef,1,14675.0,2
c7366b1abae4,0,5000.0,1
bdd3a71bd213,0,9900.0,1
6f4c4ea846cd,0,2775.0,0
4903f8f377cc,0,9000.0,3
e5aa31a44e05,1,11500.0,2
424391cc04a2,1,2200.0,0
996b325fcbba,0,400.0,1
37c99c5694b7,1,32300.0,2
8db5a962f9d0,0,800.0,0
3f17e851901f,1,3175.0,1
963f4e0a1c69,0,8375.0,1
1f5ec836f242,0,12050.0,2
8774dd79f815,0,6000.0,2
c3ec4bed67fd,0,2250.0,3
638b8cafc28b,1,100.0,0
83be28484546,1,4475.0,1
7c5b57d262a0,0,8000.0,3
36084d029874,1,1300.0,0
5ecb95235058,1,1200.0,0
e78b788e4aba,0,1850.0,3
5ccc69671dfd,0,1225.0,3
a2ef5cdc5f07,1,3900.0,1
b4f156ef4fbb,0,7650.0,3
f41a42e6e781,0,1800.0,0
2887a553450a,1,7700.0,1
a6faadbfd2fb,0,5100.0,2
ef1938259ba6,0,5600.0,2
41f2817a1328,0,4875.0,1
3b8717aae14b,1,1300.0,2
04aa0b537334,1,4350.0,3
dd328786c157,0,1375.0,0
4951b4615b1d,0,4125.0,2
9fde4c90e498,1,11050.0,2
c1fa4e2f61c7,0,3600.0,3
7ae9b28b3bee,1,8400.0,3
d593ffb756e1,0,900.0,0
dc18fcd970e5,1,22600.0,1
b573642069c8,1,9200.0,3
61ed14450320,0,11075.0,3
05a4c8b77e27,0,6200.0,3
ae8c2ef7be39,0,2775.0,1
9fbc5d6dcc24,1,1675.0,0
1b13bee23f6f,0,1400.0,3
ce88c8ba2150,0,5250.0,3
941820a2477d,0,475.0,2
b8bba7b074cf,0,750.0,1
19c757762966,0,7350.0,3
931c8d37faaf,1,21075.0,3
68a05d7728d2,1,32425.0,3
1bfbb1d1fdd0,0,2975.0,2
a724f10652cf,1,14950.0,1
839b0169d0d3,1,13100.0,3
2624f9debda2,1,2400.0,2
2bb430fce448,1,12350.0,3
acc1fecdf22c,1,1425.0,1
b252ca35fd42,1,2500.0,1
7d2d883b4282,0,5675.0,2
d64bb32eb2a2,0,1200.0,2
1c1f402cbc8f,0,2200.0,1
0ead809f800f,1,12200.0,2
6ec41ec28efd,0,4950.0,2
88d288558a48,1,3950.0,2
08a169496f37,0,2900.0,2
4ec1b32d45a2,0,9475.0,3
caead9b95060,0,4950.0,3
56907a8aeed6,0,7325.0,2
d29945f18d0e,1,1200.0,0
b09d2f6481fd,0,39550.0,2
73af053a8481,1,1100.0,1
53e52b7c85aa,0,13950.0,2
c4541d0df682,0,30250.0,3
634fbb1385f3,0,2050.0,2
35577ebee8c4,0,750.0,0
c514a8daf7c9,1,54175.0,3
946e7461c811,1,10525.0,2
d4e7950946ae,1,30725.0,2
88157ed234b3,1,6200.0,2
68360cc2bdae,1,5450.0,0
ca281fd7ceee,1,3975.0,1
3ac9ac254512,0,20600.0,3
1eec0b867e15,1,9900.0,3
85cd3eac937e,1,2300.0,3
3a0df6d76730,1,8625.0,1
233156f7ca89,1,1300.0,0
0bd422f82cc0,0,19625.0,3
30e40f904a65,0,4250.0,1
323b59ce95ea,0,2875.0,3
0b14062e1e47,0,11800.0,3
9e915a300d1d,1,1725.0,1
38484d524054,0,950.0,0
32b74462aba3,1,26500.0,2
608487bf505e,1,1950.0,2
e78360d98e0d,0,1450.0,1
ad4f4351233a,0,6625.0,2
d76fcabeef85,0,17050.0,1
2536df3bcd6a,1,4650.0,2
5100de703e19,0,800.0,1
fae87e27ee93,1,7075.0,2
e9ad464e33cf,0,2400.0,2
186ae48adbac,0,1325.0,1
00a2725eb3f4,0,8550.0,2
2e7923d87147,1,875.0,0
a51231db6819,0,20275.0,3
9239ef6378cd,0,2450.0,0
8b02bf202758,0,2025.0,1
95fa40b2d4ec,1,1400.0,0
aa4f73ba0d55,0,625.0,1
d73df7f7223e,0,350.0,0
564d53ef8730,0,2700.0,1
8806f1b9c633,0,2075.0,0
8cd3ede58680,1,2175.0,0
72ec47d0aa0c,0,1000.0,0
6e4802b68437,1,1025.0,2
772ecd2e5935,1,3850.0,1
92dcfe621874,0,4200.0,1
6c3bd9171191,1,19400.0,2
f066678464e6,0,1200.0,0
7cef2379e6e8,0,5575.0,2
531ea8d4a023,0,12525.0,3
69c5ac6867bd,0,2800.0,1
87a7b8b30832,1,7000.0,2
5a5cce963fa1,0,3475.0,2
23a7a4d31801,0,17175.0,3
051fa1d0f677,0,13500.0,3
fbd9a5b35078,1,1075.0,2
7cf76ee3fd3e,1,15200.0,3
1c530b22e7dc,0,8975.0,2
34a6e9e8e377,1,19625.0,3
c5cc808c52e5,0,9375.0,3
7daf99f3d84c,0,9200.0,2
2e1c91af18b4,0,5725.0,2
ab2036177e7a,0,5150.0,2
6f8cf84d3a47,1,11225.0,1
152d8cc87b80,1,1350.0,0
fbe9f3b39aa2,0,1825.0,0
db09c5290de1,1,3800.0,1
bb92bef6dff7,0,19250.0,3
e70d3cf7131b,0,3775.0,1
e841a9dfeb98,1,4500.0,2
361e079d1476,0,2225.0,0
f07706d4645d,0,9000.0,2
4fdd7e3579de,1,3325.0,0
8453892aeeae,0,76200.0,3
2dee12832d22,1,92100.0,3
cbea7a73c71a,0,3075.0,2
e5f2b36203ad,1,16950.0,2
07342ebd82bb,0,21800.0,3
e3e980144ed3,0,525.0,2
9625d20d5fa9,1,25325.0,3
cedbf84803ea,0,7275.0,2
a3010f54ba63,0,1075.0,0
0c126cdcbb8d,0,3550.0,0
768408fb3a94,0,12275.0,2
c4643d7f11b7,0,1875.0,3
8448b76f0f24,0,100.0,0
97e99e2fba6e,0,650.0,0
9488fa2b164d,0,18925.0,1
d72c0f9724ab,0,2900.0,3
6e3c60be3e00,0,3375.0,3
a753d16f3b9f,0,700.0,0
fb0c2ce95672,1,400.0,0
3c19441a07d9,0,1300.0,0
b63abde7d443,0,10000.0,1
382b9f5079b1,0,5800.0,2
bb0e0ef4a587,1,2800.0,3
176ce93e3500,0,925.0,3
e48a38dcb983,0,2000.0,1
0b423170febb,0,4775.0,0
31e177d92caa,0,17375.0,3
5cf2e8fde517,0,200.0,0
eac2350a4c88,0,500.0,1
f0242d73f069,0,10100.0,3
d7e9f6a79e86,0,400.0,0
73994a5c652d,1,28900.0,3
2e014b015b42,0,3950.0,1
32e644051e88,0,500.0,1
f85542d7ad10,1,12500.0,2
6b20d6a6fbc9,0,2025.0,3
255ebb88d85c,0,28575.0,3
8af9a648ae3c,1,5750.0,3
f1d708df2420,0,1150.0,2
c3df5810247a,1,2075.0,3
f232aa48c081,1,5450.0,3
78cec5320c39,0,22225.0,3
ebf09ddfcb7e,0,1250.0,1
4121c969d20c,0,5700.0,3
b506ddcf420f,0,23600.0,2
36d5a3394adc,0,42925.0,1
9498ee481fce,0,1700.0,2
baade5c1d376,0,7850.0,2
a93ce81da1b4,1,7300.0,3
90665bd4607a,0,2250.0,1
3e7c44f1bb71,0,6175.0,2
27f6db1c06c5,0,21000.0,3
94fbfbbac285,0,900.0,1
a617098f7da1,0,2200.0,1
2d3a37e5d34c,0,17100.0,2
c5194551b74a,1,7775.0,3
dac19bad2d06,1,3125.0,1
aab3ecac0a27,1,27150.0,3
698979884b6a,1,1450.0,2
50fda0cf84cc,1,300.0,0
470ab614ad93,0,7200.0,3
033dc2a6508a,1,4050.0,0
e912f887d0ab,1,6525.0,1
fb95a9e6cffc,0,500.0,0
95ba2d6135e4,1,3700.0,1
2e4e70418448,1,2525.0,2
2e27bcd1b89f,0,9200.0,3
1f5ed6e1a0ec,0,1775.0,1
30bc90ceb086,0,100.0,1
5f0eeaabe5ef,0,0.0,1
a3e3a09e60f7,0,4900.0,0
82e95a9905e2,0,1775.0,0
ec32ca9a6794,1,2125.0,1
79294e7ac5e9,0,1250.0,2
3c6c1a847e17,0,250.0,1
1e34871edfc3,0,15875.0,1
7701f1962dc8,0,1200.0,0
644aa0261d7a,0,1700.0,0
6ade803e592e,1,2800.0,2
ea9a616172f0,0,3075.0,1
5ae355fd1d7f,0,2000.0,1
3b95dc78e38c,0,800.0,2
beb0bcfa78b7,0,975.0,1
c34fe5b90ec8,1,4225.0,3
db01ba6445a2,0,5750.0,2
4202b5a4fcd9,0,29350.0,2
e9bffc1f5de3,0,475.0,1
2bf6047326f3,0,29250.0,3
831afaad20e9,0,700.0,1
bd054dc8cf6c,1,3000.0,0
538d112e3e4d,0,4975.0,2
d9221ef607d9,0,250.0,0
783fb1772307,0,1650.0,1
c586728f0450,1,6800.0,2
b718f3beecf4,0,6500.0,1
0c8d7a19967f,0,3450.0,3
5ca791325153,0,21800.0,1
32b624ffaac8,1,1100.0,0
535a5ce166f0,0,550.0,1
d7fa7ffb04a2,0,3025.0,2
7a1702ae966a,1,30225.0,3
3b05600845b4,0,13400.0,3
32fc6c0c0bef,0,2050.0,1
a814c2b572fd,0,50.0,1
de54007b1912,0,350.0,1
9859de61b287,0,2700.0,2
7713868a2eab,1,18825.0,1
f9ae892e0ed4,0,4075.0,2
cd29dc6e8ce0,0,825.0,0
e9c1d3aeb4cc,0,1150.0,2
5b01c38ce412,1,24250.0,3
61f3676f67eb,0,38300.0,3
013075032dc4,0,10300.0,2
f17ed6ceedb3,1,4800.0,2
8713706af317,1,9525.0,3
5a2397aadfb2,1,1900.0,2
15e37bbd9d48,1,12325.0,1
8eb8f9042f20,1,1375.0,0
00de1873d6b7,0,4075.0,3
db8200f94639,0,3950.0,1
81f57b7499ae,0,1875.0,2
7a858072b640,1,11150.0,3
889580b70595,1,7900.0,3
4b26cb603c74,1,4450.0,2
01b27f6b4598,0,33600.0,2
81de25234757,1,1400.0,1
3d60e3ae0851,1,3025.0,3
54efab4e18f1,0,22925.0,3
080d4afe661f,0,1600.0,2
2853b6d74b9e,0,3900.0,1
24f4834ed467,0,3200.0,3
c8c6285ce6f2,1,9150.0,2
abf1f53b2364,0,3100.0,0
86f9c4af2f79,0,2725.0,2
9d81fe84500c,1,800.0,0
a8538f047e4c,0,6050.0,3
cc189ec47894,0,8825.0,2
d3fd72f1d3f6,0,35050.0,3
97b728ce01d7,1,18825.0,3
280f6bdad059,0,1700.0,1
6d70ebe42eae,0,7725.0,0
626d74c729e4,0,1650.0,1
b1af26a80032,1,4325.0,1
f5663ec4a119,1,1200.0,0
d1baad302255,0,5550.0,3
fe6887b76761,0,550.0,1
c08ed434d1ff,0,12850.0,3
c7c34391f701,0,2100.0,1
ac16cd2a2939,0,750.0,0
b61fa0eb878a,0,4600.0,3
deca28b2edf4,0,1700.0,2
d01951a4be4f,0,4050.0,3
144df0549ad2,1,6500.0,0
2c54bae05e1f,1,2600.0,2
e0776d2cb029,1,16325.0,3
1fa9b2b0d256,0,23900.0,2
903dc841e623,1,3375.0,3
a905409cf54a,1,10125.0,2
384310a63336,0,2675.0,1
8b6d3d03f366,0,2125.0,2
05d5288c0006,0,2200.0,3
22cfc6f38000,1,3950.0,1
b9d78ef54c3b,1,7975.0,1
8b806d449c06,0,2750.0,2
ca2339ad5b78,0,4325.0,3
7bd10dc37662,0,225.0,0
39ff2ee93900,0,300.0,0
fe4fbce4eff3,1,1950.0,1
4b22ec30e23e,0,6725.0,3
bc6baad588b3,0,3100.0,3
1b90ebbbf314,1,5350.0,0
cf69358d981d,0,0.0,0
ca17d4be4acc,0,2650.0,2
51bed64a6cf4,0,3450.0,1
10f820f5e1f5,0,5250.0,0
63859e7f0c8b,1,5450.0,0
a3ba35303d91,1,20325.0,3
c29bd8da22a5,0,2650.0,1
8d2dd2ab5cae,0,5750.0,1
1c8e627f7478,0,6775.0,1
ba6284af588a,0,150.0,0
3cbb31f6eb78,0,475.0,1
338105da4a97,0,2000.0,0
435596da7a98,0,5450.0,3
af0f11e76f42,0,15625.0,3
a8b098babc6b,1,3350.0,1
b0729e948638,1,19600.0,1
9f7abb66ca3e,1,4025.0,1
809e1aaa2d50,0,100.0,1
6fb24638ae9b,0,2875.0,2
3ba1ec69944e,0,1775.0,1
9b30bb4724b7,1,7675.0,3
f3cff731a1a7,1,3075.0,0
2bfa99ccfb57,0,6925.0,1
46727e5c19c6,0,1925.0,2
7df157d07950,1,4925.0,2
a3c4424b7308,0,9725.0,3
97d48249e991,0,50.0,0
317c83f906d4,0,7000.0,3
1426b64d9986,0,2275.0,3
1efd3c9ff218,1,2200.0,3
6571bf5dcbf6,0,20050.0,3
d59eb8d5e96c,0,3425.0,3
f0287941c513,0,2150.0,1
1769b0cecb1c,0,17000.0,2
eb7780752fee,0,1175.0,1
17e3c1978633,1,11800.0,1
0fa5218151c3,0,3300.0,0
af2bdd32ee80,0,2575.0,3
3f754e6676f8,0,3100.0,0
1ffe5c9ab448,1,5150.0,1
e271c0c6c18e,1,700.0,2
05ff38a2c8e1,0,6125.0,0
04ff507d8663,0,16475.0,3
143e4878e979,1,8800.0,2
d5bbd3775b82,0,900.0,0
cfd164f13bbe,0,10675.0,0
018f96578d5c,1,1550.0,1
118ef357e339,1,4625.0,1
6da4c8644213,0,6050.0,3
45e8ce48d8b0,0,31675.0,2
11c9fc959480,0,550.0,0
b3e46c14e64e,1,2125.0,0
acd468729171,1,800.0,0
756fe1850824,0,0.0,1
36ed4cddf3fc,1,9950.0,3
5911e6445460,0,37500.0,2
45aba217c3d9,1,2200.0,2
b6a8eda26675,0,26100.0,3
45f50dc0097a,0,4625.0,3
b1c1a6800c3d,0,4550.0,1
f1d58a631930,0,7525.0,2
334fe390f949,0,2700.0,3
e771e01c1645,1,3025.0,1
60f778f1b843,0,7600.0,3
4ae00e23f43c,0,6700.0,2
1de270daafca,0,2800.0,1
cf5a4c5b6225,1,700.0,3
59181f970eaf,0,3625.0,1
0b79b559142c,0,13375.0,3
36a943372a3a,1,12775.0,2
6981075637a7,0,5125.0,1
9cc084e636fe,0,2850.0,0
d3056816afad,1,5300.0,1
44e6cd195722,0,3250.0,1
a1a80f2f7eee,0,1450.0,1
dd590631c4b6,0,1350.0,2
b9276c66b3e1,0,1950.0,0
8a63722d1cb0,1,9450.0,2
fdfd4c63db36,0,225.0,0
19ddb8ecc69a,1,3200.0,1
9a6b2f91fc85,0,22225.0,3
16abb1d68bc5,0,950.0,0
cf4c98e855f2,0,26450.0,3
e5fefac89bb3,0,12050.0,3
c9cdbcc8c5c2,0,1675.0,2
33c2e86ea8c4,1,9525.0,2
0fa69b95dd04,1,1200.0,1
5a0d3ad89e05,0,5000.0,3
c92f3a9da665,0,1500.0,2
6557f759d8f2,0,2450.0,1
8f62702f6aef,0,6350.0,3
1da4f09b5568,1,9650.0,3
51338b3048b7,1,10000.0,2
4d8f9c198ff5,1,16825.0,2
777ced63efb2,0,200.0,0
47959de0b755,1,3350.0,2
c1030bfa5576,0,450.0,0
528a7b843398,0,6400.0,2
10de3f970611,0,16250.0,2
ac9672d15573,1,2425.0,1
a3097a60045d,1,12100.0,3
07a99f412c14,1,5000.0,1
a31e9d1b11dc,0,27250.0,3
7eb27320d71d,0,1400.0,3
28d9752aeaa2,0,1775.0,1
a5892ed02e90,0,450.0,0
04e9ec4128e7,1,8725.0,3
3aa854efaddc,1,17200.0,3
873ba473d07d,0,1400.0,0
834861b985a5,1,3225.0,0
056e0ecab7c9,0,54225.0,1
cdbca4405409,0,825.0,1
c4243b80f1fc,0,5400.0,3
a50d6d39580b,1,5650.0,2
f5842eea8aec,0,1875.0,0
83072e6e9a9e,0,2125.0,0
7133b34914d2,1,3750.0,2
881e5a56b102,0,1975.0,0
96395b224736,0,3450.0,2
18356937b0f2,1,1075.0,0
81f23b5aa3db,1,1550.0,0
0d0ec779a366,0,100.0,1
b8278d6b05ec,0,225.0,0
c8241e37acc4,0,26450.0,3
504146bea923,1,4850.0,2
704723c3119f,0,18175.0,3
d9422964927c,1,75600.0,3
1b6f377f0b5b,0,1500.0,2
14c2bf4a04eb,0,55525.0,3
33873c5ce68b,1,6875.0,1
7835fa4e0b10,1,11950.0,1
5ad84abbe385,0,3750.0,2
1b5082a8016c,1,5275.0,3
401c2c213088,1,5175.0,1
6565d851e385,0,12450.0,2
bf796b08389d,0,4875.0,2
1d8380e8ffde,0,2150.0,0
f6a175a0a745,0,450.0,0
6b921020fffe,0,550.0,3
8dbebe4104e2,0,8775.0,2
cf1fc9c21f8d,0,1450.0,2
a8704071efb9,0,5775.0,1
4f31cdac3659,0,4100.0,3
c872bf2ce04b,0,750.0,1
17d605bdb3a1,1,12450.0,3
7c2466891547,0,2825.0,2
62790dc96446,0,14500.0,3
d84f7a43cab5,1,1950.0,2
9dcfab1c1da5,1,2150.0,0
5be5bc34b4c3,1,3300.0,3
ca88c7a19ba4,0,26050.0,3
a9fca9255d6a,0,6600.0,2
05b46672f6bd,1,2825.0,0
cdb51167ee97,0,3650.0,2
d230016c12cb,0,22400.0,1
73f9360b5c0e,1,14450.0,2
688d23def56a,0,1950.0,0
014fc7a53c22,1,6375.0,1
21464ec49ad1,1,450.0,0
d5a65fc99d64,0,34200.0,2
598f9c9e3e88,0,1525.0,3
25e4b6f23d08,0,700.0,0
fc1e5f4a434a,0,5550.0,1
485e57d278e6,0,13325.0,2
a6d4fbfa4e55,1,7300.0,3
1d17cd8873e2,1,2625.0,3
9798b01a8f77,1,4450.0,2
b183992264e0,0,1925.0,3
af6d66703193,0,2000.0,0
e83a9d36273b,0,10825.0,2
8175cdafd38d,0,28350.0,3
07293b286eef,1,5000.0,2
f051a1098aa4,1,7300.0,3
c24caead472b,1,1925.0,2
ab751ebfd08d,0,1800.0,2
14ac013da955,0,14700.0,3
fcebc2291d19,0,1300.0,1
19f3fafd98f6,1,10175.0,3
572d8333bf11,1,2200.0,0
a19887efaca9,1,2375.0,0
4f5a626b3bf2,0,11775.0,3
2f7051213e75,1,2400.0,0
f1d5b0b5de75,1,1400.0,0
917d4ae38165,0,3025.0,3
2b8e2f412004,1,6575.0,1
7c80e96d294b,0,5625.0,3
8cd26c9a2f8f,1,19800.0,3
6c5688bf6c0f,1,8475.0,2
c26da7a3e0be,0,650.0,0
92b1a2fb248e,0,0.0,1
859e5f92d324,0,1675.0,3
da3057f5e807,0,1425.0,1
a6930af8e18f,1,8150.0,2
5aa4363b1053,0,4625.0,3
66050a2b06a9,0,12025.0,3
97cca86f2e3d,1,9825.0,3
a96aee1e4b5c,0,7600.0,0
3b68438d7dfb,0,1425.0,0
f13f5517167a,1,6400.0,3
4575941515c2,0,12000.0,1
90d24cc46e98,1,12825.0,3
53f32f3f7c7b,0,225.0,0
1f2b9d65f90d,1,2225.0,1
9a622027bfc2,0,2300.0,1
b9f2a6b08df3,1,17150.0,3
d59721e076c9,0,2500.0,1
21f71bd8ffd7,1,3750.0,3
6aa074fdf405,0,4725.0,3
31445e70a8a5,1,8300.0,3
35512b078404,0,100.0,0
7dbb6ce67f0d,0,1175.0,3
ee92d4af9480,0,7350.0,2
8e2bce9aa22e,0,3800.0,0
8aa21a0fbeef,0,250.0,3
5d5433954348,0,100.0,0
37052a45728b,1,10100.0,2
0d8ded106397,0,17900.0,3
a24e5a2250aa,0,4225.0,0
5c5627f31153,0,2500.0,2
c18c98831b11,1,600.0,1
b890db57ff78,1,3675.0,2
0299ff214203,1,10800.0,3
9a09d33ebb39,1,9100.0,3
6b3ac7e9094d,0,8300.0,3
190cf7bcebb2,0,2250.0,0
694d6e6a9aff,1,3675.0,1
8f099db205bc,0,3375.0,1
94703564237b,1,11400.0,0
98adc2a03191,0,4600.0,0
62162e4500dd,1,1850.0,0
335a81ef7312,1,700.0,0
d6d5e16a17bf,1,13150.0,3
6abf09038420,1,1925.0,0
1b7e5b60486a,0,19825.0,1
b0a83da08444,0,5750.0,3
73210f6174f5,0,12825.0,3
8acc316b2606,0,350.0,0
2e0d8adba6bf,0,1100.0,2
d1153df4ff7f,0,3950.0,0
015e52f988ea,0,12425.0,3
ae32868d631e,1,2150.0,1
6e7d3d3c8416,1,20750.0,2
353d72a0903f,0,8250.0,3
577a3fc72d51,0,800.0,1
9883a3385348,1,8800.0,1
206ad9aa6e59,0,21725.0,3
e888aabbbf2f,0,3650.0,0
48449a5d5c58,1,10450.0,2
28bcd9f3ff68,0,150.0,0
1fee0808bca0,0,3275.0,2
c227d128ce07,1,1700.0,2
b83bb83fe1ce,0,10375.0,3
79b8c538fbb3,0,1975.0,1
7cadb6df9435,0,13400.0,2
5b690d16ceb4,1,7350.0,2
65d5c08e4d06,0,4000.0,2
ad51c388839d,0,7800.0,0
70ef8d3a60b7,0,2925.0,1
64d15da5b9a1,0,8625.0,2
c2d456b4489e,0,2700.0,1
681fad3a9b1f,1,10550.0,3
be80f5b61bcc,0,3500.0,0
cabd5489b1c9,1,12300.0,3
26b24db94df3,0,11025.0,2
c3127bb90149,0,3675.0,1
eee884f3deb2,1,2000.0,0
776191241b1c,0,2225.0,1
ffdbd7758ba7,0,13375.0,3
fb6344c4dbd6,0,1375.0,1
87a069820f0b,1,1700.0,2
5717947af42f,1,32650.0,3
bf8e8d1f421f,0,10050.0,3
baf04e1ba1e0,1,3250.0,3
1aca1c88203c,1,1500.0,0
66662630c009,1,10975.0,3
65f369ebe14a,1,2225.0,0
429533ed9a7e,1,1350.0,0
d12622beb712,0,150.0,0
616944ed90ff,1,1700.0,1
cc43f3080704,1,7450.0,3
ac7ef64857df,0,27425.0,3
48aac4291787,0,650.0,1
763de685293a,1,2950.0,2
6fac959bb76b,1,32300.0,3
9685719cb0ee,0,350.0,0
a99ed67877a7,0,3125.0,1
1f40b0e0fb4a,1,10225.0,2
8b591e4e50c2,1,2700.0,1
e5c73c40f47c,0,2700.0,2
b06ed006d817,1,4950.0,2
5ae510ee6b71,0,2650.0,2
b306775890dd,1,3225.0,1
9e21e27eafb4,0,46725.0,3
9cf81890c3a3,1,575.0,0
6445a1f7094f,0,1650.0,0
0cc8117cbd6f,0,8125.0,2
958891e9dd36,0,400.0,1
a6650e0485f4,0,11225.0,2
3d445d90e27a,0,4525.0,1
32a957461c79,1,4450.0,3
d898daa27624,0,2000.0,1
cbfe68a68f59,1,6925.0,2
7251c65bead7,0,21475.0,2
f2d2410bdc18,1,20375.0,2
98d546656c65,0,16250.0,2
3863e781b084,1,6625.0,1
a317667f7d04,0,8125.0,2
ae326e65da94,1,1850.0,2
e61490de952c,0,31350.0,2
f3393ae09eb7,0,1625.0,1
fef3d8026504,0,4150.0,1
5871644857e8,0,200.0,0
e26e4dfd8e7c,0,1750.0,0
3cfc02907c0d,0,3200.0,1
a3301500878e,0,0.0,2
3f8d6aa7e233,0,29075.0,3
2c15b3295b17,1,1750.0,1
53faa72e2ebc,0,3450.0,2
65f738e885a8,0,4400.0,1
7f0dbcbcaf8b,1,10775.0,1
1539e13ef5ac,1,2600.0,1
e38ed7ad0b66,1,850.0,0
1e09ddd4d1a4,1,30400.0,3
af775347a50a,0,13025.0,3
c32299cda3bc,1,15500.0,3
3d2ab71fe3af,1,3950.0,3
35fafe53fee0,0,14150.0,2
e118cabb3666,0,1400.0,0
6059d794867f,1,6650.0,2
625993c76c88,1,2000.0,2
86f26b7f28be,0,50.0,1
d60acac9cd33,0,5100.0,2
5b5c82ffdb7e,0,250.0,2
46624c9f6605,1,5225.0,2
52b2b1276c0d,1,15925.0,3
e07138fc6483,0,200.0,1
3e4c3b0b8923,0,7200.0,0
729a05f4f73a,1,2225.0,1
334349d09535,0,4800.0,2
6f26c145667c,1,19850.0,2
8b1e8b5fa0e1,0,15500.0,3
08d24e570f04,0,3000.0,3
8f6eaab3435c,0,44725.0,3
6913e1bf7314,0,1000.0,1
b7e11e3e92db,1,35150.0,1
67b3f884bee6,0,4300.0,3
3d83bea931a0,0,1575.0,3
3715d1a39705,0,35850.0,2
92fb1d063605,0,6275.0,3
b47eb6d68cc4,0,3725.0,2
c0b3cbd30d99,1,5725.0,1
c7b230e8cebd,0,11400.0,2
c6c1326534c1,1,3250.0,3
fc702841a7ec,0,3550.0,2
2990de92cb0b,0,3625.0,2
c734eddce391,1,4050.0,2
d3bfb2396916,0,2825.0,1
d5e1be57b6ce,1,9250.0,2
5be5367aba7c,0,300.0,1
b29c944d9ad1,0,50650.0,3
c2f243d96068,0,2550.0,2
efdcfa06ae91,1,7700.0,2
703417ebadbe,1,8650.0,3
007904a6abb8,0,775.0,2
84d8cb066056,0,2600.0,0
01e04750d155,1,2625.0,2
8e1c7e9876c1,0,1225.0,0
0018f10724d9,0,7300.0,0
6331a677222d,1,200.0,0
711681495507,1,19375.0,3
5a8615114407,0,21925.0,2
b8dbd1a8b286,0,2275.0,3
3a59b6834bce,0,5875.0,2
d5b877da0497,0,3050.0,2
46f252b95f12,0,9325.0,2
7b60ba46ff62,0,1850.0,0
5f606a2602e7,1,1400.0,1
ad9e55e5eed7,0,4300.0,2
691c1eabf6f1,1,11225.0,1
dd4fedb952e1,0,13375.0,3
4e5f36d8f915,0,2500.0,0
8025f0118fc7,1,7150.0,3
75efbd36eeab,1,5325.0,3
5510ee27048e,1,3150.0,0
43f322dcb289,0,4950.0,2
51f512c99f16,0,725.0,1
5485ba5a1263,0,6000.0,0
730a27605939,0,12650.0,3
72c4fe575f6b,0,1425.0,0
9a4312d25a23,0,13375.0,0
0391c4786f19,0,1000.0,2
361f3bc14066,0,4300.0,3
10204bc8fc6f,0,1325.0,0
92ba81601bc4,0,1400.0,0
3932f4e4ead2,0,5625.0,2
215ff8752386,0,2650.0,2
52d8af0aff42,1,32175.0,1
a45c3199f678,1,1600.0,1
cb62c6a13a5b,0,7550.0,3
78d50b1c6d9e,0,1800.0,1
021ffdf1f126,0,950.0,1
b831e472fcfa,1,35600.0,3
80cb5521e652,1,1800.0,0
f2d826fbac67,1,1100.0,0
481c7d481cdb,0,33075.0,2
128bf09801ec,0,8975.0,3
2659075f0ec5,0,200.0,1
e1d6fbe88db4,1,2675.0,0
15f2f1e23a5a,0,3600.0,2
3e1058193fbd,0,1850.0,1
4777946c53b1,1,3950.0,0
382fcf2cb8ad,0,1225.0,1
335262679caf,1,8800.0,3
b35e30717999,0,13775.0,3
77316bb27b2c,0,2350.0,1
3e1c6e918fff,0,12150.0,3
af4b057bb697,0,5450.0,1
dc5db99339a2,0,27675.0,2
9f3c8f8144b1,0,5675.0,0
5212b64e4576,1,3000.0,2
2fee32d6005b,0,20700.0,3
24bcd41e9b49,0,800.0,1
9cc292b98bff,1,3100.0,1
dd45dba27adf,1,16225.0,0
a27d4930d657,0,23450.0,3
126804d922d8,1,2700.0,3
8e6c2bd03105,1,1200.0,0
5d9c8cd7236b,0,750.0,0
429135c6c32a,1,13425.0,3
44c9a11a99e9,1,12700.0,2
6be2e47e149f,0,2475.0,2
017513699fff,0,6850.0,0
f6a688f17cf1,0,950.0,3
7f4f6d438ecb,0,16750.0,2
9434428a545a,0,7350.0,3
d961a0c09335,1,1100.0,2
2e697e07b4ed,0,2475.0,0
8c3227e93c03,0,400.0,0
659fc790d990,0,7125.0,1
d01bdd8ce658,1,5675.0,2
ceab74c87664,0,150.0,0
867a02e6621f,0,100.0,2
845e7354e569,1,11900.0,1
48811154104f,1,4375.0,1
b7fa9758f782,0,1475.0,2
d7577919c432,0,1000.0,2
13955a94df41,1,2750.0,0
296444fd6aa0,1,24350.0,3
d3eafd72bb5c,1,2500.0,2
f779010cb86d,0,3650.0,2
05569d489e52,0,5350.0,1
c4233ede0a4d,1,2525.0,0
992764ecbb05,0,4100.0,3
3db3674a6aae,0,8925.0,2
fe7ba5c3f002,0,4725.0,0
6717d66882f4,0,100.0,0
81ceb84710f3,0,12450.0,0
6949e8444b41,1,54600.0,3
f643b37051b4,0,27425.0,3
e2880f0b29b4,0,1200.0,1
742b14f9f3a0,0,27125.0,3
4ac7c1c058e9,1,950.0,1
25d5760129f4,0,1800.0,1
9f64bf198121,0,5075.0,2
088a56944c17,0,1350.0,1
90681b48e4c2,0,1900.0,0
011e1e3a5101,0,350.0,1
5180d0b7cc41,0,3200.0,0
60e9499c0536,0,1250.0,1
ec051eb410e4,0,23550.0,2
402e3bec4a01,0,2500.0,0
2547cb8cc0cd,1,2250.0,0
e2ece49fc7fd,1,55650.0,3
9556dd49d79a,1,9300.0,1
56655982ff74,0,100.0,0
c146b76cfa89,1,7325.0,3
0787327aaea5,0,3000.0,0
a7b2c5ac00fb,1,3900.0,2
442d13cff55f,1,1525.0,1
dd90eaeb1fb6,1,9925.0,3
a98e02f66f1d,0,9400.0,2
3c1e6d603827,1,5050.0,2
2305bfe8ee37,1,19400.0,1
707d7712991d,1,300.0,2
8b7a3a7bb515,0,5125.0,2
2d3d7ace4aea,1,18425.0,2
92009055c808,0,2850.0,3
82c388ec587b,1,1400.0,3
18a9e085a2f9,0,1450.0,0
9eb4df61ff58,0,1150.0,1
2a66e539b0dd,1,6500.0,2
483cd2ea4c4b,0,600.0,2
22968a166c0e,0,1400.0,0
9bb0c5a1d0eb,0,6050.0,0
0284bc366c06,1,1300.0,0
5c06b4378f8e,0,5250.0,2
43089e5d215b,0,1500.0,2
663997101c72,0,4050.0,3
7ad1dd271086,0,3200.0,0
7e4f64e9a798,0,1725.0,1
1d4a828beb85,0,6225.0,1
faf88b3e61b2,1,6425.0,2
24ea82038b7a,1,14700.0,3
6464c6759401,0,3175.0,1
454f8b04fb12,0,2050.0,1
f3544b475f1a,0,17375.0,3
0c3aefbc61ac,1,1100.0,0
4cd7beb26852,1,10900.0,3
e6868daa8df7,1,6425.0,3
70888b7d4dfb,0,11125.0,2
a300ae634d23,0,10300.0,2
342e999fc2b0,0,9375.0,2
c67034a8a8f9,0,12250.0,0
851f879e3127,0,19250.0,2
a2e1c80b4548,0,20975.0,2
d5b6e3505ab2,1,2750.0,0
67c7b0ecfffe,1,4325.0,2
573ef8d8cd99,1,600.0,0
f0867fef6a63,0,4550.0,3
5f8076f6b921,1,600.0,0
b9cced29e110,1,12950.0,3
b3427dbcaee0,0,1750.0,0
ee5b121a5037,1,12800.0,2
600905b96b71,1,8975.0,3
cb3afc11dc86,1,15550.0,3
fff869cba551,0,2350.0,1
b593ecd37e85,0,4075.0,3
8bf9bca03099,1,17900.0,3
24056c016731,0,1950.0,1
d4038b8fab23,0,1800.0,3
b750f88e7100,0,8300.0,1
aa12537b7f5e,0,950.0,1
38c05cbbde48,1,6725.0,1
18767e42d9fa,0,1200.0,1
0aa61f752577,0,8350.0,2
a8c68f370a99,0,100.0,0
0abda68adfa9,0,2700.0,3
2ceaddf328b8,1,21125.0,3
3569b04ab0bf,0,13175.0,2
e83bf81ca28e,0,1250.0,0
5f357a862203,1,2375.0,2
b8ba26e3d8bb,0,7300.0,1
3fd0556c5811,0,9275.0,2
f7853249dc8e,0,1525.0,2
25803290fe85,0,15500.0,3
f283b3a46d77,1,12350.0,3
38ad1f0d6484,0,2650.0,0
9cf3873710e6,0,8650.0,3
40794047dfae,0,1750.0,0
cd10ff27736f,0,3525.0,2
6c92e7bf8182,1,9150.0,3
62c4bda42520,0,825.0,0
97c7f32a2c84,1,4350.0,2
611755db30aa,0,1950.0,0
c30d46acaf1e,0,2725.0,2
eddf09408d9d,0,3600.0,1
89822552ca36,0,44800.0,3
14c97b368730,0,7350.0,2
b9d663e41ec7,0,50.0,0
85c7abe8b31c,0,10550.0,1
6aa1c56ffb00,1,9650.0,0
cb1b991f527b,1,800.0,0
8d756aa98cfe,0,5750.0,2
9a96ea1e954f,0,200.0,1
49f496de3591,0,7600.0,3
b80a26c7d91a,0,11300.0,2
a17437906cbe,0,50.0,0
432e3d232107,0,1125.0,0
56c0da6a87a9,0,22925.0,3
16c2a0272c91,0,675.0,1
0bce0977a04f,1,1300.0,0
5b9087360e79,0,4875.0,3
912ba76f5926,0,2175.0,1
b71495ae2bf8,1,3325.0,3
07ee73a6b089,0,525.0,1
b0252c18246d,0,2650.0,0
3e860887de31,0,5325.0,2
a0d2a1b0a4d4,1,1400.0,0
ba1059d1c794,0,11175.0,1
71eb94df6603,0,150.0,1
19c400f6096c,1,1850.0,1
579250ed85b5,1,3225.0,2
d8633a70a2c7,1,8800.0,3
645e1c444c4b,0,550.0,0
da2b23ea7af9,0,7125.0,3
9f349a1feffa,0,10900.0,3
27ee3d531441,0,450.0,1
d50ef1cca104,0,1400.0,0
2adf91719919,1,3275.0,1
809553e54e94,0,2675.0,2
4edab2a73ecc,0,2775.0,2
6f63a55b0120,0,37725.0,3
199c1d4955fd,0,600.0,0
99a20fd60d0e,0,200.0,3
af8d0482059a,1,6425.0,2
15e83a4b4cfe,1,1475.0,1
f5edbcd363c6,0,1675.0,2
b09d1382e945,0,1550.0,0
5d713a6e0054,1,10700.0,3
de38ba07d77d,1,2175.0,0
b5d2d864381f,1,500.0,0
8a5f84219bcd,1,8550.0,3
5c1e56e8fa6e,0,4000.0,2
ee33788ad37b,0,3000.0,3
7306b83dc4de,0,7800.0,3
bd27ecae120d,0,400.0,2
ae594f4d5140,0,7325.0,3
3edae87b5123,0,18600.0,2
95e88165d5fb,0,6925.0,1
5a0ee645baef,0,3350.0,0
d313b73346fc,0,900.0,0
19d83b1ed131,0,17150.0,1
3fb557d504fd,0,29425.0,2
24bf1b55fb20,0,825.0,0
fd70afc36ddd,1,900.0,0
8e629cf45e99,1,10575.0,2
66f187b62d9c,1,700.0,2
210ab5d69855,1,1550.0,0
dd0b2477cc5a,0,3575.0,2
255753ac3adc,0,5000.0,1
b16dd254f8e1,1,12100.0,2
6c8d207d35f4,1,7550.0,0
80f32c2658ee,0,600.0,0
f13debeee6e0,1,900.0,3
58e966411ff9,0,0.0,0
df634d5514fd,0,100.0,0
c42f12af628a,0,2825.0,0
621940c3f3d9,0,5775.0,3
df784fe4b67c,0,1200.0,1
bf5fb5376d4b,1,700.0,2
4a8c0d7287d8,0,4575.0,1
f61f0ed3d887,1,300.0,0
7db8114dc2b3,0,100.0,1
ffa8302b655c,0,11275.0,3
2ee7a0f27201,0,400.0,1
62cb517461ee,0,200.0,0
271a10d5db46,0,4600.0,2
489e75e139fc,0,9850.0,2
a6c9c0b8b923,0,14350.0,1
2faef9cc2a2d,1,23800.0,3
3737d30feeeb,0,31575.0,3
5a2db29ce510,1,27450.0,2
19c125c6b858,0,20175.0,0
e0d7a951c574,0,0.0,3
177d1a1ad0d0,1,2925.0,1
0d76ceb844a5,0,6800.0,3
99a794736c14,0,3100.0,0
288a1f5cf322,1,11475.0,3
5b87d74880cd,0,2900.0,2
dfb598b1074f,1,20225.0,3
acca8d2426a0,0,150.0,2
d015e7f15970,1,10100.0,3
98209aaf364e,0,1375.0,0
a89c502d593b,1,325.0,0
2c56b5fffc61,1,15775.0,2
3fccc42424dc,0,3975.0,1
eeeb2507fe26,0,425.0,1
39b368767100,1,6975.0,3
7e97a95d8fc1,0,10250.0,3
35abeaefeb3d,1,21475.0,3
1cc48523fc2b,1,12025.0,3
996390627ea1,0,3075.0,0
e8a56b144980,0,26875.0,3
a5bac526e827,1,3100.0,2
e36b4e0e111d,1,1450.0,2
5d7b742b411a,0,2025.0,0
173ed37add72,1,1925.0,0
c50036417a9a,0,700.0,1
04e559675ca6,0,7850.0,3
91941abf0b33,0,16050.0,3
04770346c2aa,0,24175.0,2
3f3f4996988a,1,5050.0,1
d4bf95fa0db0,1,5325.0,2
b4ffa12f4df4,1,2300.0,0
1ede9cc40da0,0,4500.0,2
453c8564a894,1,5950.0,2
b599040ef854,0,6775.0,1
3beb5c3d5d15,0,12375.0,3
46787e105908,1,32725.0,2
54e4523153d1,0,2300.0,0
fd826ea3abd2,0,500.0,3
4baa71ad32ca,1,1200.0,0
0e8ee85c80b7,0,4200.0,1
8f4942b28b52,0,1225.0,2
23a1e07174f3,0,22500.0,0
0311085fac29,0,5350.0,3
01b72ea1a3b5,0,6450.0,2
c84ecd95d16f,0,275.0,0
4461a6722ecd,0,2375.0,3
4caa05d37e64,0,3275.0,3
53354170dbb6,0,4100.0,0
84d8b3afe1be,1,5825.0,0
9912edb2eda4,1,2775.0,2
b0ff0945f456,0,14000.0,0
ce2bd7ee4276,1,3050.0,1
79512acf3855,0,28400.0,3
4a1375c3896b,0,7550.0,3
bcc3bcf3a8ac,0,13450.0,3
9c11bf4dbed5,1,5375.0,1
629f79a4e739,1,16225.0,2
c2a8aec39ce7,1,17750.0,3
5690e77bd839,0,1700.0,0
ca76c2e892aa,1,2450.0,2
38d467374c87,0,7900.0,2
e9ac7d2b90db,0,7275.0,3
264d2d41b35d,0,2850.0,1
6e434389095c,0,5200.0,3
b40fd2f14c13,1,25425.0,3
66386368406b,1,6650.0,1
391f3846cf79,0,2450.0,0
9c4f9a5ca45d,0,19425.0,2
3eb15d9f0fad,0,14600.0,3
7f937954039b,0,36100.0,3
ddda9e5cad29,0,1600.0,1
21aba9b82b94,1,6775.0,2
f183762b6ac0,1,3900.0,3
738b1b7e8319,0,2000.0,1
7e5e0eff81a1,0,5500.0,2
5ea9efc8e518,1,10850.0,3
099ac9990be8,0,8050.0,2
8a0079c2f018,0,2550.0,2
3c4695e17795,0,2050.0,1
d71d65961674,0,2400.0,2
c728634bfa6b,0,18875.0,1
e918d8714b88,0,350.0,0
3fd4ab080877,0,5750.0,2
b33dd609ece2,0,2850.0,2
abc6b3913f08,0,15400.0,3
7e3cef897568,1,925.0,1
479171bb3f19,1,32925.0,2
86b4c82f2c9f,0,5950.0,2
570246e38802,0,12975.0,1
09f2e1b47da9,1,1025.0,1
4d3b353ae3c4,1,4425.0,2
9b63be9f1cb2,0,2600.0,1
711b67c2d95b,0,275.0,1
14eecb72bae8,0,2300.0,0
90dafe1a6444,1,12575.0,3
f26605c7331a,1,11100.0,3
1ecf50ceede4,0,3100.0,1
3c4cfcf25550,0,4150.0,1
b362c518e522,1,2525.0,1
5bc60b955e8b,1,5100.0,3
c3ac4838e6cb,0,19075.0,2
03d968c3a64a,0,2475.0,0
11a8a2990520,0,1000.0,1
fb5a3e0d8cf3,0,11475.0,3
a11233862cf5,0,23050.0,3
27f9db81e31b,0,900.0,2
ce25f6b9f0d9,1,8100.0,2
c828c4c61f8d,0,17100.0,1
013f9f501625,1,4400.0,2
4ea839339ec3,0,15950.0,2
257f908bdf54,0,15000.0,2
a3c4c5fc0d56,1,16400.0,3
68d91690b598,1,25825.0,3
503383abbc10,1,2900.0,3
866affe87b26,0,8000.0,2
b66f64c93ea9,1,4175.0,0
016b858bc6fa,1,19325.0,2
94c6e9684fda,1,4475.0,2
78804ca7faa2,0,17900.0,1
40f0b92bffce,1,3300.0,1
a842afd1fe61,1,8075.0,3
117fc7947148,1,3200.0,1
4e7de7a15f44,1,18125.0,3
bd1ad1f4f5b1,0,3250.0,2
d37351a6e1e7,0,3200.0,1
d94d031de683,0,15800.0,2
85d74298c32f,0,875.0,1
505db5a490fa,0,12275.0,3
f761e04a4506,0,800.0,2
5097a066346f,0,3850.0,1
e9e64e95bf7f,0,22975.0,3
7f4d8de91c1a,0,1900.0,1
0dbbebd66e84,1,8250.0,2
a34db07cb510,1,1200.0,1
809ada1dc516,0,10400.0,2
b706062db4cb,1,10150.0,2
f6e22c31ea48,0,5300.0,1
09f979d762d9,0,2525.0,3
029b6bc4eadd,1,31400.0,2
41c37b8cd268,1,5525.0,1
04b764830444,1,3225.0,1
7b300de01e36,0,1000.0,0
1c9fbede7754,1,10550.0,3
c2aa271a470d,0,100.0,0
c20eaa5ce626,0,26450.0,3
2eeb5ea2ff3f,0,3000.0,3
45fd74adc89d,1,13925.0,3
c1cd39ba7a7e,0,2500.0,0
a62a1c690f35,1,3425.0,0
38d870b9f90c,0,2175.0,0
1cd65b2e330d,0,15225.0,2
ce8c4755ef6b,1,1275.0,2
e24dfe2dd168,0,2200.0,1
b21dd6736911,0,1925.0,1
c56f8a76c8ba,1,2725.0,1
710526973f12,0,15875.0,2
923b676512ba,0,4575.0,1
da17b39de7aa,1,5650.0,2
a420605c7a6d,1,2950.0,0
792a4bd00e18,0,1675.0,3
54319b5e7080,1,8900.0,1
96954b88d1f8,0,600.0,0
ee558293a9b4,0,21450.0,3
92339028358c,0,1675.0,2
e1bb156f55f1,1,9725.0,3
3ae8b14450e6,0,125.0,0
d7c721b83eca,1,16850.0,2
41d6371b5394,1,1800.0,0
2ffbe80e51da,0,16325.0,3
01da00c9dbd5,1,4550.0,1
84b406e3b988,0,6650.0,3
a6c9b794acf4,0,1000.0,2
76b910f3a194,0,375.0,1
ca7f346688ac,1,11975.0,2
f1fc566264a5,0,300.0,0
61cdab361ac7,0,27475.0,3
04eb87e38735,1,21575.0,3
08ee0f0e9e6d,0,27700.0,2
d7bb65e8b813,0,2875.0,1
fb982df5bfc9,0,625.0,0
e51667c014db,0,6825.0,1
1d09ea1185e8,1,600.0,1
4ebf94d5688e,1,3750.0,1
0cf8d54ffc0d,1,5550.0,0
db54338262fd,1,6950.0,3
0e90cdc7e12b,0,4900.0,0
32a62eea3f69,1,1400.0,3
8430730a223b,1,18000.0,2
5f2ca6459379,0,14550.0,3
a0aec9ee91b8,0,5975.0,3
c61718860567,1,11600.0,0
abfcf7364443,1,2650.0,3
df221dedee58,0,3950.0,1
df20751c321c,1,2875.0,0
47e584918ab7,0,1500.0,1
434bfffb3fee,0,13325.0,1
ae666db4b4a9,1,3075.0,2
c58ef7c50630,0,2300.0,2
e4741e0a632b,0,23625.0,3
9a1edce11445,1,2400.0,1
8bd730eeb499,0,20150.0,3
b32ac79ff8b9,1,6300.0,1
360e974e895e,1,1800.0,0
ad2309675f00,0,3750.0,2
497da5adf487,0,2900.0,0
dfad1ad1d0a3,0,20600.0,3
bd8c7a039fd8,0,3725.0,2
b527c32801c1,0,200.0,0
a86ddcb0e6a8,0,2925.0,1
3912cac2a6c3,1,3475.0,1
1a1e5635843a,1,5900.0,2
aa89a1c4ceed,0,2850.0,0
c761e70b9595,0,4275.0,2
0ad822adfab7,1,600.0,0
d81ddaffaa9a,0,200.0,1
9c9690ccea07,0,2625.0,1
e3bd8887b5d7,0,3450.0,0
6d8ed1c04f14,1,8500.0,1
b018d88fa783,0,3000.0,3
99c94eb999df,0,2375.0,2
b6b893118bc3,0,4875.0,0
dd5be2b48e55,1,2525.0,2
2d82f71c129e,0,7075.0,1
9e2b5ba0fae1,0,12400.0,3
64a075d4365e,0,300.0,0
9e8291405fad,1,2400.0,2
c5319ae56cfc,0,3775.0,0
78fe138d1cb0,0,2125.0,0
406f0c39d7ef,0,800.0,2
20bfeeb7c80b,1,1525.0,1
d24a02045f8f,0,7900.0,2
54dbadf43251,0,8700.0,2
654e6ce60795,0,1200.0,1
6cd01e7f31e8,1,16450.0,3
6a3f8c2008e0,0,24525.0,3
ff516faaa109,0,8825.0,3
962df5046c12,0,4975.0,2
533fd28f26f0,0,1825.0,1
add6af23da89,0,15125.0,2
b019bbbb77f9,1,300.0,1
7833c6f913a0,0,3175.0,3
7ba71bc57917,1,6450.0,2
e6490ace43b5,0,5300.0,3
1f1df22ae474,0,21800.0,3
dee9472f2277,0,12325.0,3
63942f050708,0,10550.0,1
ff898501e6bd,0,31100.0,3
fb41790b10fd,0,3900.0,0
6299574efb2b,0,23725.0,3
82b5831f87a5,1,20125.0,2
0e9e33f7fd3b,1,1200.0,0
d64cc52ffc34,0,35475.0,1
29166fe86a2f,0,1675.0,2
821511f612ac,1,2000.0,0
5a62e690fb53,0,31750.0,3
e74a98c5d852,1,10950.0,3
dce719358a23,0,50.0,0
4f3f85874974,0,2125.0,2
2a4a6e3794c1,1,3700.0,1
547c8de14117,1,3850.0,1
7e2d1acd6b44,0,18275.0,2
a21fc42fecb9,1,5150.0,1
482250aef126,1,2550.0,0
5d0be4434e2d,0,6450.0,3
05424ad18e7b,0,1050.0,1
a6ac24f8f5ae,1,7000.0,2
c9c1f0e7468f,0,1275.0,2
ff902581cce5,0,50.0,1
108e7f35a3e3,1,1925.0,0
4f3e458b1912,1,5475.0,1
c70e658ac868,0,1775.0,0
ad53ad348172,0,2350.0,0
ea3effddfeb0,0,850.0,0
56485daad445,0,1900.0,0
521e75f79d88,1,6550.0,2
74caa726c0dd,0,5500.0,1
b329e2efdf71,1,1650.0,0
5bf44e4f1991,0,18400.0,3
bfcec4737dd8,0,200.0,2
e6a8793d3f79,0,4275.0,1
f2991bbc8190,0,11700.0,3
be38a82b28fb,1,7100.0,3
370eaa22a17a,0,20125.0,3
69b04ef43465,0,2600.0,0
f0bb4c8b0440,1,1625.0,0
06141c1db1c6,0,2100.0,2
0fe95c34c516,1,44275.0,3
54fb484ec35b,0,10150.0,3
04cb7583215c,0,1100.0,3
9284a677ff01,1,1300.0,0
2c6be4a76462,0,2050.0,2
a2a4d4f77c8b,0,975.0,1
59338a939574,0,6275.0,3
8f159faa152b,0,0.0,1
ef7c65298d6c,0,12075.0,3
1e3bfd3ac759,0,825.0,2
ee70f200cc60,0,1450.0,0
c5d203fa931a,1,8025.0,2
490d7a3f3e5f,1,1100.0,2
71e439f98492,1,5200.0,0
c2a7c480f10e,0,225.0,0
0a7c88fbb744,1,1625.0,0
90f44dbe8df5,1,8650.0,2
90c04fd98edb,0,3075.0,1
1526c39e004c,1,6925.0,0
9fd8df547922,0,2875.0,0
6e18c26402eb,0,18900.0,2
1ea119902bed,0,0.0,0
cfcc195e32ec,0,3625.0,1
0fcbf41263ce,0,5525.0,3
278a702d194b,1,2750.0,3
bb936418aa67,1,1900.0,0
cd5c18ddb2b2,0,7625.0,2
8e4f7a17acc2,1,2950.0,2
0e2092496adb,0,1850.0,2
22a9c7e09a9b,1,2375.0,0
ce3a4f0ee114,0,150.0,0
94931d1528c5,1,700.0,0
8aeda28c5c91,1,1600.0,0
cc15a0ef1706,0,6300.0,1
9dd420734db4,0,6650.0,3
672653b38286,0,275.0,2
b6083a80bc3d,1,11875.0,2
0ad4cba5854d,0,3825.0,2
5e96ea62c849,0,3550.0,1
9d89de4b548a,0,11850.0,3
b714281c1ec8,1,24825.0,3
d163fb5d77e4,1,29350.0,2
1c6ac879742e,1,6675.0,3
7520042f2aad,0,3625.0,3
9d94acb2b129,0,2975.0,3
b78a833db7ae,0,2450.0,0
c462032a02bd,0,4575.0,2
bdde5de4d021,1,5850.0,2
63fd92d3e7c8,0,4600.0,2
57526fb6e26d,0,1750.0,1
2179e5cbf6f7,0,5275.0,2
70753dd793f8,0,15200.0,1
9f056fa0851c,1,6450.0,1
4dc818fc97ed,1,13825.0,3
a962474036a9,1,3825.0,2
89357dc40947,0,17500.0,2
130f4c08d013,1,12275.0,3
7e3eab42236e,1,4100.0,1
70e25c3e8224,1,2275.0,1
68d75be9b849,1,2300.0,0
c75fd53bcfce,0,8900.0,2
3b726c0f5cf9,0,7625.0,3
004f03b12e5e,0,350.0,1
f834c4032131,0,450.0,1
55a318697263,1,2925.0,1
d485d6aae904,0,13825.0,2
5c6e3e05f544,1,2500.0,2
62150617444a,0,5350.0,1
26654529b134,0,1900.0,1
fb6b86cc6076,0,1850.0,2
29f5a85b825a,0,50.0,1
3a03db7db7b3,1,1100.0,0
d61f4087e093,1,7875.0,2
6f2f6549ce40,1,50425.0,2
b24871031173,0,4775.0,0
648b4e856c19,0,15875.0,3
a53b294b705a,1,10925.0,1
ee33e45244a0,0,2100.0,1
1dfc7e4a0ea5,1,2250.0,1
9150ae6b05c8,1,13150.0,1
a89f0ce44db9,0,1425.0,0
e6b45ea467c4,1,17450.0,1
b2ba895cde0b,1,7500.0,2
3edf783a3a04,1,5550.0,2
e1a2cbfaecec,0,1900.0,0
6a49e083933c,0,10175.0,3
a2c0cc5888d6,1,1825.0,1
c7c338ab3489,0,3725.0,3
03582376dd2f,1,2125.0,2
6c21cd61d52b,0,12375.0,2
d2737715a0ca,0,1525.0,1
970e09db7526,1,3675.0,1
ab20a9688647,0,150.0,1
5e0e29e1c97d,1,6725.0,3
9a98a7e8d38c,1,11425.0,2
f91a850ca6d1,1,27775.0,3
660a2659dbe1,1,10975.0,0
e76a68ea1540,0,6950.0,2
2430121f2f38,0,5050.0,1
a5b3ad86b5a9,1,2325.0,1
9f3aae981b44,0,200.0,1
6d2ce9bc5730,0,11600.0,2
39cb97b93cc4,0,8150.0,0
cffd674a40c2,0,3800.0,3
d2e5c808f789,1,1675.0,1
0a234c1b7b2c,0,1275.0,1
0ce87cb87f3b,0,11000.0,3
35f9f7d4e077,0,8400.0,1
2fddb750a961,1,7500.0,3
4185ebb69e78,1,6750.0,2
bf666327e1ba,0,3400.0,0
6db705ab2ca4,0,2225.0,0
b4a76a1bda76,0,18750.0,3
ef4ecbcba22f,1,4250.0,2
cea0bb764c63,0,8075.0,3
6bf40ca14ed9,0,4800.0,3
688aeb76e292,0,1900.0,0
9039918640df,1,1700.0,0
83684465947f,0,800.0,1
da2220f42735,1,10600.0,3
2cd60e953c73,1,14850.0,3
9ab12faf1562,0,42500.0,1
4ad2f31f367e,1,1875.0,0
2ad1ded9d430,1,12675.0,3
a92a8ba1ed54,1,14850.0,2
f3f6abb06c2f,0,1300.0,2
bd4011d32560,1,700.0,0
a51dc583a4ee,0,9475.0,2
10eef183a72d,0,10500.0,1
76d0909ad77f,1,950.0,1
f5994bb68f0e,0,7000.0,1
82addd972ff6,0,3000.0,0
dbfff92f9b8f,0,12475.0,2
e0237fd951f7,0,8550.0,2
bb4649f49d65,0,8950.0,3
1c551d67b9c8,1,3500.0,3
8b16eaef0b0f,0,750.0,3
881f45ee096d,0,2075.0,2
aa9de56dc51c,0,1600.0,2
b00521b8bd30,0,30925.0,3
6ce18c76bccd,0,3100.0,0
16e119d9d0b7,0,29725.0,1
3c8eaf0f4f19,1,6075.0,1
932c6c889f5b,1,14650.0,1
5515e3961dbb,0,3050.0,0
5de7758d39c4,0,12100.0,3
3cb72ea77d4c,0,2950.0,1
0e89c02d2c9e,0,12550.0,3
ae0aa67bb768,1,8700.0,1
cc4a294f4d7e,0,6425.0,3
d2ff35c8633f,0,39450.0,3
4b7a2e758154,1,50100.0,3
4cbdc13a82d7,1,3575.0,3
4e9f362fc78e,1,11150.0,1
79089ad760a5,1,8675.0,1
37a3073fb06b,0,25775.0,2
89efafcf1ae8,0,3325.0,2
d369ea8bc23f,0,11950.0,3
b0bba50d7ad6,0,8800.0,2
220001c0f0c6,1,2950.0,1
b383503febd1,0,1050.0,1
1cb445c3249a,0,17500.0,2
bfd024a6160d,1,1725.0,0
3e639a2c3d6f,1,500.0,2
c66e53f13cb3,0,4075.0,3
a952e7fda31a,0,1725.0,1
bf3cbf0c0154,0,34450.0,3
f11b08d91c59,1,2825.0,1
9d5a75b65a50,0,2900.0,0
fe5211197b5b,1,7900.0,3
a22b53c0d06a,0,3525.0,3
4b84d033c5f2,0,7575.0,2
dcd831716959,0,13850.0,3
775b11420e50,0,0.0,3
50f38cb59dbe,1,11600.0,3
0b77b2b28d01,1,2375.0,3
5d6d7217e138,0,3050.0,0
687dec0461f1,1,37050.0,3
f9527966d789,1,1950.0,0
f2409b729857,0,4000.0,0
f341f582f010,0,1925.0,3
e4d4ec16404c,0,3700.0,2
8784a72b2638,0,250.0,1
c7edac388aaf,0,11925.0,2
002ebfe2487a,1,21925.0,3
d4bafc72f8dc,0,1000.0,1
d59037c9f114,0,10375.0,3
04f862261bba,0,6800.0,3
ac078c4c1382,1,1200.0,1
7ab4ee92cfe3,0,800.0,0
d7db515e6f18,0,11775.0,1
76bc93137da7,0,3925.0,2
e5b49ae3f9aa,1,11050.0,1
4f6b6da9f4aa,0,35900.0,1
bd51eaa1f3b4,1,1050.0,1
f80c6d9d81e4,0,3100.0,0
a5a6e7625d29,0,450.0,1
25dd00424f81,0,7800.0,3
ad738a3c4a87,1,17900.0,2
8ae184c9091e,1,2650.0,3
dbca1c47835a,0,1575.0,2
7d4f6585b470,0,1200.0,0
6936d0df9908,0,3950.0,1
7164ec65a13f,1,2650.0,2
0d0d9434d394,0,2725.0,2
37da955ae12a,0,150.0,0
f06002aec493,0,4700.0,2
21760936ee55,1,21050.0,3
6f8618aae820,0,2600.0,1
10a51549cf34,0,5425.0,3
8211866fce3c,0,7250.0,1
32cc8a156e87,0,150.0,2
7e89cdf12e63,0,14275.0,1
6b24d62fb8e7,1,2400.0,2
13608c1b8102,1,8500.0,3
d63c93fee648,0,2425.0,1
574ce9d7d7c1,0,3500.0,2
4fc918174754,0,400.0,1
baf4aff4596c,1,2050.0,0
423287b4dfac,1,10450.0,2
066cad35348f,1,3750.0,1
37bb1d1bcb82,0,50.0,1
e832f470bc51,0,21950.0,2
35acbec5f416,1,5350.0,2
a54d1c937f15,0,1950.0,2
2bce76802466,1,23625.0,3
5512fa839690,1,4475.0,3
55684575c472,0,2500.0,0
41ec8f25d112,1,23400.0,3
e67c96b03561,1,1525.0,0
45f3896f923b,0,2800.0,1
adf9955b6364,1,8825.0,1
cb4f001fca35,1,11775.0,1
f8b346cbf0e3,0,6475.0,2
718cee0445a4,0,13700.0,3
f3884b47afde,0,2075.0,1
ccb27388f245,0,40550.0,3
71e6a9aec982,1,5050.0,2
c30c3f2275de,0,1750.0,1
2b9340753f05,0,2375.0,3
fb7f27c90667,1,2700.0,0
5146d664661d,0,13400.0,2
83989d99dca0,0,3775.0,2
306715a5e17d,0,2675.0,0
f6a15f181e44,0,9900.0,2
12d59dd4038f,0,4100.0,0
7c9c40abfe7d,0,3975.0,1
d9d4f8824d50,0,3800.0,1
017af1519458,1,1300.0,3
3c83a9f93054,0,20025.0,1
97768c7c84a0,0,10050.0,3
8f99ed2ce551,1,10325.0,0
4a3c803de5e3,0,28375.0,3
9f924fbf9fa5,0,3925.0,3
2165c70350e9,1,3100.0,3
c2f47ea8ef1e,1,1800.0,2
d883e34d87fb,0,1200.0,0
f5dec528628a,1,13425.0,1
199aa5e49311,0,18650.0,3
3ad1207bb866,0,1700.0,2
312478bc76ce,0,4175.0,3
04ceb796d68b,0,800.0,2
409198cbbe8c,1,19400.0,2
a5498a977586,1,4450.0,2
873908e4a93c,1,2500.0,0
e8c13c93d503,0,1800.0,2
6374f27a3744,0,1950.0,1
5f3ecdabac7f,0,4200.0,0
f7fbbb63b0ec,0,1525.0,0
0784ba329afd,0,6050.0,2
4e6da5ae4259,0,725.0,2
f626f5ca02c6,0,2125.0,0
1a8a20f166de,1,22150.0,1
125c78c499bc,1,33075.0,3
3f07a65cff1e,0,125.0,3
02564f61a5d9,0,12100.0,3
e3201c4869e9,1,1200.0,0
b3ac1ee5fc80,0,2525.0,3
635d64061d90,0,1975.0,3
624314543cdf,0,6700.0,2
f3cd91f78e92,0,5550.0,3
811b69495348,0,3075.0,1
96348cf435f0,0,9400.0,1
e741383f900f,1,4225.0,3
d5b1d28ef172,1,1850.0,0
1b83fd8be335,0,2350.0,0
74420ff10279,0,5700.0,0
3bbd8646e0ba,0,225.0,0
a4820dd0e513,0,450.0,0
b5da6d98bd85,0,5000.0,0
79af08b989a1,0,2425.0,1
ffa7996cda88,1,6900.0,2
36776f4f54f7,1,1150.0,0
9f36843c645a,0,44100.0,3
7303654d0515,0,200.0,1
86495e9b5d35,1,1350.0,0
bbc41675f723,1,13975.0,3
6cb086671e39,0,8800.0,0
5bcb13464fb0,0,18800.0,3
bcea36fb5176,1,3050.0,1
8041041544fe,0,650.0,2
742e8f1cc081,0,9775.0,2
78b29bb6fce9,0,7775.0,2
6aa64d1858a3,0,400.0,1
1bbabb434973,1,1300.0,1
711272a34754,0,650.0,0
48c1c7decb5c,0,850.0,0
359a80458743,1,1800.0,1
91eb4b9d528e,1,4725.0,2
f480eb162b6b,1,1050.0,1
8a536b8b7c4e,1,16550.0,3
bb5e248ad905,0,3900.0,1
37081d34ff24,0,12325.0,3
13d1c5216956,1,625.0,2
10958cd67927,1,2075.0,1
23f843b14cc6,0,13400.0,1
bbd21871a0dd,0,4100.0,1
2586680ba4ee,1,4000.0,1
fce01d185985,0,14925.0,3
5bb3bfe10f2e,0,6000.0,0
a934ec6d5e86,0,34800.0,3
fe858704a5ba,0,7175.0,3
50f690917cbd,0,1375.0,0
e2b7f3e209d7,0,0.0,0
cb13bdc5cd38,0,20575.0,2
ff0cd005f095,1,4550.0,1
246fa6bebda4,0,6150.0,3
170e294b0f85,0,750.0,3
0d728703f21e,1,4825.0,1
8da1adcfa44d,1,37300.0,3
9b1d8b35caac,1,6450.0,1
e0922d6ae549,0,900.0,0
52714d95310e,0,5125.0,3
c6fa5bfbdb13,0,900.0,0
8143e278ae17,1,2775.0,1
31973f618693,1,4600.0,3
7c3ffaa9bf8c,0,1550.0,0
2dc447305045,0,19500.0,0
fe0434dff420,0,900.0,1
d79a8c2b5b32,1,11400.0,3
0dad34980066,1,27975.0,2
765a0f6c1efa,0,850.0,1
a33f186293e8,1,19725.0,3
d4401dba01ec,0,5550.0,3
6c374303934b,0,2250.0,0
98ba33b2080e,0,1800.0,0
0e231b3a5bae,1,51950.0,2
d446287b12dc,1,42000.0,3
f00a73b525b1,0,2025.0,0
ad58816532fc,1,6900.0,3
5ebda131ff58,0,13325.0,3
17d00214d10a,0,100.0,0
a27d03498d63,1,7025.0,2
ffcbe79fd862,0,4175.0,0
379d77bdf652,0,750.0,1
936e7e6be96e,1,10650.0,1
3d122ba99405,1,3025.0,2
2939d968df4b,1,3575.0,1
3a1e77d21696,1,23175.0,3
05d7df3998f7,1,3950.0,1
9c599067eb76,0,3525.0,3
abdfb075be19,0,1750.0,2
79de60653978,0,16675.0,3
0bf0790c7948,1,1375.0,0
b60a76c0c9af,0,7625.0,1
714f30693b2f,0,5100.0,2
df0ce0e9fcb8,1,8875.0,2
5c5d811e5203,0,2525.0,3
929abcc6731a,0,2625.0,2
7599575ef153,1,1600.0,0
8f23d4df5f59,0,2575.0,3
4c314186f54c,0,475.0,1
8c497453b614,0,38775.0,3
85bdfbbeaec4,0,4450.0,0
1df2b4ea05f4,0,3000.0,0
865c84944133,0,1950.0,0
8b48aa74fdc0,1,1175.0,1
bce2d15861b6,1,10775.0,3
7559224c5227,0,2100.0,1
fe3baed91dad,0,2700.0,3
6b84693841ab,0,1175.0,0
355f139dc38f,1,950.0,1
99adef62d4e1,0,2750.0,0
dc263a2bc8a6,0,1050.0,2
8e8c2fa4761d,0,11825.0,3
52beb684bfa1,0,17950.0,0
102c94906096,0,5300.0,2
5a87443f697b,0,5175.0,2
d6c482ae4c55,0,1100.0,1
e84f15f46473,1,4500.0,3
1eeaf95d175b,0,16500.0,2
1abd9b1f3faf,1,10125.0,3
eb920c598c45,1,5725.0,2
b7111732a92d,0,6950.0,3
8d15886045f7,1,14250.0,3
d4779a8e4d31,1,52150.0,3
718ba3f172b8,1,3850.0,2
485d2851d73d,1,9925.0,2
e5ff9488303c,0,4975.0,3
f0ab026d1d38,0,1600.0,0
ac5bc0ad813b,0,2250.0,2
c4276e5f21c3,0,200.0,3
e35480a300af,0,5125.0,1
ee58be03cb87,1,3700.0,0
bc865e19c5ad,0,2975.0,0
4e6a12846dbb,0,100.0,0
946099e3923e,0,2800.0,1
39547dbacc56,1,5875.0,0
8ae9e3d46e62,1,2875.0,0
a5659be99089,0,27975.0,2
93a09e1d2c97,0,6125.0,1
d6a95373211d,0,8350.0,2
5ba6e5f51845,0,2750.0,1
2d91775b5f03,0,5425.0,1
f5c9befb9f3a,0,29300.0,3
5f961198db56,1,10700.0,2
ae3b12d85e24,1,1300.0,0
8e6c863b867c,0,150.0,2
587d19a72540,0,4875.0,0
76f4f84f201a,0,1675.0,1
b4aa38f4fdbc,1,31875.0,3
785b8c5f7013,1,12275.0,2
e28ab7dbbcb8,1,45825.0,3
7bd9eeb558b5,1,9350.0,1
aab12833f4ef,0,7200.0,1
e95fbc5a5c1f,0,2900.0,0
4facea57cf22,1,3050.0,2
1f440953d7e4,0,2150.0,1
9f273774adc0,0,2100.0,1
bc39f58c9349,0,100.0,0
c7afdb0e822e,0,1675.0,0
bd0359881723,0,725.0,0
08aaa5c836e6,0,3275.0,0
aef8195a98c5,1,1250.0,0
2158906f73f7,0,2950.0,1
479a59083c2b,1,28250.0,1
305754ffc4e9,1,9000.0,1
7ab6c2d0ed92,0,17625.0,2
ad4ed742e1a4,0,15425.0,3
7f45af4dd049,1,15525.0,2
871def58ad84,1,2650.0,0
7a5e8a813067,0,4125.0,2
1ff8c5babcb3,1,2100.0,0
8698db5db7cf,1,21600.0,1
9557b168cc2e,0,14975.0,2
82cad0b2415d,1,6050.0,2
60c66df4e932,0,7125.0,0
a448d2d77990,0,300.0,1
7b5ea437f2ed,0,1125.0,0
eaeffa7c25e4,0,27450.0,3
030f1b6169b0,0,350.0,0
fa8a9bf0c2c8,0,1800.0,0
c7c099bcaad7,0,400.0,0
7b646f85c357,0,975.0,0
f860e6c61d85,1,2600.0,3
8d0d10376445,0,100.0,3
3f3088602eea,0,2275.0,2
2d797d895c07,0,150.0,1
c82c622919e7,1,2300.0,1
2ddca5ddac62,1,18700.0,3
190044ec08c8,0,4600.0,2
7512fee31fd1,0,14250.0,2
081e06d3e456,0,2975.0,0
e6ba084dc3e0,0,1450.0,1
c129df476a40,1,1200.0,2
1a3c0225dd4b,1,11200.0,3
cdcd1f500752,0,12950.0,3
983bc3eab547,0,1425.0,1
3772f14ffda9,0,2250.0,1
32d34d9be01f,0,3050.0,1
97767ebaf967,0,2350.0,0
3451ab59fbe3,1,3800.0,3
7d6df0a899c1,1,3800.0,1
b3a789c33cf7,0,400.0,0
883a48281c52,1,2550.0,2
2c478653a53b,1,10900.0,1
1844d20e140a,0,11825.0,2
7bd5747c65b3,0,4700.0,2
2e1c2ae84ceb,1,15675.0,3
c9819e9fd999,1,2700.0,0
523acd3575e5,1,24300.0,3
a4a95c80d900,1,3000.0,0
6ba35f6682c6,1,8850.0,3
6ad6ec563deb,1,100.0,0
dcdf54989c7d,0,7650.0,3
7d3394aae970,0,14400.0,2
6b69ebdf6f32,0,3200.0,0
20691283052e,1,4075.0,3
a36497387440,0,100.0,1
ad296e1d7afb,0,2500.0,1
1a5244eacfaf,0,1600.0,2
3e31a2bf6568,0,1750.0,2
9dd2533516f7,1,57000.0,2
d4f01229d015,1,6550.0,2
ed0f1281deeb,0,0.0,0
55dee47c7365,0,5550.0,2
511eb2323b63,1,20900.0,1
f12acb524cf2,0,400.0,3
7eca12b80bc7,0,18650.0,1
0e388cc7af60,1,1350.0,0
83b0e82d307e,1,19300.0,2
1e402cf4d945,1,1450.0,2
b2a1b768112d,0,22675.0,1
5c78c8652b4d,0,5175.0,0
413315899f65,0,13025.0,2
b5348f5fbb70,1,29150.0,3
e0894be1e0c0,1,2550.0,1
befa5dba4751,0,18200.0,2
6a55ba93ac2e,0,2825.0,3
439de58342e2,0,40475.0,3
a5a331568f43,0,23625.0,3
d41b7e82ba11,0,1800.0,1
d7e76024a76c,1,1600.0,0
f6b14e147da3,0,8425.0,3
f8549dee5cff,1,2050.0,0
ea14d51bc5f9,0,11750.0,3
b57b1d36dbdb,0,1625.0,0
8909688013a0,0,4100.0,2
ac49dd42db06,0,5500.0,2
6dad97440ee9,0,36625.0,2
f9c8a4b9de1d,1,7200.0,1
d61ee14efbb0,0,1400.0,2
4d53a561aa8f,1,2125.0,1
ccc10576a66c,0,4400.0,0
e595f12cfa68,0,10200.0,1
ae4b7dd1bf61,0,11125.0,1
c350f3ab4bb6,0,8400.0,2
9c95dd13bfb9,0,17275.0,1
3bbc7f2f3db9,0,800.0,0
892ecdcc04d5,0,1025.0,1
c20e614aacff,0,3550.0,2
958567df14a5,1,2425.0,1
66d9851857cb,1,19025.0,2
ff6756fbf550,0,4500.0,1
e99d4d3ecaa7,1,16925.0,3
b64cf591179d,1,41225.0,3
352fc417be45,0,13875.0,3
a973e09bf25e,1,900.0,0
30b02fafef18,0,1100.0,1
8d485eaa0649,1,6275.0,1
86065d0c33e8,1,5750.0,2
8013ce1aab41,0,8300.0,1
800181394e12,0,2300.0,2
6d200270869a,1,675.0,1
51ebcdd0580c,0,34975.0,1
8a089e910a74,0,2750.0,3
91f95868e8c1,0,3775.0,3
f15a5f83f270,0,150.0,0
aee889a315be,0,13100.0,3
8a754c304a9d,0,0.0,3
295e6e18716c,1,17625.0,1
26c4a2a70133,0,3100.0,0
af369c0b9517,0,7600.0,3
3546e10fb126,1,4000.0,1
a38b6804aeb5,0,200.0,0
1575a9c35f7e,0,800.0,0
be2a57200148,1,2000.0,0
7b9d170f0b3d,0,7700.0,2
63c19cb7d005,1,2825.0,1
27efa4c0f479,1,12950.0,2
c4a1161a531e,0,7350.0,3
b541f7295de5,0,2600.0,0
b3e835e51af1,1,850.0,0
5308ca6e404c,0,150.0,2
810c891002ab,1,3750.0,1
e5d8c19e92eb,0,8300.0,2
557b86537701,0,25450.0,3
677b34eecf52,0,4825.0,0
1a4e9eb5ae76,0,6500.0,2
4e8602185aaf,0,5750.0,3
24306358168e,0,5375.0,3
055a56d795a1,0,175.0,1
63ac29ab4a17,0,1350.0,1
56c3eae26f49,0,550.0,2
300ee5af60ba,0,4025.0,0
e827aeaaf99c,0,1875.0,2
107a7c7673fc,1,24175.0,1
0c71e2351c16,0,59675.0,3
c83847b6013b,1,14775.0,2
af5d000484fa,0,750.0,2
4a82f31a0c06,1,4375.0,2
0eb5f0c92b25,0,1350.0,1
50282b690344,0,300.0,0
3139c9754d76,1,2750.0,3
957c06d933a0,1,13150.0,3
2fcb2609edd6,0,3850.0,0
d85bce7063f9,0,9950.0,2
388e8efcab4b,1,11400.0,0
b9b5ff853db1,0,2300.0,3
3885cfabe09a,1,5125.0,2
5a96f0343e78,0,24775.0,3
cc56e15a6371,1,10500.0,2
a298286da11a,0,4750.0,1
ffacdc5a6fc3,0,5425.0,1
07bba9828f52,0,3075.0,3
a96694badbfe,1,1900.0,0
e75bd2d17f95,1,10100.0,3
789909ac3fda,0,8250.0,0
9b3735d5733f,0,1350.0,1
15b043e7880b,0,19400.0,0
6050e8850e57,0,12550.0,3
a38d5bebb147,0,3450.0,1
00120bcd1005,0,100.0,0
aed2bda2c6a5,0,14500.0,2
f39fea57cbdb,0,825.0,3
0fcf967cd632,1,2050.0,1
c3838b1c85da,1,13875.0,2
7b13ffa26ff9,0,300.0,0
bd685bd42898,0,1775.0,0
7d52726fdbaf,1,11325.0,1
3c250666205f,0,18450.0,3
aaa3d44eb0e3,0,1875.0,2
34deddcf21b5,1,2800.0,1
116d8f8f7cf6,1,15425.0,3
131bdeb6fd42,0,5075.0,1
97a3aa9d0c66,1,12850.0,2
9669ea0a39eb,0,4775.0,2
72c502fb73c4,0,7475.0,3
48a372e1db03,1,2850.0,1
9bf10e5f58e1,1,1800.0,0
e9a74ae9a72f,1,5400.0,2
da6e422e0a00,0,1100.0,1
6a9ed567fb51,1,17850.0,3
a53fec34db57,1,3100.0,0
7e02f9d4ea47,0,6100.0,3
7192110b7887,1,10425.0,1
dbba9a75bdb8,0,57950.0,3
e0a607685ecb,1,2475.0,2
d8cc0ff21d7f,0,21325.0,3
2a9d7113e976,0,2600.0,1
9f9a0b31649c,1,300.0,2
35c875747337,1,700.0,0
db917692422b,1,2500.0,0
f42d90df9039,0,4475.0,2
13b9ed388307,0,31075.0,2
1eeb94b9d16a,0,5000.0,0
3691b2e3358c,0,48400.0,3
9be2339340f3,0,1800.0,2
faa5f098d358,0,3950.0,2
c2cbaf6789b7,0,550.0,0
da3c80374fad,1,14800.0,1
fa6e1ec36e24,0,8800.0,2
45d09c5eb8cf,1,2250.0,1
09c3e465249b,1,2400.0,1
a9a64ae0702e,0,2275.0,2
4c9c4ac5c1c3,0,12575.0,3
3660f69e72e6,1,3150.0,3
482ba349ddae,0,2200.0,3
7fcb01e517e7,1,2850.0,1
6e7b04b06cf6,0,10200.0,3
8529b05088e9,0,8350.0,2
79172c41e944,1,1100.0,0
74c375a73a21,1,13000.0,3
595d895738a1,1,9450.0,3
d5209105bcb7,0,5600.0,2
b79e23fbfd57,0,2675.0,2
6c214981af8d,0,8475.0,3
3fecc101306b,0,9200.0,0
8ce579c7641b,1,6700.0,0
15a3ae695c10,0,1550.0,1
5e7faeec02cc,1,1800.0,0
19cf984f7a22,1,7500.0,3
78a0d15ce15d,1,12600.0,2
bd66066e713f,1,5325.0,0
e3dd6d54f079,0,1425.0,0
7de005df157b,0,2400.0,1
531ddad631b7,0,2725.0,3
996e52c3b2c4,0,2425.0,1
9e36db0c989f,1,5875.0,2
96f4da62f7cd,1,8350.0,1
e7c02421f8c2,1,16700.0,1
518e61fc46fd,0,100.0,0
e8c254664232,1,1850.0,0
c3f2d30fd542,1,38050.0,3
52b4a1e7feb4,1,2875.0,1
59b12ee506b1,0,6650.0,3
100296ff2d90,1,2100.0,0
962998128955,1,1350.0,1
4f12c46c99e7,0,8400.0,0
68bad9c12667,0,125.0,2
a2b8db6f5eea,1,10775.0,3
2a234a8a30c8,0,250.0,0
31424b69aa8c,0,50.0,0
75fd43e55b39,0,4500.0,3
84ff82cb13a4,1,2675.0,3
087b9326db51,1,6650.0,3
184810e062f7,0,43000.0,2
ef83e8788b7d,1,2750.0,2
8fc60a58c0d4,1,8800.0,3
6825a9571c25,1,5675.0,2
e28036a5b075,0,700.0,0
789417efe766,1,1000.0,0
37f5a9d77fbd,0,20300.0,3
4f8139d0057b,0,4975.0,3
1644e63c2ee5,0,4000.0,0
2a846bfaa7f2,0,2750.0,3
114e9595d7b9,0,5450.0,2
bcd24e934e70,1,4100.0,2
bbbc1e3ab663,0,2450.0,1
df693215f435,1,7250.0,3
7e036ca118fd,1,1850.0,1
220611e9ce24,1,12675.0,3
0d6453f54381,1,11075.0,2
9d28bb44a180,0,0.0,1
51d0467da31d,1,6450.0,0
48d0f917c321,1,7600.0,2
536a765583ee,0,3250.0,3
de5b076c213b,0,3050.0,0
da11ca263286,0,3475.0,1
d223ab2c9627,0,300.0,0
008e13a2a6b0,1,9550.0,3
fb36be514e72,0,4250.0,2
ecd91be14e3b,1,11625.0,2
5272e5891c73,0,10250.0,2
d72f1db0ffd7,1,4525.0,3
d544203f23c9,0,23175.0,3
7951c8ffed7c,1,3850.0,3
a2ae26d49dad,1,1500.0,2
f900d16d0553,0,925.0,1
ee32f7f5c09e,0,2150.0,0
3a75965e1167,1,3200.0,1
266725021a8d,0,5175.0,3
58fea84a109b,0,33850.0,3
2d94af91d69d,1,1575.0,2
860da264890c,0,2350.0,0
471cada310a0,1,5450.0,0
efb5ca35944a,0,1450.0,1
5f154e0d26f2,0,350.0,1
5a6bbea8da40,0,4300.0,2
719a80f14db3,1,700.0,0
7418e57e76d6,0,13400.0,3
fb487ab4ecb1,1,13775.0,3
28ec44e0cf1a,0,150.0,0
ea91b3b1354d,1,18625.0,2
ea7da63a8098,0,500.0,2
cf54e78766bd,1,500.0,0
6b72ce7edf0c,0,2650.0,3
eac4d6a978dd,1,2025.0,0
4e1db4e94f93,0,5500.0,0
3a6637e18970,0,200.0,1
63848e2e4d0b,0,37900.0,3
0f76c2865cf6,1,12100.0,2
e778dce904a6,0,900.0,0
0664374482ad,1,850.0,0
d5925db4d86f,0,4100.0,1
ae48bd1cf9f0,1,32975.0,2
711ac4561f1c,0,17225.0,3
463b310deec5,1,2350.0,0
58cda77cb9ed,0,3200.0,0
61901793be5f,0,2700.0,1
4ca05172df96,0,3800.0,0
96185dc38177,1,29600.0,3
7c41acfb304b,1,11400.0,3
74fb6e324457,0,2950.0,2
8238afbc5523,0,1650.0,2
60c1d59c8af1,0,2650.0,1
ca1ef4064b18,0,11975.0,2
070fd8cd76a9,0,1200.0,0
0b3005f43aec,0,13250.0,3
83a20ff439f3,0,4300.0,1
06b1702ec9b9,0,11700.0,0
47bea9644cb5,0,3400.0,0
a82c37b91fe9,1,9375.0,1
e5b9dcf5dff6,0,100.0,0
9f95fcf01e6c,1,1300.0,0
13bdf24bad24,0,2100.0,2
b753b8fa3b69,0,6525.0,1
792499a73b91,0,2625.0,0
26a94642bc42,0,3500.0,0
4f3b0cf52f2e,0,850.0,0
6cc65d611577,0,2925.0,1
4d79887e23c6,1,3575.0,0
d9338eba3f30,0,9550.0,1
925261a92182,0,7175.0,2
f82c342955a2,1,3900.0,1
fcc846d03315,0,8575.0,0
3c8510666b39,0,400.0,1
95b234f34f82,0,49200.0,2
6e86480c5d6f,0,27800.0,3
14f1f70233fe,0,7100.0,3
aa09f4634794,0,3950.0,2
6ec92419892d,0,1300.0,1
a199e30d443d,1,14375.0,2
144f8cae6d49,0,2475.0,0
82c57d9d4f2c,1,5350.0,1
105c84e0eef3,0,5650.0,3
d2e0827abcd2,1,100.0,1
d368b39e8a04,1,800.0,0
afd2d4fa63a5,1,2750.0,2
826e3276bc4c,0,1300.0,1
d7ff36173669,0,1700.0,3
9006b1b24ae0,0,19925.0,3
ac91d34a2c8d,0,4750.0,3
93dc6fb4a783,1,1575.0,2
00620c12d916,1,4175.0,1
dae32f3ff6b7,1,1200.0,0
6d34e131b816,1,5025.0,3
449984b66c02,0,8275.0,3
1626e08df331,1,11575.0,3
7de3b2506bd8,1,2775.0,2
3722727e9d76,0,2150.0,2
84f360df9deb,0,2575.0,0
106a27f80130,0,6300.0,1
bf4b024f6e4c,0,2000.0,0
871929c55dfe,1,2300.0,2
ca5cd2c7f832,0,18200.0,2
6ba76bb7bd78,1,13400.0,3
ac3c36861d92,0,3800.0,1
a56b12712be2,1,2550.0,2
6a3f0c60e7f4,0,875.0,2
d6a1eb2ef1cf,0,15700.0,3
e5019d35d98a,0,3650.0,1
bba247e41ea9,0,350.0,0
81662b206ab4,0,6275.0,2
2ad5bb02d474,0,8525.0,3
8ca317512b0e,1,47875.0,2
c87a916a47bc,0,1250.0,0
b8f248c1dd0f,1,1250.0,0
64c30c30cb70,0,19425.0,2
aa39401628dc,0,3550.0,1
4446df0ec92a,0,12300.0,1
59bc1baa6b59,0,1050.0,0
06d10e8fb106,0,300.0,2
34dd6cfe3a05,0,2075.0,2
1e35f0ab0284,0,500.0,0
195764731e46,0,3500.0,0
4ad4b3846bb1,0,2300.0,3
80a89d691f70,0,1675.0,0
acd7af330e4a,0,525.0,0
0d96f99d7170,1,1400.0,0
20264830d86a,1,13675.0,3
55e96305312b,0,3800.0,3
d30f2b3691cb,1,6925.0,1
beade650fefc,0,12500.0,0
88359c86eb01,0,1450.0,1
f9439aabb215,1,1500.0,0
d137f1433259,1,6650.0,1
0c17ac8612fd,0,29750.0,3
84dc888db314,0,7975.0,2
1069abdf4c9e,0,13300.0,1
3fc33daa68b4,1,5975.0,3
5f3a067dcaaf,0,30775.0,2
ab5607c29bb1,1,6000.0,1
9c063d58a3a9,1,12200.0,3
b60ca58f59f3,0,50.0,0
d6328b483010,1,14125.0,2
13dbd696e273,0,1100.0,1
ddac300463a2,1,1550.0,1
b28c059d764c,0,300.0,1
fc6d3ceb04ce,0,100.0,0
25859ab8a687,0,23200.0,1
d955c586f457,0,100.0,0
794b88b73db5,0,2650.0,1
be2500148f1a,0,0.0,0
907cde51e127,1,6900.0,3
8a992c4a36b6,1,1225.0,3
1923aab4f9ed,0,10500.0,3
0990221238a1,0,14675.0,3
034f9d43f08e,0,5800.0,1
e7aa405a10d5,1,2850.0,2
b745519a7d06,0,13875.0,2
066d11a0f228,1,825.0,0
40ec6ae1c4b3,1,800.0,0
a0ea1f086337,0,6950.0,1
2d62a9cc8189,0,5375.0,0
89c4800f5a7a,1,17550.0,3
b59f8ba61cbb,0,20850.0,3
a07483432254,1,325.0,0
df8a763352f3,0,900.0,0
ffec5af00859,0,975.0,2
e8b803e2c7c7,0,4900.0,3
e71f7ce9b946,0,4300.0,3
0118b662d861,0,2650.0,3
c7ed4e48deeb,1,1800.0,2
aca0a1b80249,0,10550.0,2
8fdeccfe9f0f,0,3875.0,0
c546baefb12a,0,5700.0,0
7133feeb69d0,0,9300.0,3
5bc3b372b36a,1,17675.0,3
02d5f48bf5b7,0,6175.0,3
ef076257f9cf,1,2600.0,0
5ce252b96017,0,33050.0,2
10f167b693df,0,100.0,0
be8cdb4c7f7c,1,17800.0,2
a719b66d3af7,0,1475.0,1
a0bec4a551a7,0,1450.0,1
e413ab8ad93d,0,10900.0,2
a6e5007fd2fa,0,1675.0,2
77ff1f0b46fd,0,1875.0,2
45db5495debd,1,7650.0,3
15712c1ebc03,0,400.0,1
0312d3f048c0,1,11700.0,2
e4cac82b31e0,1,25650.0,3
e78de88e33d8,0,4350.0,1
149be3b809a1,0,3200.0,2
5181c5b49114,1,1275.0,0
bd554edde64f,1,850.0,0
9bc66063370c,0,15200.0,3
c8256ff73efe,0,20350.0,3
7dd50948f9f3,0,0.0,1
d083e0e1c30b,0,1075.0,2
106a0847f296,0,34225.0,2
d616d4dd0822,0,7700.0,3
a1c58b707670,1,1950.0,0
1812ab7f3045,1,4525.0,1
97c7b95c5aac,0,22550.0,3
0b241208a1ca,0,9850.0,1
215fd0b83440,0,1325.0,1
d966e16868bd,1,1800.0,0
4c3c07368221,0,8050.0,0
53878c4c74d3,0,375.0,1
b780b1f0dde2,0,9125.0,3
3a62f2109fb6,1,10025.0,3
619e94aa2496,0,1950.0,2
063bca91f82d,1,3150.0,2
97ebf8c867e1,1,2300.0,2
0d41e12fb51b,0,14575.0,3
a221f0349393,1,8350.0,2
3448bbdc213c,0,4375.0,1
c157b602855a,0,3575.0,2
adee35f0be37,1,575.0,0
0ddce2b50e97,1,14750.0,2
68c8cd500397,0,3200.0,0
28ecb8066e93,0,400.0,1
dd0d2dc9cfb9,1,800.0,0
7d5f6c20cc91,0,8850.0,3
80ffaeacd057,0,900.0,1
3b0ff678a963,1,825.0,0
04eeb36f896d,1,13150.0,3
498dcdd2b0a4,0,11825.0,2
44def8f62257,0,3500.0,1
cfa8c1401fdf,0,1100.0,0
2f2133685fad,0,2525.0,2
534f6b28138f,0,1300.0,0
6ae0f23f305e,0,2400.0,2
d5a18cda4135,1,1300.0,0
5647c4838943,1,3375.0,3
780356fea68a,1,6925.0,2
2c1dcc15a0ef,0,350.0,0
a91033510d1d,0,275.0,0
d27b09f8e03c,0,3100.0,2
e2e999d736ca,1,8175.0,2
e05e5c39ad6c,0,12900.0,3
04fc8d7ad6bc,1,100.0,1
b6c82f85787e,0,4600.0,2
715024893832,1,1300.0,3
1915af297810,0,625.0,2
c9c6933e986a,1,2775.0,1
b8e027467348,0,12050.0,3
fabbfa8ab1a6,1,13725.0,1
2b83710a0d21,0,425.0,2
80ee19fe121a,0,4275.0,2
6913a289cebe,0,1650.0,2
0f41dfe91c00,1,4100.0,2
7c0d0b78383a,0,300.0,1
dfbd9d3fcccf,1,11800.0,2
9a66f3ca3985,1,2100.0,0
a194d892a389,0,7550.0,3
cf2958f621fc,1,11425.0,2
30c1e6b06791,0,8875.0,3
64ed1de97b4c,0,1925.0,2
ed87db9206db,1,950.0,0
d276798d3f64,0,3550.0,0
021272bfb240,0,1325.0,0
8c7bfffb1979,0,29200.0,3
5e0726b29490,1,3975.0,2
f846973044b5,0,2025.0,2
baf6e4f90ff2,0,2500.0,0
b1c4987081af,0,3925.0,1
f205d91b9fcd,0,3075.0,3
db4ca56e724b,1,1775.0,2
1da011d76e65,1,2650.0,2
8a0015535bff,0,10150.0,3
fb76b5f6b19e,0,425.0,3
7cc83fdb7ba7,1,2575.0,1
3a8c15200fb6,0,6050.0,2
fe2209680cec,0,10100.0,1
09a6e120f903,0,400.0,1
068c9fcfe10d,0,4300.0,2
9669fe7e5a93,0,37675.0,3
64651ed2ac98,0,12350.0,3
d4e0757c56ce,1,1000.0,2
3324207ea17b,1,33000.0,2
68625a3b80c5,1,11800.0,2
f0e9f71a988c,0,12125.0,3
b373afa1b2a8,0,400.0,3
2fec4a7c74ea,0,1275.0,1
8a1cac32fee8,0,6550.0,2
4361711b7e2b,0,1000.0,0
017c98b3ec78,0,0.0,0
d2198c6c93e6,1,19675.0,2
0fb6b75ce49d,1,2175.0,3
c9a3068a182f,1,8525.0,2
286fbea9e107,0,2800.0,0
77b966271996,1,1300.0,0
b205c5ed867b,1,1800.0,2
5fd6164fa0c8,0,8175.0,3
58f818d2d6b3,0,3675.0,1
f91f274916d6,0,7125.0,1
7ffb402979c1,1,800.0,0
fed13cb882f2,1,5050.0,1
3fb457e78f1d,0,775.0,0
1258ce6f9772,0,1400.0,1
ba9a3a4bd6be,0,6200.0,2
42a470ad6aa6,1,2600.0,3
81383d449e85,1,15075.0,1
cc1af9c64a66,1,1600.0,2
58c996f8f126,0,2050.0,3
b5a30e861039,1,18750.0,3
1cc4995f9f6f,0,7800.0,2
ed29606fb3a6,0,21150.0,3
47f0273fe23a,1,2750.0,2
30aaa75fbeac,1,17750.0,3
b2824524af6d,0,19775.0,1
aaa53c464b5f,0,2075.0,2
af19857bb9e1,0,2050.0,1
2b5c3d8c4107,0,300.0,0
6ff1916139f2,1,8100.0,3
1e57388c84e3,1,1200.0,0
31eacc062246,1,1600.0,0
9630422e865f,1,2700.0,2
038800a030e9,0,6025.0,2
191282000e2d,0,17000.0,1
c08c87d3d28e,0,24575.0,3
b1f0deee78d4,1,3900.0,0
1c4d5c1d06f1,0,550.0,3
4abf56706153,1,2825.0,2
fa14fa2cdeb2,1,4925.0,2
5f5aba1c8618,0,4450.0,1
ffe30ba87298,1,1300.0,1
57e70978e046,0,1275.0,1
e1e5a5d34b94,0,2700.0,0
8bc0c7275a34,0,150.0,0
456b316d07d2,0,16425.0,2
1803397aec11,0,4100.0,2
e99774e966af,0,6600.0,1
ec1686b6fe89,0,32875.0,3
51fa8e967be8,0,49800.0,2
31a3bb4bf30e,0,0.0,0
75915516aa61,0,3350.0,1
5474b32d584f,1,8325.0,0
778eec98d0d6,1,6600.0,2
a53e793009d4,1,800.0,0
d70939621fce,0,8600.0,3
c3eb8701248d,0,7075.0,2
cd4a4b6b5c0b,0,8150.0,3
076ec955354d,1,2850.0,0
9731678878c7,1,9825.0,3
cde4a6879ec2,1,1275.0,0
98c896bce393,1,7650.0,3
c6b3edacadc7,1,1350.0,0
92e6cd5dcaca,0,11325.0,1
4e069b482ab9,1,800.0,0
888fc3f36473,0,6050.0,2
bb5506efe8b9,0,1225.0,0
91b3a15b062e,1,325.0,0
f58b0eaf5db9,0,4425.0,1
29c31403beb3,0,68450.0,2
987c9c194d40,0,2000.0,1
10c5ed27179c,0,10550.0,0
9ed8d5552c46,1,2275.0,0
768e6a5bc95e,1,500.0,0
7832d05bf0ba,1,11200.0,1
507dcc05089a,0,6800.0,1
1897d6d61ae9,1,32000.0,3
500a9178bac9,0,15275.0,2
f761107d758d,1,5575.0,2
2b15982cafec,0,1000.0,0
d91f18ab7f63,0,3800.0,1
365531b4287f,0,33925.0,1
0a60f209c77e,0,6600.0,2
21dc471815e5,0,17025.0,3
7b2cb2c822fd,1,1075.0,1
8707bdb1b52a,1,4475.0,1
b88b1f103215,1,6450.0,2
51d1f954e742,1,34875.0,1
46edc61b949d,0,1725.0,1
bba12cae6d4a,0,2100.0,1
c37d35569977,1,4175.0,2
5533ad591b15,1,14300.0,1
0bdd35ba4743,1,4025.0,0
3ac61cbbc497,1,36550.0,2
cf1dfeeb5bd9,0,3775.0,0
257626b41087,0,1400.0,2
cdfbba845eee,1,1275.0,1
df804c8e0e00,0,3100.0,2
47469e93225d,0,8475.0,3
8a1fced09645,0,6425.0,3
81b2461d30f0,0,1100.0,0
81ead5018446,0,9875.0,2
1bee46d724af,0,6600.0,1
3205c1742c2d,0,3300.0,0
79fae1d34ab9,0,17475.0,3
adc5c24583c0,0,46025.0,3
c1c76e19eb5e,1,1525.0,0
0a37f861eab9,1,1950.0,2
816da99cef29,0,11200.0,2
6d530690a7cf,0,2300.0,1
d291b0d89f34,0,5900.0,2
ecb7e7e11d7c,0,1050.0,2
25ddda2449f4,0,17850.0,2
8247cb69c508,0,2800.0,0
4199a7d29885,1,3100.0,1
ed2b4fa2e9c6,0,1800.0,0
f67057a7d4ac,0,1000.0,1
6880fcfee261,0,3575.0,1
4f16ec4e028c,0,24650.0,1
1656558d46f6,1,5950.0,1
fe0878e951ef,1,31975.0,0
6c5383695343,0,7725.0,3
390559d31c78,0,1000.0,2
c6692c75c3ac,1,6550.0,3
b740081f66d4,1,2925.0,2
97d987e4e121,1,18075.0,0
66a32af97228,0,2300.0,3
a9ea7cb78297,0,7175.0,1
1032af2d6b23,0,700.0,1
c61fa012275c,1,18725.0,3
db4cfc2923da,0,13525.0,2
ab0664b4c70f,0,12025.0,3
5606dace53a5,0,16800.0,3
0549a924d69d,0,7600.0,1
379da282243f,0,450.0,2
f4fc57a24853,0,650.0,0
28565c432c33,1,11125.0,3
c9df84979629,1,18450.0,3
e0b67bd6cee4,1,40650.0,3
674cc8da2dd4,1,5575.0,2
230d5acb7ec9,0,11525.0,1
4bde95dbad3d,0,350.0,0
821793d002c4,0,2300.0,0
ac3369dba042,0,8925.0,3
071d65f98a1e,0,7775.0,3
801049d69358,0,6125.0,3
886e26e7a0ef,0,7975.0,2
2a57b207e68b,0,19050.0,2
926cf9653168,0,19125.0,3
1617672fbbf4,0,8950.0,2
5937e29967e5,0,1100.0,2
9069496f7da0,1,3550.0,2
2711a4b2d733,0,22150.0,2
e92b5c483bb6,0,2250.0,0
be94660c4df7,1,13600.0,1
b26cd6741f24,0,1800.0,1
05571ff5bbc3,1,7825.0,2
64960f3ed377,1,3525.0,2
c17f1dc03efa,0,375.0,0
42d0445a8f69,1,10800.0,2
68ddc424c105,0,6050.0,1
a344d1d26bce,0,7000.0,2
fe7c6dd29379,0,1300.0,1
7b1c72e48927,0,8700.0,2
409a78442416,0,5350.0,1
92884bac15b6,0,125.0,0
a364e2c74d21,1,2275.0,3
9d11fd11cbd0,0,1600.0,2
323c8a82e12d,0,850.0,0
21e67965645b,0,2450.0,0
8a9929496632,0,250.0,2
513d8999df5b,1,625.0,0
2d031082d321,0,24125.0,3
971ed7b654f8,0,16100.0,3
39c29799fb1a,1,20275.0,3
8db4b7f41e8f,0,21275.0,2
ed5599ad41fd,0,1700.0,2
2e38ac09886b,0,1250.0,1
aeafc37f2710,1,1775.0,0
f443042c0982,0,32200.0,3
dcaccfd18d87,0,1500.0,1
76631e7ed5a8,1,1700.0,0
83d0b367e25f,1,1925.0,0
29eb997f4923,1,4925.0,0
521812d76a6e,1,1700.0,1
271f1395654e,0,23300.0,3
6caa8ce06274,1,600.0,0
a97dd665e258,0,17425.0,3
3ef7ddca31bb,0,5375.0,3
9c46c1a324b4,0,200.0,0
e309af509df9,0,600.0,1
d9e39ec0154b,0,650.0,1
93c6dcdeb587,0,450.0,2
4a74809a7e3b,1,2700.0,2
ca663b03e743,0,3700.0,2
191c72c2ba28,0,10750.0,3
7b14aba21f08,0,11300.0,3
ad7182a87256,1,5900.0,0
d124a415b298,0,0.0,2
51f89188f6ad,0,32050.0,2
b86e5cb49aa9,0,9225.0,2
52ac38a1a0aa,0,1050.0,3
a89dd72465da,0,29825.0,3
b7fd940bdcac,1,4525.0,2
ab94e1406ff7,0,2375.0,1
9a0c9f324a8a,0,5500.0,1
c4e673350362,0,15350.0,2
987053e42d34,0,3325.0,3
2ae5ce4d2f87,1,27100.0,3
59d40dc58449,0,7000.0,3
0ea1aaf8ee52,1,6050.0,3
07c160f75736,1,1525.0,0
0dff76d7853e,0,1400.0,0
d465bcac024e,0,38400.0,3
586d5e3e7fc3,1,700.0,0
9f48fe0c9e39,0,1725.0,2
335628b7eb33,0,1700.0,1
542558a62456,0,13925.0,2
39edfc35e659,1,10150.0,3
6e5c2321e7a1,0,2650.0,0
324e02a26fba,0,3700.0,0
08641b780a97,1,6425.0,2
aeb4d1d6688f,0,0.0,0
0ef1442c1227,1,2350.0,1
551ea338a555,0,1350.0,0
2305398bcfa9,1,10025.0,3
4d4a151b0be7,0,4875.0,0
e5de27028055,0,6600.0,1
5def99aadd00,1,4425.0,3
8eb458d725ab,1,6025.0,1
75575de0dd06,1,6850.0,1
08eb472c8b97,0,3625.0,2
ffd335e7e98b,0,700.0,1
6b0deb1d39ed,0,2150.0,1
726a5f9f3966,0,6350.0,0
22874b95d49f,0,8425.0,2
ac1d3de54f7c,0,17975.0,2
09d0daafecdf,0,250.0,0
3ff61a58b234,1,13750.0,2
2afb4a92e775,1,1925.0,2
6b6003d0a235,0,1000.0,1
494475cfd134,0,800.0,2
2ba6250471c0,1,100.0,3
a16ed265ead8,0,1375.0,0
0df09bb6a07e,1,875.0,0
61b447ff8175,0,13950.0,2
dcbc7f207c21,0,2300.0,2
988dde2f404c,0,15675.0,3
602c2c94bbf2,0,250.0,2
61a3002962a8,1,15150.0,2
8485b4460b42,0,5375.0,2
4c5f8b2c9ed3,0,11525.0,2
d70d72270c9c,0,5750.0,2
d106c75aeacb,1,31825.0,3
e51003319da8,1,4275.0,1
f12e62e4b7e7,0,2725.0,1
e38b11dd11cf,0,11075.0,1
e268f994367e,0,6000.0,3
99223b2137f2,0,7950.0,1
0d188d705fff,1,2375.0,2
40796b72825c,0,3925.0,2
819ed34fdada,1,30750.0,2
e58c8ada0619,1,2450.0,0
240cff6dcedf,1,4400.0,2
ba03539eeb9a,1,12425.0,3
dc6d561034a7,0,2675.0,1
94f3874ae948,1,2675.0,3
47568a4bca6a,0,9300.0,2
a9941f50b21d,0,5600.0,0
faa1c128a5c5,1,6050.0,1
748131002ca6,0,28650.0,3
5f979536edc2,1,22300.0,1
c13bc7a45578,0,750.0,2
9343c4b4821a,1,6125.0,2
19485f9f7530,1,3175.0,3
4ad3a1d2517d,0,4825.0,1
5ed15e19020b,0,11425.0,3
6cceee49ca16,1,2900.0,0
5c3a75c74b0d,0,3425.0,1
86254f27ad45,1,2800.0,0
10b573fd7438,0,10800.0,3
19b2d07777c7,1,1975.0,0
593d9928a895,0,2125.0,2
b26ec2beb8f8,0,1600.0,2
1f2197b31f6f,0,5925.0,2
f57899c8603b,1,2400.0,0
91197bd275e1,1,2625.0,2
ccfc8377c0bb,0,9575.0,2
49e2ba751a98,0,1875.0,0
d42d1b012937,1,1300.0,1
1198a2fe6527,1,1200.0,0
69b855822a46,1,900.0,1
cdd32fafc336,0,8375.0,2
1313adf9f0fd,0,9800.0,3
c3c33c1fc6b2,0,100.0,1
3851c80bbe4c,0,600.0,0
fdf7357b5e00,0,5625.0,3
c7b5e8346154,0,9450.0,3
b72e7a8a020e,1,3950.0,2
a9828bf8a873,0,3425.0,1
1b36fc140348,0,5325.0,3
470a13cd3a00,0,1650.0,0
b5e3481580fe,1,2625.0,0
7db9e59e8d00,0,150.0,1
e0a872ecdd89,0,2475.0,2
69c5533b3492,0,6050.0,0
e7fba3c80ff3,0,1050.0,1
442c927071c6,0,1500.0,1
63cdbcf50213,1,1700.0,0
afe38e0c3ce9,0,5875.0,2
9ff518c4c00c,1,4925.0,3
183f765e6f14,0,2150.0,2
806a24b12a4c,1,15375.0,0
048868ecf265,0,10725.0,1
b68628369be7,0,1350.0,1
99e16fb0143a,0,6700.0,3
8e05ddf8ba95,0,3950.0,1
b42288740786,1,5400.0,1
b3f9fbeb4f75,1,2500.0,1
1f461cf1865e,0,6800.0,3
19b3cb1a4574,0,30100.0,2
86af689cb4a7,0,15550.0,2
39cfbbede951,0,18300.0,3
e0f39a7021a4,1,1525.0,0
7c41f30cc472,0,9925.0,3
ae96050c3066,0,1000.0,0
a1fa8a5e2f81,0,975.0,1
ad07280696aa,0,4050.0,0
e9e5b6656358,0,1625.0,0
095e2243ee20,0,25350.0,0
32cd67071ac2,0,3200.0,1
8c710afb798b,0,550.0,0
85ab4707ca11,1,21650.0,2
7659505ca163,1,15675.0,3
a49fb51a8370,1,5075.0,1
d2c8bcad4146,0,9675.0,2
10b13cf1ca3a,0,2450.0,0
f6e8454995cf,0,25125.0,3
d4b910ec2b7b,0,14425.0,3
0c97d6e38b0f,1,7625.0,3
ddd204ba1ed0,1,2025.0,2
ac8f4ce36988,0,3500.0,0
0298a4626a8d,1,16600.0,2
90d8db36ddc4,0,650.0,1
e219948d895f,0,5600.0,1
2cc66f8d97ab,0,1100.0,1
2fb293fb4656,0,7600.0,1
de843403c1f9,0,23850.0,2
db31c6437f6f,0,2975.0,1
ba73ea1a642f,0,1925.0,0
56435feff5eb,0,2475.0,2
85b3cc545d2d,0,5375.0,2
cb2f0900d753,0,42625.0,3
574ab04c1c85,0,11150.0,1
feaf43c0b852,1,1500.0,1
1517bd861f62,0,2350.0,3
456ebb0f22c2,0,2400.0,0
4773d751be16,0,6625.0,3
9adee016db5c,0,875.0,1
5aa8b75d50cc,0,5350.0,3
b8449ac71d06,0,300.0,1
ba446e98a505,0,6300.0,2
7a6cd86e5ad1,0,1475.0,1
4d062b6d2b5f,0,1100.0,0
e231a7428728,1,12125.0,3
01e2ca7c22ef,0,6900.0,2
853b35f41fca,0,1350.0,3
320556f2b83d,1,11800.0,3
a2806846c887,1,5250.0,1
ab78fb8484d7,0,13975.0,3
e833751bbebd,0,2200.0,0
020333f086bc,0,100.0,1
065b62c30b3f,0,8975.0,3
e04130100c07,0,2250.0,0
4be7eb955e29,1,48100.0,2
ea28c1c8888a,0,2700.0,1
11c47ee52b24,0,150.0,0
338e319bd583,0,16975.0,3
3fdac399c83d,0,400.0,0
29269eb95ba4,1,1325.0,3
fa0aa370ea4d,0,550.0,3
2dee807ec8d7,0,5000.0,1
1477bf1339e7,1,2775.0,0
b5bbb6182639,0,7450.0,2
2cd306491c95,0,800.0,0
b0866621d471,0,16950.0,3
e2da5b81688e,1,2300.0,1
b4ef7297b2f4,0,350.0,0
772186f7a0ce,1,7875.0,2
f56758830f0c,0,3000.0,1
e7973fc35416,1,1500.0,0
c9142cf03df5,1,450.0,0
cf4d1489497f,1,10350.0,3
db946d3e5333,0,11750.0,1
801db714e76b,1,1600.0,0
c51007a7cbfa,0,11350.0,3
9c397906513a,0,1050.0,1
e57578ba1186,0,5700.0,3
724e66fee838,1,1100.0,1
3d6663567611,1,4375.0,3
69adb285c266,0,15175.0,0
59b6566137d5,0,12050.0,1
dc2a1abe09e7,1,15725.0,3
9da98a238a35,1,9575.0,2
c742ed9ee9df,0,7975.0,2
e8e86b5a6828,1,3425.0,3
590a128c9d1a,0,1500.0,0
cb6b46c04d33,0,3200.0,1
55e3113becd7,0,25625.0,3
9d1efeed70c2,1,5850.0,3
ad8f97e86493,0,13100.0,3
7a1e097cd710,1,28525.0,3
0fc022e5de12,0,20525.0,1
899cd87dfce6,1,39350.0,3
98e4e88ac06f,1,1300.0,0
09ac8a56e5d2,0,5400.0,3
70bf85e987b6,1,3950.0,1
ba36e0a3c61f,0,1125.0,1
f6aef8fbe416,1,13950.0,3
975a2341561c,0,10875.0,1
d3a62e91d0b9,1,5625.0,3
90d1c933a5de,1,1100.0,0
1e2dc560f3d8,0,2475.0,1
aa66f7725407,0,2175.0,2
5da9726be2e5,0,15250.0,3
5817acce45aa,0,6075.0,1
f5612fa1dd12,0,3250.0,1
838dcfd7e2c8,1,7675.0,3
28d5fcef1d84,1,3000.0,0
9820a9fb424c,0,2725.0,3
fa2c6596ec99,1,9425.0,2
7919e3831273,0,3700.0,0
bdf63032dbd4,0,13525.0,3
3144e3e2245d,0,22675.0,2
0649c53ba708,1,5825.0,3
2ec9d6365251,1,19150.0,1
f2f076c47e50,0,1550.0,1
fae64b34f1f6,0,2950.0,1
ef866a16ccf6,0,2425.0,2
14a32aab57e0,0,6425.0,3
871f8240f846,1,5700.0,2
a556c5b226d3,1,1050.0,3
93e540e88a04,1,13625.0,3
395fa7e20321,0,15525.0,2
50c1628bebc4,0,13750.0,3
de1f2a997325,1,13625.0,2
bf3503b0c664,1,1675.0,0
cbcfaf28b87f,0,3425.0,3
81e9aec3767d,0,33675.0,3
fadb1a16a075,0,1600.0,1
531adcc76f72,1,8825.0,2
a070fc49d053,0,2250.0,0
e0b7a72f5742,1,7900.0,1
a7fe98d0666e,1,7500.0,2
3cf2d3117568,1,13725.0,1
036c4e2c5e30,0,950.0,1
b90521ee5ec3,0,900.0,2
1113a051e18d,0,6750.0,1
7ef399767672,1,7900.0,2
289ed405d96a,0,1300.0,1
5e0309976b10,1,6075.0,0
f0571519cf78,1,5375.0,1
6876e5e6ed6f,0,5900.0,3
e0d8fa4b17b0,0,16575.0,2
679be1944f86,1,7575.0,2
d35c58aaefbb,0,32600.0,3
313f899bf581,0,625.0,1
55ec42aa921c,1,1200.0,0
76d4a69a58f1,0,5275.0,3
2d1b19fb03f5,1,4050.0,3
83f3457b7664,0,8450.0,0
d92cea0511cb,0,2800.0,3
f4dbd24733e8,0,1025.0,0
28bedac0cdbe,0,9175.0,3
cbae62ad22f2,0,4650.0,2
ab646f53a808,0,3275.0,3
7eea8013ed8c,1,7300.0,1
bdf2d2aa1d6e,0,1600.0,1
6d809963a91e,1,4850.0,3
653ea3b8a8a4,1,1100.0,0
01a115f5b53c,0,55175.0,3
b462fa07eb2c,0,3425.0,3
db5088b7a3e0,0,250.0,1
2d53632b0016,1,1875.0,0
4c4a8ad84ec7,1,1500.0,1
3fe67133dbc1,1,1950.0,3
7c9733a0c838,1,3825.0,2
29b0fc83f0da,1,3950.0,3
d56680386d9c,0,100.0,0
ec99153102bd,0,1550.0,2
8a4c79e19c4b,0,9350.0,3
ef695968ca47,0,3000.0,1
675d09f7290e,1,11650.0,3
cc87e0298a3d,0,7250.0,1
9ff1a5a590e8,0,1600.0,0
f19908b781f2,0,50.0,0
18488783062c,1,3300.0,2
56ca4bad86f7,0,1000.0,0
afb1ae8141a7,1,8075.0,2
53d3e65a4947,0,2900.0,0
88f4ac6910e8,1,2900.0,3
d193bf14b698,0,2300.0,1
0509f74b5feb,1,4075.0,1
28b5cce8e65b,0,2425.0,2
74fc7bb36206,1,14975.0,0
62b79f6c7dfd,1,625.0,1
6a21a69ab9c1,0,550.0,1
b4bc5fa11bb5,0,25175.0,3
38ba90880f5c,1,5850.0,1
805b549c8290,1,1550.0,0
5921056e8e3d,1,6800.0,2
991736c03764,1,1700.0,1
428725bc4f8b,1,2750.0,1
0e0f9c4d8cb8,1,2300.0,1
84d81451d5e7,0,27850.0,3
22866f1538e0,0,825.0,1
2cd67913cc07,0,8200.0,3
ef54bc977b27,1,22425.0,3
fc7bf41d14a7,0,150.0,1
1cf4e1ae0aec,0,3200.0,2
31df66a6d13e,0,2700.0,2
3ab5fde56005,0,2475.0,2
5215e9ef6e97,1,5850.0,1
8dcdf627b8fc,0,850.0,0
82348bd307b9,0,2600.0,0
0eac7a64b51e,0,1650.0,1
24324a8f7ca1,1,5075.0,3
61708a124a28,0,3000.0,0
22dcf265e9d5,1,7975.0,2
284d00adc1cb,0,6675.0,2
86341009a806,0,7100.0,2
604b723ab283,1,7900.0,3
2b310441d366,0,50.0,0
7767b984bcae,1,11125.0,2
d18a6c30152d,1,6250.0,3
012ee96e59d7,1,10950.0,3
f4bf5a4620e4,0,4800.0,3
8f8b412fc7f0,0,34400.0,1
ebc8d478259d,0,1200.0,1
e07ffd9a8384,0,400.0,1
55c4a752aebd,1,8375.0,3
8f8043541902,1,2300.0,0
66d249c38230,0,4400.0,2
bd32c09a740c,1,2075.0,2
d584002f0b0b,0,1075.0,0
f7ef15fbc0bb,0,6125.0,3
1bf75c6ee3b0,1,400.0,1
f832474251ed,0,2375.0,3
62613e635038,1,4750.0,1
665dd433f1f4,0,6750.0,1
c6454c7b6e13,1,2825.0,1
dd3c56ce5ae1,0,6675.0,2
88f1001476ee,0,1325.0,1
c03267bf52e7,0,3625.0,0
2318790fe939,1,3375.0,1
63177790c5bb,0,26575.0,2
d10819235568,0,2625.0,3
0efa8687518d,1,15625.0,3
d03745db4c7a,0,4300.0,3
b79beb234203,0,19625.0,3
784c8ba524dd,0,1800.0,1
b2b42e2a7028,0,4225.0,2
b91caea7ee39,0,700.0,2
d576a7ecbf06,0,2425.0,1
1c6d40caa861,1,6225.0,1
2b2876b02aa2,0,11800.0,2
919472cbfc9b,0,6400.0,2
b038c250e399,0,15575.0,3
a1278f5a0abc,0,2550.0,0
15d4f0ed1427,0,39575.0,3
20a3e0624c9f,0,7600.0,2
9d0724ae66e3,0,3000.0,2
02577e606c80,0,2000.0,1
66f742dd345b,0,11750.0,1
2f83cc34f604,0,1050.0,1
63eada5059af,0,4100.0,1
7b239cc8a663,0,425.0,0
4a139e105dc5,1,1300.0,1
d083707a1d3f,0,3625.0,2
5f4df6784827,0,22325.0,3
934c5b9c8819,0,12700.0,3
91341860b8fe,1,18700.0,2
ba9e493b83ff,0,8225.0,3
612758541d3c,0,6075.0,3
3105e8343292,1,3950.0,1
612247574774,0,9275.0,1
eee70eed8881,0,1725.0,1
42d5085a50c9,0,750.0,0
d913f2463b79,1,2975.0,0
48eddf42c79a,0,16475.0,3
619f22c89200,0,22950.0,3
380bab6fe930,0,1700.0,1
c2e5f88c7f2c,0,3300.0,1
a2d570f610ad,0,27800.0,1
0f123d280028,0,2800.0,0
e5de4a625564,0,875.0,0
c726f7f76ea0,0,17450.0,3
388204ab6c65,0,35925.0,3
6acf5360caf3,0,3650.0,2
95f4e8bf685d,0,50.0,1
766525f05a63,0,12650.0,2
01180f248963,0,8125.0,2
350aab3f72e0,0,0.0,0
124d6778b700,1,10925.0,2
18bb4c4735e6,1,1200.0,0
0dc5a5cb20e0,1,1100.0,1
e49252690635,0,3275.0,2
a5b3dd8c6a02,1,7450.0,3
3456a1562674,0,24750.0,3
33dbfbd1b599,1,27175.0,3
48c670ece13f,0,5950.0,2
8d8fcccd2810,0,1850.0,3
8efbff6856e6,0,20050.0,3
2c1250b2f551,0,4175.0,1
e2b87286cf08,1,11625.0,2
fced4e8137b9,1,17475.0,3
927194d8ba72,1,10900.0,2
26e918593083,0,5200.0,2
a0c0195c778b,1,4400.0,2
33d1222b6d0e,1,325.0,2
31ba648bc00e,1,3675.0,3
acba9fce5538,0,10450.0,3
efbe28f41aa7,1,9425.0,0
cc1bf2806ac6,0,35100.0,3
7f9e38f7dda6,1,14500.0,3
99dd8fa8c0f5,1,16575.0,3
c64c7fc0a688,0,19825.0,3
56b193f64ce9,0,525.0,1
cd05c7e678cd,1,7875.0,2
1697902f324b,0,15725.0,2
27cb269d6572,1,500.0,0
6ac925cc9a4d,1,2875.0,1
969fa8f6c688,0,6100.0,1
e8f1dfaad6ae,0,35700.0,3
977453c3da11,0,2100.0,0
0515ea24bc2e,0,3300.0,0
0aa97f6ece4e,1,2850.0,3
7d5bf09fab76,1,1600.0,2
39e2b88b3b52,0,100.0,1
0760e6d4d708,0,1725.0,1
383aa1f60b02,1,1250.0,0
735c6d53083c,0,1450.0,0
f7ea43490960,1,19475.0,3
8037a73844eb,0,3350.0,0
4d97a3db1b37,0,700.0,0
a87973976473,1,4900.0,3
660d5662b03b,1,22700.0,3
50e6ec0b34b6,0,1700.0,1
286104cca873,0,7175.0,2
0966ffff6fd5,0,13500.0,2
a683422f073a,0,2150.0,0
600e77af6c00,1,1150.0,1
b0c6e25ed34f,0,41325.0,2
034058f78624,0,2725.0,2
82b2044a04f9,0,125.0,0
22e830c1cedd,0,3400.0,1
bc10f5dc19a8,0,2600.0,0
c3afbfde57c8,1,20250.0,3
3e4101e15531,1,24800.0,2
36743d5ef800,0,4700.0,0
7c6c1ef9a52c,1,21350.0,3
98aadca3ef87,0,8850.0,1
23241c1986db,0,6375.0,3
ea7b559e2feb,0,11950.0,3
f696e4cab56f,1,13400.0,1
cc48ce89d22b,0,11900.0,2
19ba5d84498f,0,17050.0,2
f1aa6dea927c,0,4675.0,3
31bc5742789f,0,7000.0,2
5ed4550a1b0f,0,19200.0,1
3af0783b5eaa,0,5300.0,1
2f170d70b12f,0,18400.0,3
346294021892,0,4400.0,3
75646d4c868b,0,16575.0,3
3d16edb78a89,1,2625.0,1
c1a90190f86c,0,30175.0,1
0877dd71a7c1,0,2500.0,2
ddfc28ba6427,0,6200.0,1
4abc11b8cfc4,0,700.0,0
060c2d1a9d6b,0,6700.0,3
2c9930f7cb01,0,1050.0,1
697c9c07d11b,0,13500.0,3
f35d63962533,1,16600.0,3
6e4de80efa1f,0,22775.0,3
4c8ae68de266,0,23400.0,1
7572b64df125,1,3950.0,3
87d3b302a301,0,3000.0,1
f52e994d3f16,0,6250.0,0
a7f3d53213cd,0,1250.0,0
b4844a1af292,1,17300.0,2
7003bfb6e7b5,0,3300.0,3
56c18a7cf149,0,0.0,0
2b5b1b2ce41f,0,23250.0,1
30acca1c500a,1,5400.0,2
d6de0e3074fd,0,4200.0,0
2113a94bddcf,0,7975.0,3
a92f978ca2be,0,5500.0,2
ab3ed20c837e,0,25775.0,3
11d5c8df6cf9,0,15050.0,3
97e813e07020,0,1175.0,1
a2809c474baa,1,950.0,1
1b14cf9ccf67,1,24625.0,1
864323d5c5d6,0,3075.0,2
8d85eaa00201,1,12150.0,3
52541e5ff2f4,0,1550.0,0
0c2314e89375,0,1700.0,0
fdf2aa49d389,1,1200.0,0
0c9fff7a455e,0,50.0,0
380ea89c8ced,0,53000.0,2
dd9c82ccc7c1,1,14125.0,3
0fa2c31e314a,0,4250.0,2
ce36e3938225,0,3350.0,3
824a8b334d0c,0,37825.0,2
ae8f2cd3903f,0,8275.0,2
a555ccbab723,1,28850.0,3
bec7b990f338,0,750.0,0
41fd5b95ff7f,0,400.0,0
0f87c1f4d48d,0,3350.0,2
001468746e05,0,975.0,0
7ba18da38b64,0,12800.0,1
16eb62a1f371,1,14450.0,3
b44a07918b65,0,3000.0,3
eda747fb3c12,0,11125.0,2
7da5992724b0,0,1425.0,0
2b83ca46e047,0,4000.0,3
b3b54cb0fcbb,0,9575.0,2
f8cdbde768c6,0,1125.0,3
5d0d3aaa1d6c,1,900.0,1
057d27a2d1e4,1,11475.0,2
1afe673e1a5b,1,10650.0,1
f47feb6c8767,1,550.0,2
6ba3ca9c9b46,1,2650.0,0
5983aaa3d0c3,1,4800.0,1
3bce9af677ff,1,11100.0,2
0c1f084afb95,0,4400.0,0
cbf0dcce9bfa,0,1300.0,0
fde5e3002c1c,1,900.0,2
29f78b8ccaf6,0,1450.0,1
83dc8de66d23,0,5250.0,0
f68e1f2460b4,1,1000.0,0
3cc8c48db45c,0,7050.0,2
2b0523b81692,0,9825.0,2
a5d0eb4bd12a,0,13800.0,2
b5bf813bc84d,1,4750.0,1
38123e9ca094,1,1000.0,0
bd091199690d,0,4825.0,1
ae9069ebd8ab,0,5750.0,2
476d10665736,0,2000.0,0
4a8a220f85c0,0,1700.0,2
dc02ceb924c4,0,2900.0,2
409d3a47c035,0,900.0,1
449af3acc57e,0,2175.0,3
1524cc82eb63,0,2500.0,0
87dd21ed075d,0,1775.0,2
9a43b2506edd,0,1050.0,1
9a5149ef4eae,1,1925.0,1
63bf9baffeb5,1,3425.0,3
e30f01a8d08f,1,6950.0,3
2e9b2e5e7a79,1,625.0,1
c6573f62a3c8,1,975.0,1
fae94ae896f1,0,900.0,0
4c1b635c9245,0,2825.0,3
566e9792cd6b,0,11475.0,2
8dcda9f5df4c,0,2775.0,3
98a93be5f02f,0,21675.0,3
02205cd4ad69,1,2175.0,0
8ada9eafe2b3,0,1525.0,0
9ff0f91a5148,0,6025.0,2
98a44aaa23d5,1,7500.0,2
2290baa54cb4,1,1100.0,0
59ac18a7a47c,0,1100.0,1
513fd56eea01,0,2650.0,2
9a47b5ddd322,1,4175.0,2
35c6e0c6714b,0,1225.0,0
9d2acb357b15,1,17800.0,3
e1daca4dfbe8,1,3050.0,3
aff28ad446e5,0,1875.0,0
879a73bca9c3,1,8400.0,0
424cb8035f41,0,8400.0,0
b5fc630b06b7,1,15650.0,3
88b97a3a0aa1,0,1125.0,3
d3fbab1bdb59,0,3125.0,1
b5c9d99fdd08,1,12950.0,2
448053d8c6c0,1,13275.0,2
f700248527f5,1,2400.0,2
91d7a32cc7e6,1,2250.0,2
5c9cf4348037,1,5025.0,1
15c6db8a7c43,0,50.0,0
086e41a41d8b,0,1850.0,0
9bbd2a712b9b,1,1025.0,1
fe366bbb01fd,0,17675.0,3
0f9a29946000,0,20175.0,2
278c6c638b1a,1,5950.0,3
4c97e17ed328,1,15975.0,2
f877ccd6f623,0,1025.0,1
6344c804d2b2,0,1750.0,1
4bfa01a7c118,0,15975.0,2
dc1c2c95740b,0,700.0,0
1118299e621c,1,14300.0,2
14d80f963252,1,1200.0,2
b8a34b8f2469,0,2975.0,1
f9e92b838a0b,0,3500.0,1
8a0e40047585,0,12975.0,3
8d5470f2a233,1,1200.0,0
795e04938bd6,1,4775.0,2
b88812c73921,1,2600.0,0
d39b3aab160b,0,4950.0,3
f4d8aa886150,0,27625.0,3
a2ccfe8f02b7,0,19275.0,3
9ca2f9065cac,0,1425.0,0
83e391f1a04c,0,450.0,0
2a6638bc9042,1,625.0,0
e4cc44979768,1,8850.0,1
b745b56c0a40,0,1425.0,2
05795a384cf6,1,2000.0,0
b0d7cb4dae4c,1,28325.0,3
5fac800ce35e,1,10050.0,3
6cc88eb4fefe,1,3300.0,0
85e9c54dadd5,0,750.0,1
6e7357f1c81b,1,2400.0,0
394d86636d21,1,2550.0,2
97bfa148a658,1,3900.0,1
cee105f71928,0,2200.0,1
11c3befb650d,1,11200.0,2
5157c7d2a9f6,0,11125.0,3
7c71daa7f77f,1,20725.0,1
5a1bae9e615e,1,1300.0,1
1f7536a7a697,1,2025.0,1
8bdae3b68a87,1,1600.0,1
6e62d4a61dc0,1,3575.0,1
3c62bed9ba6d,0,8750.0,3
432219233bfd,0,6300.0,0
33835685c519,0,900.0,1
7b4ce44875af,0,19600.0,2
30898c19971c,1,6275.0,1
86126d2a916e,1,4100.0,1
c54f2a94c3e2,0,10400.0,3
6ca2e020f346,1,7600.0,2
210c610c9caa,0,13900.0,0
35f021c3df30,1,15050.0,1
56a6aab6dc74,0,1425.0,3
d28b1432546f,0,2300.0,0
ce4659f8edf0,0,7675.0,0
8514602ed638,0,1225.0,1
bd767f361b86,0,9550.0,2
1eba2b52223e,1,8125.0,3
c850dad28abe,0,2800.0,1
003dcb0ff84e,1,14475.0,3
4b94f2d61f18,0,20050.0,3
6a9ecab6e9d1,0,2200.0,1
4e4f9b974df2,0,1075.0,1
725e76aa02cf,0,1200.0,1
1c52348a58ad,0,3850.0,1
1f43fa21add4,1,28525.0,2
da1f06330917,1,3100.0,1
8b98eafc032b,0,7850.0,1
3e49d6219a10,1,4825.0,3
a4fbbf46eda1,0,1000.0,0
d769bd43edde,1,10525.0,3
d3058d98950c,0,4225.0,1
93a5d8bac4f8,1,3400.0,3
83a2c116ca42,0,350.0,0
7193b2429772,0,625.0,0
1a2915777cb6,0,23400.0,3
da6a0ea0d025,1,1400.0,0
a1bb842740e7,0,21600.0,1
3a1313522a97,1,4400.0,2
cba21fe85172,1,7600.0,2
3251d29978f0,1,1400.0,0
4ada54d44d99,1,3575.0,3
57f8ba9f2b3e,0,2550.0,3
45e58dc68f34,0,375.0,0
fa3b0affd313,0,700.0,2
4af21377471d,0,15550.0,3
911a87e87046,0,7000.0,3
cac3f97b6fe2,0,7775.0,1
29e4c4280bce,1,2950.0,0
4f79fbd60523,0,100.0,0
b70661b768a9,1,1500.0,1
a6d0705ffcc6,0,30850.0,1
72c7dbd145f7,0,5825.0,2
33791f8579b7,0,14850.0,3
67306e97f88a,1,5000.0,1
e758d0de93a6,1,13250.0,3
51aa7cec9a1b,0,5975.0,2
396fd40b4223,0,4775.0,0
983727b13e15,0,1000.0,2
fa323e677d16,0,3075.0,1
2d7cb09ae4fd,0,6125.0,1
9b421e0c3240,1,4425.0,3
da0231419379,0,2250.0,1
7a3466ca7134,0,1250.0,2
e2d0783409ab,0,1000.0,1
03c2289a3824,1,1125.0,0
0f66731dc323,1,1725.0,0
fd97b019f880,0,1225.0,1
6accf51fcc0b,0,5150.0,2
8be29fc6689a,0,1700.0,2
0d0c950ed033,1,4750.0,2
36b1dc0361a2,0,100.0,2
2224e5157748,0,1675.0,1
13743c5ee61e,0,3700.0,2
ff6d51b6fd42,0,2875.0,1
4f5140167ef0,1,2975.0,2
b551ff7cc2a1,0,5075.0,3
26e7f4deedc0,0,425.0,0
cdc756df190c,0,12700.0,3
ad5d376d6c6e,1,8300.0,2
ecb4e19921ef,1,17800.0,0
86e3c2f38a92,0,12675.0,2
ba3f00100e9b,0,3525.0,1
28cd1774cafd,0,8600.0,2
d3811a68ab4a,1,5600.0,0
5cdf60357d24,1,21850.0,0
52f4258ae27d,0,7150.0,2
5fce40d3f081,0,8050.0,2
8ade279c75e3,1,1300.0,0
d913a640d334,1,6150.0,0
4781083c79e8,0,5300.0,2
45026a3ef2ec,0,2600.0,0
9bd9a95a2b38,0,1100.0,0
add367bb4987,1,2200.0,1
7b2967465958,0,1650.0,1
5e6ad1218149,1,1575.0,0
65d9ead4d467,1,1375.0,0
ecf236ed7b32,1,1500.0,0
7898b29b7259,0,150.0,1
abc060f85cbc,0,24175.0,2
79d91892db38,1,10175.0,2
5bf059017ad7,0,1900.0,0
e3afebce1cbc,0,60050.0,1
713b7c19666c,1,18675.0,3
f1032372bef0,0,1250.0,2
173761f95d1f,0,4200.0,3
bab14b95de3b,1,2550.0,2
e35a78bec7d1,0,800.0,0
ad87a23d39f4,0,10300.0,2
1dc16a8f76ac,1,2150.0,0
f2f47c2a8fc0,1,3050.0,1
bc67537e98e2,0,9550.0,2
13d04c05371b,0,6475.0,3
7402c08ac5e1,1,1700.0,3
b7e3dfebc728,0,40075.0,3
d033d90587d6,1,900.0,0
9d4afea3bc62,1,1625.0,0
dbdd3248233a,0,100.0,1
25b5ac4616b4,0,2900.0,0
2200f3589dfb,0,750.0,0
bedccb805817,0,9375.0,2
e363ebe072f8,0,10000.0,1
e00c2be59a33,0,17800.0,3
a6689912fcc9,0,2125.0,2
ecdc3a7b023c,1,2625.0,1
344f94f68935,0,1225.0,1
45f2c04d9c80,1,4125.0,2
eb6109538b29,1,3100.0,3
6ccb79991b40,0,6925.0,1
6b9123985f52,1,400.0,0
6eb040b63d54,1,3300.0,1
026f312d06b8,0,950.0,0
54ab4dfc262e,1,15700.0,1
9cfeafb4b89c,0,11950.0,3
8e751e5aa6d6,0,1250.0,0
2770be0767af,0,2000.0,0
29b4d083e2bd,0,2975.0,0
4fdcadf65198,1,4750.0,3
e09375b8cee9,0,525.0,0
3502891e9f97,0,1375.0,1
22fd1a52ab55,1,2150.0,0
ab6d57a32596,1,13250.0,3
bc9f78811391,0,3900.0,2
ee77a0fe2328,0,8625.0,2
4a5b0dd8de1a,0,200.0,1
d05d3817eb32,0,1375.0,0
e9dfa32e50d1,0,10550.0,2
618af7ed5fd8,1,21825.0,3
9ddf836d4468,0,2625.0,2
eace9856146c,1,925.0,0
340461c586fc,0,275.0,0
9104f73212b6,0,25875.0,1
20bceca5e4db,0,3025.0,0
bf2df04d73a4,0,10425.0,0
04df123fcc3e,0,3100.0,0
4c67562c757d,0,10750.0,1
ec63d0fcd23e,0,775.0,1
311887e2a8bc,1,11800.0,2
8d5066e43fb7,0,11500.0,2
92865b269354,0,30850.0,2
bbf6fe58c98f,0,3350.0,3
ed8255379482,0,1350.0,2
583cb41cfd70,0,8850.0,3
d360d416e96f,0,4150.0,3
a6f1826deee7,1,39525.0,3
60155069580f,0,1975.0,0
87170ad38400,1,11400.0,2
8fb0a107fd1e,1,8075.0,3
e0cb85f7e25b,0,9225.0,2
c97caf7f25af,0,1050.0,3
d309b5fff7f6,0,150.0,2
13cf76d8a2fc,1,9125.0,1
ed9e85cae88c,0,17325.0,3
5e845a27378f,1,2725.0,0
f6a3f4ecada2,0,70600.0,3
434f1668860d,0,18700.0,3
c2c04d0a695a,0,10750.0,2
004cb9d556a3,0,14900.0,2
4efb7e5201b9,1,9775.0,2
1561ff6e8442,1,2000.0,3
f2a041612ba1,1,13125.0,3
a8bebcee4ff4,1,8225.0,2
9c19605ef6b3,0,625.0,0
83f729f22d74,1,5775.0,3
6ed1184e5e54,0,23650.0,3
c8db377cd017,1,7000.0,3
6175d38427ff,0,2000.0,2
1ae2649b454e,0,500.0,3
61f3595ba539,1,14075.0,1
93c9411522a2,1,2425.0,0
1ad296f251c3,1,31000.0,2
06c47b8132fa,1,10750.0,1
406c42769989,0,7800.0,3
2c62c6e4e581,1,7475.0,1
8d29511cc93c,1,2125.0,0
168d70fe4076,1,3875.0,1
6f76cec93b5d,0,2550.0,0
979c1a05c704,1,10250.0,2
2bae25281125,1,10850.0,0
7180ed7c24db,0,26525.0,3
517ba2dab614,0,23900.0,3
99110ecefa93,0,11775.0,3
1aadcbf01b47,1,10700.0,3
02cf6b878ee7,1,5400.0,0
f7467caf2dc6,0,4200.0,2
21876343427f,0,5600.0,1
c5b3d7f10b35,0,6050.0,1
4aa270632b6d,1,6500.0,2
ae1250b9f209,1,7575.0,1
459dfdc931bf,1,9275.0,1
f6eda6338ab2,0,22425.0,3
da2d2270587b,1,11150.0,1
86b5927e3a1b,0,20675.0,1
193db59f9584,0,500.0,0
640b57ae23c7,1,15825.0,3
d4375666c044,0,200.0,2
7f1261516b2c,1,20475.0,2
542d0f56217b,0,4550.0,0
683606951b9f,1,36050.0,3
3c389eea2a55,0,2700.0,1
58de7982fadb,1,15275.0,3
38ee428c23cb,1,9750.0,1
7df37da1ed74,0,1950.0,3
43773236f2cb,0,2200.0,3
814127cc0ee0,1,3750.0,1
4a47570cc60f,0,2650.0,1
32d0eda6b7e9,0,4300.0,1
925b6198b10d,1,8200.0,1
4b6ffdbcd435,1,13675.0,2
ca631e9a5a4e,1,1150.0,2
d8a4425bf3ae,0,3250.0,1
da9bf3a02f9a,1,5650.0,3
66f82bc24c24,0,3250.0,0
5645842ad227,0,1600.0,1
25527574fe24,1,2925.0,1
31b6135631a2,1,17225.0,2
2b3c020682d6,0,3100.0,0
b5889ba9839d,0,5750.0,2
b369a1b15acf,0,44300.0,3
997264aa7c25,0,13475.0,3
cd19736c97bf,1,1250.0,3
c99da404dc46,0,14950.0,0
b5ec0a09b7b7,1,2900.0,3
a546123418cd,0,28525.0,3
52c3a2e32b32,1,800.0,1
718650139b96,0,3050.0,1
c38b1e874806,1,8425.0,3
4fd2f91ae040,1,4725.0,1
f7d320a04b55,0,200.0,0
bc2c6cf29be5,1,57525.0,2
876406bb05c3,0,1325.0,3
feb0cefbc3be,0,1400.0,0
12eb14b97c11,1,2225.0,0
4f853b0a584d,1,1700.0,0
84906a1e8ba0,0,9900.0,3
9fb08656a252,1,26175.0,3
548081092bac,1,1525.0,1
9eecb1134586,0,6100.0,3
860d85b8419b,1,7475.0,1
034be2fdcc63,0,2525.0,2
d09af3016820,0,4000.0,2
76ac7f609479,1,12775.0,1
49dd06ef1f60,0,43800.0,3
7d72e2bd0643,0,2775.0,2
d8a142528605,0,1400.0,3
77d99a51e1df,0,1150.0,3
050a4a0a4b26,0,15400.0,2
bfd84b5c7b65,0,350.0,1
1181b976c3e3,1,2125.0,0
5306aa4ccc2f,0,2300.0,1
0bbe1048d7e0,1,6250.0,3
5a5f10d7af26,1,43800.0,1
d5e7a10f8d23,0,450.0,0
45936bbdcb03,0,11350.0,3
7abb68489c49,0,750.0,1
ed53257f8ef6,1,2525.0,2
ceb8b0fa45f5,0,4300.0,1
fd61aa58f576,0,2200.0,2
9e10ffe6e71a,1,2100.0,0
33d3db7e3f73,1,6525.0,3
b4e5c50ddfab,0,200.0,2
6f1de426d0b3,1,900.0,1
8832152dec91,1,6575.0,3
27324adc85a7,1,9100.0,3
d32dd7507505,0,2675.0,2
eb83ca5202ed,1,11700.0,2
4659b4c03f8f,1,10700.0,3
290e85875fc2,1,22950.0,2
dc77ca9a2eb6,1,11225.0,2
66845451b9a2,1,6600.0,3
904998a30735,1,15075.0,2
28d14dba1e9f,0,9850.0,2
208baf58a060,0,24150.0,3
48ca74ccae2d,1,20350.0,3
0fb24a2c13c8,0,59675.0,2
f8a567a28a58,1,2100.0,0
0deaa5313e53,1,8550.0,3
a00781e4b231,0,20225.0,2
0f2c801b5976,1,2850.0,1
d5d7146fbc9c,1,3000.0,2
4c3bd3112572,0,5350.0,0
1059df80c85d,0,8150.0,2
2554ffd32d2a,0,250.0,2
b673511b9136,0,250.0,3
a7f4a2212d84,1,8325.0,3
5fefa37e0fbb,1,17775.0,2
3d6fffe203c3,0,2525.0,1
ddfeb870b4df,1,17775.0,2
2e09cbb7d55e,0,2700.0,0
7eb831ee7875,0,50.0,0
8568065ad15f,0,5550.0,2
b855055b8d31,1,15100.0,3
398fabcc2f1e,1,6550.0,2
b34b9ca95a2f,0,3600.0,2
348013942536,0,700.0,0
6a9849c94240,0,5175.0,1
f6fda398534c,1,3000.0,1
b84e3dcc0b4b,0,2375.0,0
aefbad03fa43,0,1025.0,0
e145748e44d3,0,1650.0,2
97f312225561,0,850.0,1
06e82dc219a8,0,2550.0,2
be440ff86a75,0,42125.0,3
e49218e6a8f7,1,6300.0,1
c87392fc24b1,1,13475.0,3
4b7968a0a0d0,0,1350.0,3
453b2eca90a7,1,4050.0,2
bb0a79d534ca,1,6775.0,2
e15b76f43275,1,21325.0,2
817518692a12,1,28600.0,3
e300873fc921,1,3450.0,1
e8ee4b4f7f04,1,7875.0,1
20e9043b4307,1,7500.0,0
60cd13bd97e5,0,4900.0,1
03e24a26e8cd,1,14625.0,3
60306806e40b,1,1850.0,2
4e514df03213,0,5500.0,3
b4398bc1285f,0,11500.0,3
da9ede87cfab,1,1400.0,1
d381450485d1,0,975.0,1
3ed5b414869c,1,1675.0,0
3c53277b1605,1,1775.0,1
d4f02f8ec59a,1,14525.0,3
9c6f0a7e5b85,0,275.0,2
4bf2583a77f6,0,1700.0,1
f1824683640a,0,7325.0,2
b35e2a979262,0,1250.0,1
7ff2f36aa679,0,2325.0,2
63e7a80a1848,0,42850.0,2
dd49b5de4fc6,0,3375.0,1
f1db1c6c069a,0,350.0,0
76cd268c648e,1,5050.0,3
1e058d1e93d2,0,9450.0,2
9fc9644a7938,0,550.0,1
65db11783b78,1,9250.0,1
00ee17971923,1,1575.0,0
e020544c6a7f,0,0.0,0
67c2b46fbb4d,1,12600.0,3
f7976dc4e759,1,1100.0,1
dec417e0e30d,1,6550.0,1
cc2138ef1df1,0,15175.0,2
aec545a288da,1,11525.0,3
da2ffcb2c442,1,4850.0,2
7b3d2231edc1,0,5475.0,3
c3f7887766c8,0,22125.0,3
b96fa7b28b88,1,30350.0,2
58187e28e98e,1,9700.0,2
8bd9207759df,0,13475.0,1
1eeb582fc198,1,2750.0,1
81b4b2ba72f3,0,1100.0,3
3c1239440047,0,3600.0,3
7bebe8dab8a5,0,2325.0,0
dd43a1957afe,0,23450.0,2
0129a2f76be0,1,9450.0,2
2423f4afb2c5,0,100.0,0
11c58a61d8cc,1,12900.0,3
8d004eb02cc4,1,1125.0,2
404b8ce443ec,0,5200.0,2
2de51c86f343,0,700.0,3
eba1735ef678,1,27600.0,1
fc3b8839cb31,0,3625.0,0
d1cef28ef0ba,0,16775.0,3
1fa9987b66e5,0,10250.0,3
ffb556575e2d,1,1425.0,0
ec175b450cd2,0,3375.0,3
110dfd89d9a8,0,400.0,2
9ad65418815c,0,7800.0,2
6d16f57c18b2,0,8100.0,1
ebc0c07f2911,1,20400.0,2
bc0829e65ba5,0,51375.0,3
cb24460f2dea,0,1450.0,3
6dc6f297ead0,0,25925.0,2
b3d342a5dde3,1,6075.0,0
8e5e31178bd9,1,15175.0,2
8172b9885196,0,4450.0,0
1741bf6b94a6,0,5525.0,0
aa599cd1a52c,0,1975.0,1
e8398e37f200,0,6875.0,1
368c373524dc,0,100.0,3
84ba52608e15,0,3050.0,1
22bb8742870e,1,750.0,3
984e3669d142,0,100.0,0
237f21c8bc46,0,1500.0,1
aa5123bd4e61,0,50.0,1
01b9fbf975cf,0,3800.0,2
7f78b9f89501,1,1325.0,1
3f615888d3c7,1,975.0,1
e9696efbcea3,1,4200.0,2
7e5c947493ab,0,800.0,0
63338bbab610,0,7700.0,0
db6ed54f610e,0,46825.0,3
4abb1df0f3de,0,9400.0,3
799ed3a5ef8d,1,13675.0,0
dad0cdd7ef40,1,10475.0,3
2e5a26e56f5f,1,2325.0,3
10e2f04677cd,1,11075.0,2
1f39bb6668ba,1,1300.0,0
b5b3e74ed4c2,1,7400.0,0
b736e3bc3475,1,20300.0,2
7eb2e1d01461,0,650.0,0
2cdc4132c13d,0,1800.0,0
c1d81e5b76e4,0,6000.0,3
2eba09251830,0,5150.0,3
04745b7ce441,0,2000.0,3
21b4b1f94d78,0,300.0,1
ff30dde8a63f,0,18350.0,2
819762ebc221,0,4850.0,2
1dbf2d78c547,1,9100.0,3
ab76e340d5e1,1,3250.0,1
63ed1abc533f,0,2325.0,2
037e50c574f3,0,19350.0,2
b9a28aebcd36,0,4325.0,1
ca927fdd7e1b,1,2400.0,2
c9aef6636451,0,3325.0,2
1118c2c4a803,0,6075.0,2
3fcf30a904e5,0,8200.0,3
379dccd16e9b,1,3600.0,1
a0ce5cee35fb,1,26775.0,3
2d83c5a5a4f1,1,7525.0,1
ad03aeef5270,0,2075.0,1
2c680616cad0,0,4425.0,1
76d9872034e1,0,350.0,0
811529bc29db,1,27375.0,3
0d3d2d93f07b,0,425.0,0
cea6a68b6dc8,1,6775.0,2
769b37ce3c93,0,6150.0,1
f68481366b28,0,3750.0,0
2ce3fc63e48b,1,16650.0,3
c0b89e50d485,1,2675.0,0
439c32576cad,0,28475.0,2
39e65cc8990f,0,18775.0,3
7fb5696c7f0d,0,7250.0,2
83401208e522,0,16725.0,2
a64d3c142212,0,5000.0,2
d15ec94f9a6c,0,11600.0,3
466d64a157bf,0,4675.0,1
862a89f53caa,1,2000.0,2
d944806d434c,0,100.0,1
161b3d070348,0,5850.0,0
5eb47035c5a3,0,900.0,1
429c0089a786,0,2275.0,0
a00a26f0579b,0,2700.0,0
fb70cb4eb29c,1,11800.0,1
e3a7a6c9c5dd,1,2325.0,3
9aa140c9c49a,0,1000.0,1
6a7b60981cd9,0,18850.0,2
017ca2f8eed2,0,10275.0,1
94eda27cb738,1,21100.0,2
0610b8d1a4ba,0,16950.0,3
c67fc3d5ca1a,0,10050.0,3
9eeeb74a616b,0,275.0,1
a2352b580121,0,4325.0,1
52cc464f2c40,0,1500.0,0
6a40b1964954,0,15325.0,3
c29fa7b2f980,0,5300.0,0
39236f091916,1,6075.0,3
7172cb1a81d0,1,4825.0,1
7380d10b86df,0,13100.0,1
f5afdd59101f,0,850.0,0
9f8d2eb7aac2,0,22750.0,3
d3e18b876c2d,1,1575.0,1
8573f96ee36a,0,3650.0,3
3419eb1c601a,1,25600.0,2
bbec91621697,1,2125.0,2
88f4eb77dede,0,100.0,0
010c816f6c8c,1,1400.0,0
525957b83b49,1,2075.0,0
3e12bb823795,0,1250.0,0
6e4795e3a4cf,0,20900.0,2
b54927e1fd3c,0,2225.0,0
e6c26a8c97f5,1,3900.0,2
3e7553857956,1,4950.0,1
a015d3e6228e,0,1050.0,2
c2da8609614c,0,5825.0,3
0da21a87bb99,0,21350.0,1
bc537c4e00cb,1,4925.0,1
20d5a431311b,0,15000.0,2
2af984ebe5dd,0,4950.0,2
351e5b2290df,0,525.0,3
04895053383a,0,3875.0,1
e7dd4583a854,0,11950.0,2
d124921371fb,0,550.0,0
83c767c38c65,1,2650.0,3
b500fa0ccf38,1,12700.0,1
3e4dc1b8295d,0,6325.0,1
6d68cfc1c8ca,1,2950.0,1
d0df701883e9,0,0.0,0
5877fb4a0439,1,2325.0,2
4f8bb594627d,0,400.0,0
be0818f1dd5e,1,2175.0,1
f7eefe3a206e,1,2500.0,2
4edce3a9cf17,0,3800.0,2
1a953d21b894,0,100.0,1
9e49d127bc47,0,9575.0,3
867c795e825b,0,34400.0,1
1ab892662b9f,0,4550.0,1
3c19e9bfc16e,0,600.0,2
ef665a056e3e,1,8225.0,1
15c31f144ef1,0,21375.0,3
3b7818a6935f,1,3700.0,3
b04871efe3d0,0,7000.0,2
9d03e1084459,0,1000.0,1
7dcce61015e1,0,4650.0,0
70f1a4375c38,0,4475.0,3
80519ba43299,0,41600.0,3
afb95805def7,0,7875.0,2
fc5ae72bab74,0,100.0,0
9ef831c2dee4,1,2025.0,0
7e2fff788e5f,1,12025.0,2
dc946ad95415,1,19725.0,2
40d44198d2ec,0,8725.0,2
ef99c5245490,0,6050.0,1
8f6ec1e1189d,0,12050.0,3
25bbd37d724d,1,2475.0,2
9a02ff22cbd3,1,19325.0,3
bf0c72fb8190,0,1325.0,0
ad7c992f32b7,1,7400.0,2
463eab2b4046,1,100.0,0
6d511bcc79ff,0,2525.0,2
119051c7cf2b,0,37175.0,2
77ac5bbc64e3,0,1050.0,1
71813073fba1,1,1350.0,1
c01b20704f88,1,9975.0,1
5997103c320c,0,5125.0,3
c46120c6c655,0,550.0,1
cde9049f4b21,1,800.0,0
09c539954492,1,7600.0,2
e74de7583dff,0,2275.0,0
a906f07af640,0,2275.0,1
cdcbc70422cc,1,1825.0,0
493ac49b8fcb,0,12500.0,2
79ef7d21e12c,1,9400.0,1
aae5de2ea282,1,4850.0,2
886702d97050,1,2025.0,0
3333bbecebb6,0,37725.0,2
347be47ba667,0,4875.0,3
80c55051fe64,0,1400.0,2
c011a8a6bf3e,1,7400.0,2
fe608f1cc60f,1,8625.0,1
a5c387fd3dbe,1,6075.0,1
914781284c4b,1,1600.0,0
480709463242,0,1375.0,1
ed9dafee5863,0,4175.0,0
d4f9ac3a1dcf,0,1175.0,1
2c91a8ea6f7a,0,1725.0,1
61941772da58,1,4950.0,1
fcea92e4bcc4,0,5400.0,2
4fe5fab4ad05,0,1400.0,0
328fd190a93a,0,9225.0,1
a0965ec4b6a1,1,4450.0,1
92c721181476,0,6075.0,3
aa1e1ed7fad8,1,16050.0,3
c3db5483fea7,0,700.0,1
ac87db09012b,0,5625.0,2
fd9741790b9a,0,7650.0,3
cd63094504b4,0,3250.0,3
d5f5c1c41183,1,12275.0,2
87d12ba9e86c,1,7150.0,3
6602d5f51dd0,1,14325.0,2
f22ee0bcd714,1,5600.0,1
7c6e09f5f5c7,0,600.0,1
8f94d0257ed2,0,2300.0,3
a834b011a197,0,7700.0,1
64caa0294412,1,25550.0,2
2a4d681dee0f,0,28875.0,1
d4858f785711,0,11500.0,3
45d500d19857,0,14550.0,3
912934b8f23e,1,9275.0,3
5d89ee32ba3f,1,13850.0,1
9b024162e6f7,0,10425.0,3
09477527c8f2,1,2800.0,3
be7d1d3e1888,0,1250.0,1
a4e7cdeb2085,0,15750.0,1
046393dd4665,0,7600.0,1
8b0234b86b50,0,19075.0,1
962fe2f90f03,0,6750.0,0
97f334831a11,0,8025.0,3
6e9509fe8192,1,2050.0,0
a851e49fcf54,0,9650.0,1
1e22722e7884,1,5500.0,2
dd412b480a47,0,4400.0,0
2c4a024885e6,0,7125.0,2
34ed6e5a1bdd,0,275.0,0
34e704e18ac9,1,18050.0,3
fa53ce0df065,0,825.0,0
00cbd675ca4f,1,15375.0,3
73b680e55051,0,1550.0,1
80fb7d4ccd80,0,50.0,1
8404e654b4e7,1,2075.0,1
6bae2ceaaeb4,0,6625.0,2
f3c044331ad8,1,25725.0,3
02058f9b1fcd,0,1675.0,2
1f7a3661d9d3,1,14775.0,2
e7c1e8ee824f,1,7250.0,3
8a9540f432b4,1,3100.0,1
92143396410f,0,11000.0,2
619e43f88362,1,9700.0,1
969280e52277,0,7600.0,1
70f5d3179ccb,0,21550.0,3
99f79149c38e,0,1375.0,0
41ce0880262c,1,3450.0,1
e7c22237db2d,0,2775.0,1
bb03e092c791,0,3100.0,2
5a7a61a5a802,0,2975.0,2
41f726a87d35,0,950.0,1
c7dd91466cf0,0,3200.0,3
5debc5baf1dc,1,2825.0,1
9dae1e30aeb0,0,1100.0,1
5387f433d3cd,0,11300.0,2
6ca14b3b5d77,1,9200.0,1
9f7c705ae940,0,300.0,0
a1bb2a825be5,0,9200.0,2
22d26ecdfc8e,1,3600.0,1
d6b37fa64c8e,0,1350.0,1
e97de38a228d,1,2300.0,1
5e3a1fa04a21,0,2500.0,0
e1c6d6684618,0,42475.0,3
98da1a12b7c5,1,2600.0,3
3ce84e249eec,0,1175.0,1
015acf2e86c2,0,3225.0,3
4a60e887c897,0,35825.0,2
15afb7f213d5,1,36900.0,3
e34491d3a788,1,13200.0,0
700c3d691354,1,3350.0,2
a7d8ff86eed1,0,11800.0,2
1ca4030c014a,1,800.0,0
cb4d79f940f7,0,2825.0,1
bfdf53017c12,1,975.0,0
eb79c18bec07,0,4225.0,0
01fa2772978f,1,1850.0,0
320ca2b0cd95,1,6350.0,3
e70fdf4d2bca,0,3950.0,1
554418e1b71e,0,1250.0,1
a64a1a4a25b3,0,45350.0,2
a3e8fe1ad265,1,1075.0,3
988ed0c6ec63,0,2575.0,2
ada60bccf6aa,0,10050.0,1
5c988c26f6c2,0,23025.0,3
4b1af474660c,0,9625.0,1
98fe98d429a8,1,2175.0,0
f0a040928be1,0,15150.0,3
e78fb65844a7,0,6275.0,2
802ccbb5bb98,0,11325.0,3
1874dfe99389,1,11325.0,2
58edb2a0006f,0,7600.0,0
8a0211542417,0,3400.0,2
bbf7b1fbfea8,1,6800.0,2
5650eb2ec971,1,2725.0,1
56eb01959057,1,6650.0,2
6e04e07ddbd8,1,11300.0,3
048800d842bb,0,34975.0,3
db8cec60b655,0,3600.0,1
ae73f482e4fd,0,25150.0,0
b05d276578c0,0,2700.0,0
d7debef16a81,0,12700.0,2
f72279882935,0,475.0,1
856adcd1aa6b,0,8350.0,2
d8b8153618eb,1,1900.0,0
9ab42019910a,1,5525.0,2
525747e54587,0,5425.0,2
56458717db7d,1,2525.0,1
f3e81992097e,1,900.0,1
14634f97a91b,0,7800.0,1
a34679820ed8,0,21800.0,2
48908224611a,1,3000.0,3
6148eedbaa97,1,26450.0,2
99a656959f8c,0,21900.0,2
e176a15d4cf9,1,5450.0,2
f08e8da1dd97,0,2800.0,2
6bb9cfe51d03,0,1400.0,1
c172702b2567,0,2550.0,0
c1a344d6ed0d,1,31650.0,3
53f0e8a1fefe,0,3800.0,3
946b7871994e,0,850.0,1
a0afe0fcedf7,0,4900.0,3
2613137b53be,0,200.0,1
eda3766d38bc,1,100.0,0
4d746ea52945,0,300.0,0
2351122c3ef7,0,11025.0,3
8fcadc7377d1,0,6475.0,3
46a7456d3b2b,0,6450.0,3
b7ef17b781f2,0,1900.0,3
11b4b18e5c71,1,2600.0,0
928c6da0efaa,0,1050.0,1
d23c91c6a1c9,0,2425.0,1
b6e38f6d3245,0,2850.0,2
82c2f2fcbe68,0,3950.0,1
5bd6c35aac95,0,14925.0,2
b40287dcf8b5,0,12000.0,3
c01b9503f8b3,0,40675.0,1
9d1fbcb51b14,1,16925.0,0
9c795ee7b935,0,1850.0,3
01fe41cc5a37,0,2050.0,0
9c7257390cd0,1,3150.0,1
b3623b7aac15,1,14875.0,3
22e59efb9712,0,650.0,0
f0d7fedd7f4d,0,1050.0,1
6b016d82bc96,1,7900.0,3
30fae0339b46,0,4000.0,1
4b423ca1579f,1,2500.0,0
1651f4f2a560,0,7000.0,3
fe9c4ebbcfa1,0,1025.0,1
42fde016787b,1,4700.0,1
073bf15bfff0,0,4375.0,3
74cdcca8ad6c,1,4675.0,2
d95d387c76f3,0,1600.0,2
81de0e02ec6a,0,4900.0,1
4b6dad76bc8f,1,10125.0,3
8963fdca3564,1,18675.0,3
44fa3178003d,1,800.0,1
8ff7f897d27f,0,4575.0,1
e38d133ea1cb,0,3175.0,2
59ae89994872,0,1175.0,2
b69d2b99cda3,0,4475.0,1
d3c4e6897990,1,4750.0,0
8aaa11bfbe32,1,11275.0,1
d4c420b6cb30,1,825.0,1
b955170c4024,1,2475.0,2
cb7ef66b6df2,0,2625.0,3
9fb479133021,0,20350.0,3
2101a4c33ced,0,1150.0,0
309dd0eeed36,1,13500.0,1
5d328fe787a7,1,6875.0,2
b3914d6c31bd,0,275.0,0
ff280c02f327,0,1475.0,0
f11ad8866dd7,1,20800.0,1
946e0b5c6af9,1,600.0,0
771121aa7614,0,300.0,2
54894c838e19,1,34675.0,2
bc7bd2169f06,0,25325.0,3
547de27e1e7d,0,1875.0,3
2564f04000ed,0,1700.0,3
54d2b65b50ab,1,14250.0,1
9754eca53645,1,2300.0,1
ddfadb7d2ff7,1,1575.0,0
479c159b8fe6,0,9175.0,3
7099d8cbe9fb,0,1325.0,3
7e183214a143,1,1375.0,0
a38b450eb6d0,1,2475.0,0
3070942f88f9,0,675.0,0
513d049c3ad6,0,14650.0,3
de23ea07123f,0,14800.0,2
f839a8e16b63,0,575.0,3
347f7ae2d511,0,750.0,1
0899b54c23c6,1,4050.0,2
40a7d21a6ab5,0,3000.0,1
2773368b89af,0,5300.0,0
e7d3264afda1,1,5500.0,1
f7555f6aa8dd,0,100.0,0
3d6e96ed15bf,0,0.0,2
ca46d7ccf27a,0,3200.0,0
e4532aa2e28d,0,500.0,2
fc85b61e7135,0,2550.0,1
fc6c00ef1019,0,7500.0,2
9b66d7a2517c,1,3100.0,2
cf65cff7364d,1,12750.0,1
5e12a45e6b19,1,15900.0,3
958b9651132b,0,6900.0,0
a6f38590e44d,0,6275.0,1
a1003c137549,1,16350.0,3
4c667eb00cf8,1,21575.0,3
dc8830bfa569,0,1550.0,2
63ae2bcef5df,0,12325.0,3
adeaf6c43bbb,0,500.0,1
ac2362493e95,0,2275.0,1
343fe831bd23,1,1350.0,0
a87b87bf3f55,0,800.0,3
781bf1bde6e1,0,200.0,2
90856b8501d0,0,19625.0,2
5077ed6e5fce,0,11000.0,1
a0a2393e33ae,0,9650.0,0
827f68ffaee3,1,5575.0,1
1beffdb6b153,0,7200.0,3
d8daa13e7d8b,0,4325.0,2
9a3faa6affc1,0,4150.0,3
2325e941eebb,1,21075.0,3
0b327bbf635a,1,5775.0,0
081a7f3484b4,0,100.0,1
9fc9231965ee,1,2025.0,0
0827aa29ffa9,1,3075.0,1
3ab1fb51431f,0,4750.0,3
2baed5304d14,1,2625.0,1
c1f1274d9607,0,5875.0,2
635e8c2eb510,0,28525.0,2
f5b10b1ee76e,1,4500.0,2
762ff46d15ac,1,1150.0,0
31aeaa3c4ad5,0,250.0,0
0ca873de5f2f,1,2950.0,0
667b545df408,0,200.0,1
3fc163f8aff7,1,9275.0,3
1208e6b8d0be,0,450.0,3
75641a470606,0,375.0,2
8a160d580ae5,0,5025.0,3
ca9539feac3a,1,500.0,1
86ec20b54a25,0,13000.0,3
ff7cc820aae2,1,3675.0,2
8ca0dd16d789,0,1925.0,0
4b646240b786,1,5750.0,0
15a59615da20,1,6100.0,2
547d64c093b6,0,9800.0,0
214af36d329b,1,11675.0,2
8be46b448463,1,3075.0,1
9096a04b59a6,1,1925.0,1
8d0ec1553d00,1,2325.0,1
6c175c78e8cf,0,400.0,0
acd32f40358e,0,100.0,0
f7b7ae9c74e8,1,4950.0,2
a1f87d2e7c4e,1,12250.0,3
abccda009741,1,2200.0,0
2d341f0c5a31,1,3600.0,3
f01738f2c374,1,1650.0,1
b7bd56d2c0d3,0,1925.0,3
e5a768dd001d,1,2025.0,3
06367ff7a461,1,9250.0,3
4d3d3964f306,1,2700.0,1
f935f93a38d9,0,15075.0,2
b9bcd947f8b8,0,4450.0,0
8b033d7d0ac2,1,10400.0,2
bae18cf6650b,1,2750.0,1
730a6e9ad930,1,2150.0,1
daf470f10535,0,5100.0,0
05e8b10e753c,1,2625.0,2
4aa791a9756d,0,4100.0,3
258ebff32937,1,1175.0,1
e8add0e4afb5,0,5975.0,3
77dfbb137f4d,0,2175.0,1
f6593129adb2,1,1925.0,1
78c02165bd67,1,4625.0,2
3825d87b6380,0,2800.0,0
98f9f8723ee1,1,15550.0,1
2440f7b6c3df,0,1475.0,1
e7919fc97a10,0,9950.0,3
5b9f80bdc202,1,10625.0,3
645112560796,0,2075.0,2
d0d79895310e,0,1725.0,2
a43278747acd,1,6550.0,2
de5194070078,1,3575.0,0
7cb29fa6d275,1,14075.0,3
b9c20fd3c05c,0,19350.0,2
032767b1fd2d,0,11450.0,3
476a8a27837a,1,17250.0,1
b7d3ba0e5c3d,1,5000.0,1
30c802bc2c54,0,8400.0,1
ffb2b74b5952,0,8700.0,2
07ffc5e9d77e,0,6350.0,3
da892a356fd0,0,13450.0,3
264682b9ebde,0,2175.0,0
23efe1a6f703,1,2025.0,0
8564ee42924c,1,6350.0,2
7a4a0447ec23,0,3200.0,1
59b67cf629ed,0,2850.0,2
b870ee04a69c,1,1000.0,1
3b9414f19740,1,6500.0,0
ca7aa4338aa0,1,1175.0,1
b128aea61641,0,8975.0,3
abc48cfcfffa,1,1775.0,2
ed33817c4aee,0,7350.0,3
d8ca4ba7c1a5,1,14075.0,2
da0438259afe,1,12925.0,1
d0efe149c73f,0,2100.0,0
1ef484b6ebce,1,15800.0,3
e06eb50f0d15,1,15925.0,2
6b6eded45024,1,5800.0,2
ffe6fdeec877,0,3500.0,1
85495ee26d37,0,28650.0,2
9bc365843b46,1,2625.0,0
f1b4c5dfaba1,1,10000.0,3
7f858c434d24,0,1000.0,1
3ec0e137caf0,0,2400.0,1
69a7a49b909f,0,1250.0,1
8f61b93f0cdf,1,1100.0,3
d73a9fb96ddd,0,1800.0,0
39680b473c0e,1,17300.0,1
c92d884d2bc0,0,800.0,0
749e9d569e6c,0,700.0,0
8cc07a0ac03c,0,1150.0,0
40f93d049c0e,0,19500.0,2
b7ec01342fa6,0,9700.0,0
eccce17e844a,0,5125.0,1
f2c07e6efc39,0,5575.0,1
fb30dd9f1629,0,5600.0,2
00fa6bdf9f7f,0,9375.0,3
d2e5d7fb210a,0,4625.0,3
6114997fc9e9,0,200.0,1
211d722b7a19,0,800.0,1
ee7562298851,1,10625.0,1
e6382c9a161e,1,3750.0,0
435c12edadcf,0,1100.0,0
e0ba8dc16006,0,1050.0,3
a0f7a5894305,0,300.0,0
567ea83e46ce,1,19525.0,3
09cdb07a1645,0,5150.0,1
40bf908ded0e,1,2700.0,3
0869588c4b72,0,10750.0,3
27c339ce6091,1,4725.0,3
b4bf230e2a58,0,8225.0,3
c9eb197759ab,0,4600.0,2
106261da5710,1,6700.0,1
50838afe65e6,0,1100.0,0
455cd1bbff16,1,14900.0,3
d000544961db,0,9025.0,1
c9d918fefa7b,0,2650.0,0
a407358e96ab,0,29675.0,3
d036498cbe3a,1,3175.0,1
e0f6fefc2465,1,2875.0,3
c1172d2e92bc,0,20925.0,3
16400dc1e4e3,1,12150.0,1
cacefae89f9a,1,20600.0,2
a75e11511be8,0,7550.0,2
7dd38afb3d02,0,3475.0,2
3e8d92776175,0,8125.0,1
46ac73769832,0,7350.0,1
f2c1a854f5bc,0,11350.0,3
87bf5d786699,0,6600.0,1
eb63c73d6f99,0,2250.0,1
85424f1101ff,1,1375.0,2
9dc71f7602cc,0,900.0,0
29dca23f8733,0,4225.0,2
3203bd791898,1,1625.0,1
f1019afab050,0,2800.0,1
b2aa81334ae2,1,5650.0,2
477c47173085,1,13750.0,2
258dea52a3bd,0,13150.0,3
bc7ad1314bd0,1,1500.0,1
3cef374e51b9,0,750.0,1
50d301713929,0,1400.0,2
1b7ff6916bd9,0,9075.0,2
bd04dc61983d,1,8125.0,3
1b1f948626f4,1,2025.0,1
0001c0e67370,1,2350.0,2
83d51c2bfb09,0,200.0,1
b0ee93321dcd,0,1300.0,1
88489c74bf32,0,1375.0,3
bec481e2c5ce,0,10200.0,3
e9328bdc0432,0,8425.0,2
db99d984d857,1,14675.0,1
5e569da9c11d,0,33925.0,3
8f9f241e84e5,0,4300.0,3
13c737e767df,0,7625.0,0
257382d38a3f,1,4350.0,2
df14e91b9e41,1,2750.0,2
9789003ae184,0,9775.0,3
44c8e37de4fd,1,1875.0,1
dd82376c04d1,0,4000.0,2
68a1c15d6594,0,600.0,0
30cad76dc235,1,12100.0,2
b467c7848f4c,1,1325.0,2
7a9015a0298b,0,1050.0,0
dd36c68ce12e,1,800.0,1
d86509d5dda0,0,3700.0,3
5e4cf0bc06ef,1,12300.0,2
7f5a14e3dedc,0,200.0,1
eff796718ef4,0,2300.0,3
c28f16816ca3,1,29225.0,1
71a8c6b3ef21,0,3150.0,3
f0eddcbadc23,1,8425.0,3
b116ff59ac81,0,2600.0,0
0d7b05c54192,1,17400.0,3
cd8315945e77,0,900.0,1
0c1d843937a6,0,1600.0,3
8887b18875eb,0,18650.0,1
52185412b75e,1,2500.0,2
8b49bd4643c9,0,13025.0,3
cd10a3a4ffd6,0,100.0,0
11d15f9e1985,0,4050.0,0
9db46c929d9d,0,16725.0,3
50e4547dd42b,1,3050.0,0
e92612b221c7,0,16000.0,2
91f16e8065c0,1,1700.0,0
c9a6ba7f4987,1,19850.0,2
5196af1dadb2,0,8175.0,2
62b7fe709185,0,3250.0,3
36b3202bbd4a,0,13625.0,2
376b152aac7a,0,19925.0,2
99a98827d174,0,2500.0,0
367fd0c5ddce,1,550.0,1
e62bca46fba4,1,2825.0,0
dd8c93c1c37f,1,6800.0,0
712d61126016,0,7975.0,3
2c93b772124e,0,35225.0,2
f85185e2b47e,1,3575.0,3
c5fb226c7518,1,1675.0,2
05a3d40e3b04,1,9325.0,2
014aadf35399,0,8275.0,3
1ef26698989e,0,17075.0,3
ca388ac5c435,0,2525.0,0
7f66674d4de2,1,2100.0,2
c15e283e7c59,1,23300.0,2
5921f9947261,0,8325.0,1
0cb710441092,1,22975.0,3
ce790a2801c5,1,18575.0,3
3904ffcfbe48,1,350.0,0
0eeaa8b93c42,0,2575.0,0
3714eb08189c,0,3850.0,0
69137213c893,0,13450.0,3
435e41bd2663,1,2750.0,2
1451dc8e9343,0,3950.0,0
2323f4847d1e,0,3725.0,2
3bea0637f428,1,24150.0,3
ea6a385c7a4e,0,1300.0,0
aaeb87431750,0,11300.0,1
7203aaa8aeda,0,1500.0,1
376b4dfece65,0,5025.0,3
219602ba9e32,0,3975.0,0
b17be0baf73a,0,15150.0,3
e82c37d11cbb,0,1375.0,0
7cec9d2ad6a7,0,2500.0,2
de58dd0e098e,0,12950.0,2
aca81443bf11,1,2600.0,2
d9d51037d9c5,0,6275.0,3
ef617d2ee803,0,2100.0,2
28a1bb81034c,1,2350.0,1
fee1aa9d5b98,0,1425.0,0
ad2dc9dde6de,0,19050.0,3
0bc9bb763bf0,0,2225.0,1
5a54b722980a,0,14050.0,2
b596aba9ac52,0,1925.0,1
72fb7e2e2a5d,0,2850.0,2
5315f0f66b29,0,725.0,0
ea60c7626d98,1,22000.0,3
fcc656094c4f,0,2200.0,2
a3f07b718b34,1,14150.0,2
d18a50728986,0,1300.0,1
5a689691ee67,0,1975.0,0
c796bfd342c3,0,200.0,0
be13296d5c88,0,3550.0,2
df86b4928258,0,14550.0,1
ef2e2fc1b4c1,0,0.0,1
5dc2960da682,0,175.0,2
907c96358139,0,1150.0,0
2f657a00b186,0,4825.0,3
95cf0504e4cb,0,900.0,0
3e9822b3824f,0,150.0,0
48b972400ba0,1,1075.0,1
96f629ed2a6e,0,2675.0,3
f815fb955853,1,1750.0,2
53579195b8ab,1,19075.0,1
89c59376fe36,0,12300.0,3
a871c7feae87,1,6200.0,2
308b49823d2b,0,5650.0,2
9e28e1cc2d56,0,3775.0,2
e23446c925a9,0,4225.0,2
13c1048a3d3d,1,1300.0,1
b9f366472e3b,0,2300.0,0
2c5028feed0d,1,16000.0,3
ddadc3085fe3,0,8575.0,2
8093ff18d0e9,1,2475.0,0
6964ed8d46cc,0,9325.0,3
91bd1fad8141,0,0.0,0
b41bdb82ca32,1,4700.0,2
57c88049c042,0,150.0,1
aa563ed59089,1,1300.0,0
d9e43ecc5b62,0,1475.0,2
59b0b8fb23fe,1,12700.0,3
d608d62e5fe7,1,6825.0,2
7dfc7eb981ca,1,42725.0,3
a3e9fd77eb7d,0,200.0,0
5eca14677a88,0,19600.0,3
5b785ca30cc8,0,1800.0,2
4dc7f5e4aad5,0,3000.0,3
9de678d757fc,0,34800.0,3
cc9be9d3b332,1,1000.0,0
0618b64840bf,0,550.0,0
a1faf4ee16b5,1,3450.0,2
324c958b230b,1,2800.0,0
ace63a7e5ca0,0,1300.0,0
ccdb74a7e79f,0,1275.0,2
86a70983d00d,0,2475.0,1
955edbf2b657,1,2500.0,0
16c860d09c12,1,11250.0,2
56bcc3b6f5b8,1,2150.0,2
a8b2cdb081fc,1,3425.0,2
96321554b44e,1,1400.0,0
09bb53334691,1,1925.0,0
73f93a231fe0,0,8025.0,2
0f40d7c7550e,0,3875.0,2
8a70e06717ae,1,7400.0,1
707e3d6e1753,1,6750.0,0
62d21ea8ea1e,0,2425.0,0
356e06b257bb,0,13225.0,2
6105a61cd152,1,4750.0,2
9a7bf48045ea,0,475.0,2
4ece7aff584b,0,1250.0,1
84ec55bcc0cd,1,19200.0,3
88cdd321577f,0,7100.0,3
30e6c8e62491,1,1200.0,0
dd4f2f6a076f,1,800.0,0
b4fcf3728664,0,50.0,0
ea287c4f6fe6,0,1750.0,3
2d82c75ae7ea,1,4325.0,2
96a70d63a5d7,0,12175.0,3
aa0a9234138b,0,5250.0,1
4dc6f2e5833e,0,4375.0,2
6aefb6256cde,1,7575.0,1
8531c258d73b,1,2600.0,1
ff081c34d84e,1,2450.0,3
31e94329ac08,0,2600.0,3
8f53c5f7f39c,0,18850.0,1
63483fa90ead,1,5875.0,1
202d9015ae8d,0,66050.0,3
fbf94b04351d,0,3400.0,3
bb1eb6c38565,1,2525.0,0
a1d95f5df37a,0,3050.0,2
f14c55af38c3,1,30175.0,2
48d3ca3fad37,0,100.0,1
3eb7eaeb3e02,1,7975.0,0
10f9aee8a0d7,0,2475.0,1
fe322ef976aa,0,7925.0,2
e074db5e3cf4,1,1850.0,1
0f6bec6f3845,0,2625.0,2
74b9ea67476a,0,550.0,1
49fc2f924c7c,0,1775.0,0
b5ade8c9727f,0,0.0,1
805f84e62dce,0,850.0,0
19d7672e343f,0,13750.0,2
b8515796aa75,0,5100.0,2
317a2d8c433f,0,2450.0,2
eba5b42f4c3a,1,1400.0,0
a59fbbe5a93d,0,1075.0,0
7bb55c61354b,0,2225.0,1
e8451d122874,1,1600.0,1
b36414d65edf,0,2400.0,1
8d90a0ab311c,0,15250.0,3
94c1f288ad3c,1,1200.0,0
c2fda1929045,0,225.0,0
4738be86e4c3,0,2975.0,0
e6b88c99884c,0,32375.0,1
0d138a5e6d18,1,3000.0,2
0d9010952350,0,7300.0,1
4cb983ca1ecf,0,2625.0,1
bd2c8d623ee5,0,1000.0,0
d36fd461287d,1,1125.0,0
3e1efca93e59,0,1700.0,1
415d6fa466e8,0,6700.0,1
ecda03d3002e,0,900.0,0
734e4fdafa0e,0,22375.0,3
dfdf00ff9d22,1,14000.0,1
f19893e07391,1,12650.0,1
74302d2b876f,0,11700.0,2
0a33e12218c0,0,950.0,1
d94583743088,0,13650.0,2
27e87c2570dc,0,6475.0,2
44635ca4ef8e,0,9000.0,1
d0c22c12cd40,0,3650.0,1
4aa95924c71d,1,7400.0,1
129aa5b49fe9,0,800.0,1
1900fbf2a50d,1,4725.0,1
88d5bb120d35,0,30100.0,3
32fdbd3120fd,0,9000.0,3
67af9617902a,0,3350.0,3
0c75ca419251,0,2400.0,1
e58a86e7a450,1,11350.0,1
2ba1926c72fb,1,19400.0,3
039c764570ef,0,18225.0,3
fa40e838d15f,0,7075.0,2
e8ec83ebb204,1,7825.0,2
06d1a10f674f,0,13975.0,3
ffdfe396bc2e,1,2050.0,2
472d7328c1c3,0,3375.0,2
29a8359e0a55,0,2900.0,2
66d3c060e93d,0,8050.0,3
6bc6f0199a4b,0,4550.0,1
d7963d28d283,0,2900.0,3
4f61cc355f14,1,11625.0,3
b81e4a30b6e9,1,950.0,1
581e1d23cba4,1,8350.0,2
eb7f9101a927,0,3250.0,0
9f227f66531f,0,325.0,0
a67a35d2bdd1,0,5250.0,3
7311bf95f4af,0,4275.0,1
83f0700043bd,0,2375.0,3
69ba2e228cd3,1,8000.0,1
03d81641747a,1,2350.0,2
1165fe91d6bd,0,4725.0,3
d6ea1f9a8ccc,1,12350.0,3
670a8effe19f,1,4550.0,2
5ef3dbb98071,0,1025.0,0
31c6ea01171b,0,4825.0,2
594997d67d27,1,7150.0,2
144f17d8d022,0,6600.0,1
60adacefdf66,1,3750.0,2
5a12f4611cc4,0,250.0,0
9319c148a0e4,0,4550.0,1
b47f91c958eb,0,25900.0,2
37e95afc7e3e,1,5525.0,3
371e397b3001,0,6550.0,3
a8bdcb5e10d7,0,250.0,2
ee85097a8175,0,0.0,1
fc4e1d574110,0,20925.0,2
5dace27e0f53,1,5625.0,1
f3625bfed1e4,1,1075.0,1
840ea2b5f4d9,0,21150.0,1
437210ce05e7,0,450.0,1
64eb147e2d55,0,19700.0,3
9bb42522b2fc,0,21475.0,3
bd3fedbe8147,0,2700.0,0
63439fa12b48,0,10700.0,1
80dae073dc7b,0,4450.0,2
58f2513816e4,0,500.0,3
7d64ee146cbf,0,2200.0,0
4b83fdea1260,1,3225.0,0
5da5b6274e7e,0,8100.0,3
bae2262b77c5,0,7000.0,1
8118781d0b93,1,1200.0,0
f9c04763bde8,1,10175.0,1
41ae472ca8c1,0,15400.0,3
ea9e8f7fc762,1,4850.0,3
cb4afcb9975b,0,37525.0,2
eed84a00bfaf,0,11450.0,3
42f93656e07d,0,2150.0,0
af170bc9c8fa,0,9300.0,1
6c85b2431d50,1,1400.0,1
213a25504e7b,1,3525.0,1
60f19c864d15,0,6000.0,2
08ec2c752321,1,17475.0,3
249bb17dd45b,1,2075.0,2
1e35b901e780,1,5925.0,1
a41c86d12d85,0,10675.0,2
8eecb29b1e29,0,575.0,1
494a3ffddc8e,0,4325.0,0
c59b5b1160d2,1,2300.0,0
954119f78c6f,0,1450.0,1
ea7853c07ce2,1,2375.0,1
1a1e0a30ab71,0,2700.0,0
802ae21ddc38,1,1250.0,1
b5fea0e47ef1,0,7675.0,2
e299bd92b8ea,0,825.0,0
6551eee5e436,0,3075.0,2
6e458792d44a,0,34675.0,2
813f6cb1f515,1,10525.0,3
293b242854b8,1,2200.0,0
b4a8158c39e6,1,10050.0,1
3c909d275dc5,1,1625.0,2
ee4ab5611290,0,900.0,1
b75f5e671e16,0,375.0,1
94cbf1f99078,0,14775.0,1
fcf86f8382b8,0,6800.0,3
cfc415ebe400,1,900.0,1
544c94c188bb,1,2175.0,2
067c7dc28509,0,2550.0,3
b9e3ceb75da3,1,8775.0,3
00fa47b70fb9,1,15150.0,1
be8f77081372,0,900.0,2
3d5c2cf1e6b0,0,2350.0,2
96386bf1c48d,1,6100.0,3
cbea196b56e3,0,975.0,1
26ffdc396208,1,19775.0,2
4fca7f1e71f2,1,7525.0,3
6f8a2ba38499,0,2300.0,2
8b82b8dd0c80,0,3000.0,2
2600689e5cba,1,2700.0,3
24d59f52520a,0,4825.0,0
e1be8ce549ae,1,2150.0,0
7e92c56161f4,1,1700.0,0
36ad327ef8b9,0,3925.0,1
4d12cc757c04,0,1450.0,1
308c1f55f6f2,0,3100.0,3
5a1b02c91606,1,4450.0,1
74cf7354e6d7,0,9125.0,2
0dbb36d9c4cd,1,1500.0,1
9616a22c5fd8,1,9200.0,3
8f00c6f5279e,0,3050.0,0
22af3f29f054,0,550.0,1
7cd14e333a66,0,2200.0,1
4231bf50dfb4,1,2375.0,0
f694f3631394,0,2100.0,1
d2bfa4c0920a,0,2325.0,2
f87b35dbbe25,1,3300.0,3
a1bab798ca40,0,850.0,0
fc02c170f6fd,0,7325.0,1
e48fa19681dc,1,2475.0,0
c8c6d9a9c020,1,9250.0,3
66bc7a7ef11b,1,2425.0,0
e058b7545f5a,0,700.0,0
c4f7818ec011,0,3600.0,2
7d5b12bfcde1,0,18575.0,3
2b2dd9ce4df1,0,5575.0,3
1cec78b6f3b2,1,1700.0,2
fb01b48a08df,0,2300.0,0
9b07afaf75c0,0,5950.0,3
c8fbaae0d4c4,1,2950.0,1
96f5a5d53700,1,9575.0,3
2771c72e0f55,0,2700.0,2
8d5935eebda9,0,18100.0,1
ed3f90f0acdc,1,9025.0,3
94a5023d012e,1,6750.0,2
4a72b58fd730,1,550.0,1
bb0d88f80faa,1,15725.0,0
d3b9e7725a87,0,5450.0,2
e5fe4997a1e8,1,10700.0,1
c7950200fa93,0,1700.0,0
ac5c0e853552,0,1750.0,0
d298bc5c1a87,0,650.0,2
81e6cd217198,1,2125.0,3
dab7ceeb8ea8,0,14725.0,2
3594d4960ccc,0,1600.0,2
f8e79ee872f6,1,2400.0,0
85a73c564927,0,2300.0,1
9d47fd0ce1ad,0,2175.0,2
cbea501b94eb,1,5950.0,2
79babd38c674,1,2375.0,1
5700fd909e26,0,19950.0,3
29a26df11686,1,11725.0,0
c8fd34eb5cdd,0,5725.0,2
0ca9af45bcd3,1,13200.0,0
d0f883726dfe,0,4800.0,2
9eedbf28560d,0,27550.0,3
9e7c778fa284,0,7350.0,2
42effb52a136,1,1300.0,1
f19764e50ded,0,100.0,0
b3537f466aee,0,2900.0,2
101a31883bfb,1,21275.0,2
7e1543eccfb8,1,1675.0,3
b3fedd590f18,0,200.0,1
11adf982af88,1,4325.0,1
b8df0c64a527,1,500.0,2
21a62659eaa0,1,800.0,0
acdcbc212c40,0,24825.0,3
9a20c50f9980,0,2425.0,1
a3f1342be840,1,1475.0,0
dd807f25b10a,0,10000.0,2
17325d5f85f3,0,9600.0,0
ab4081b4c459,1,11975.0,3
62dc62fd6bda,0,900.0,1
c09a83fda268,1,3550.0,2
d413c62aeb70,1,1925.0,1
c6e97affe579,1,2150.0,0
93c7420e1c50,0,50.0,0
68f37c4ba32c,0,3300.0,0
cec48d573cec,0,4225.0,0
d4a0e8c891ab,1,10950.0,2
1c1e63dfd43f,1,23475.0,3
2ab21bebb39d,1,2900.0,1
31ba4ee466df,0,19900.0,3
f76055a68a8c,1,1675.0,0
9db4944e40eb,0,1675.0,0
ea749a074f36,0,600.0,0
745a753956fa,0,1875.0,0
883365b67a17,0,27650.0,3
7f5a5a58fba2,0,1575.0,0
79f13a5704b5,0,7900.0,2
7f946b10bc4e,0,24950.0,3
85b220f797a1,0,3550.0,2
57967b1c6b38,1,10950.0,3
e45f9c61bbc9,0,5975.0,1
1c320a0a2808,0,34750.0,3
21f0f81ece31,0,7475.0,2
e5f61715bfab,0,5450.0,2
adb5937fbd24,1,8500.0,3
676d6c09c03e,0,5400.0,0
28203084a44f,0,3600.0,3
127142738027,1,1125.0,0
968dc9fc3a43,0,11250.0,3
188e1c9bda65,1,1300.0,1
459cd0171701,0,3300.0,2
c8d24f1ad575,1,7175.0,3
5723ee362ac5,0,4550.0,2
1b5c0134ce3d,0,14575.0,0
8ca98eb8f576,1,700.0,0
172be304ed53,0,5550.0,1
f44c1e7eadb2,0,22050.0,1
7d794af5adc8,0,2500.0,0
aad5ede77e09,1,6400.0,3
b3c1ced15cf6,0,5325.0,3
8c56c9c265cc,0,450.0,2
cfe1cfb99190,1,13525.0,3
369bb01e4da0,1,26775.0,3
b3881e146db9,0,36750.0,3
1a21275349a8,0,1500.0,1
f93bfeb11dd2,1,1200.0,1
8648eab6e4b6,0,5350.0,2
885c9e37a978,1,13150.0,2
404ad66b3a2c,1,750.0,0
53ffceb0162a,0,300.0,0
116c51958c95,0,10450.0,3
1c2bd755279e,0,2825.0,1
6748ca232393,1,2750.0,1
bd14eb810f55,1,2650.0,0
58bd4450f6dd,0,0.0,0
2d03243e1be4,0,5350.0,0
3e016b99ef3b,0,3000.0,1
9b62341fdb9e,0,27775.0,3
bfa370cfce3e,1,25475.0,3
63b286b87831,1,100.0,0
6c62ad77cd81,1,9275.0,3
cde1b80476a3,0,2325.0,0
482d831ab189,0,0.0,1
efd1442c4b30,1,2250.0,2
b56beac8b73e,0,3200.0,0
6d3f46886018,1,7125.0,1
03d264340a4c,0,7425.0,2
15e88c58ad39,1,3075.0,1
5cfb9d751897,0,7800.0,2
1b4ef4a4d172,1,5500.0,3
3e353dacbc47,0,750.0,0
8ac24e9c657f,0,11575.0,2
e7620888f5ac,0,675.0,0
6bd38858d30d,0,10300.0,2
e271464b4345,1,20225.0,1
a0adc7e1479b,0,2450.0,1
9f3c5a20e8db,1,6450.0,2
86ac3443788a,1,3300.0,2
2254972e6600,0,14275.0,2
4b1efcf73fb2,1,36300.0,2
41654d76a69b,0,5600.0,1
cc3f257dc8e8,0,1650.0,1
8e7ebf9eb0ed,1,1200.0,0
5fe777facb8c,0,28425.0,1
66b31b1adf8b,0,7425.0,2
7a02da59bb4a,1,6700.0,1
5a86ad8e84a0,0,1900.0,2
765e2862c166,1,1100.0,1
c3e46a16fdc0,0,3400.0,0
665e0529fa28,0,1600.0,0
d3a1d8f1608e,0,1700.0,2
07a8898effc7,1,4750.0,3
a286b7167223,0,10375.0,2
c3ff0bfd277d,1,8500.0,2
5fd26823a9bb,0,36025.0,2
9fb99d97922e,0,28850.0,3
1f8f2fda6230,0,17200.0,3
6fdcd920c286,0,4925.0,1
26d47a9bc61a,0,1200.0,1
38b0b03dcab3,1,17575.0,1
c73778e31627,0,4700.0,2
ec357f38f66f,1,2450.0,0
b364a4f922af,0,28050.0,3
8b0081fcd4fd,1,9700.0,3
ebd9444eae94,1,2200.0,0
9055efa84d3a,0,2800.0,0
3f7e839b7d06,0,3000.0,1
986d5803e733,0,2350.0,2
7c4a8d1e1b41,0,9900.0,1
0dc1bd818318,0,8000.0,2
085acfaef6e3,0,15125.0,3
823a9763332e,0,9750.0,0
1c02f5355f10,1,27250.0,3
3d888303370a,0,550.0,0
3b1cad6ef31d,0,3000.0,0
2ed60d65cb2b,0,8450.0,3
f0bb8b6d889a,0,1075.0,2
e2bb5db5a42e,0,250.0,0
b3f382a487fa,0,5550.0,2
ba8adfe71f7a,0,1250.0,0
34a7ef43797b,1,1300.0,0
7076b9e40248,1,8075.0,3
8ac0fac37625,0,5000.0,1
d4c6e66f2cbe,0,200.0,0
8dd494000a06,0,400.0,2
40c79fbbeb29,0,4650.0,1
67e612cd64d0,1,44625.0,2
0f8f113b83f2,0,150.0,2
000c1764fe3b,1,8900.0,3
0f00a4ca78a2,1,3700.0,3
79979e5f1373,1,15100.0,2
5c5b28ffe5f3,1,29550.0,2
8ec25c71740e,0,6000.0,0
d35362e11f26,1,2500.0,0
59dd10afbc57,0,28250.0,3
17e24e023fb8,0,9075.0,3
18c6b32ad155,0,1100.0,0
61a1b6acef7d,0,1500.0,0
33dd729a1ab9,0,750.0,0
e08845725592,0,4250.0,0
c3303af4b5a2,0,26900.0,2
ec95f0125d89,1,1950.0,0
2b516adeaf69,0,1775.0,2
80e3966baae9,1,2775.0,1
3b6db965f6db,0,500.0,1
642666140390,1,11600.0,2
623bd8b23a6d,0,19675.0,0
6b230d61c7c8,1,2350.0,1
a93b7625e7d2,0,2800.0,0
319304ebd670,1,10025.0,1
e15df06cd479,0,225.0,0
a9f67c054ce5,0,500.0,0
e7d225e0d72b,1,40675.0,3
6c4b262a92dd,0,6100.0,1
f847e6f76080,0,31250.0,3
a41108186403,1,4825.0,2
bfe22ac06dd3,1,800.0,2
9bc98f507561,1,12800.0,3
3c9c9a7649a4,0,3350.0,2
db47b043eec9,1,3825.0,3
99ec335d1862,0,5875.0,2
3a45bcf55d2b,0,25750.0,3
a76e11c697cc,1,6650.0,0
53a6c5021e43,0,200.0,2
6789612f4faa,0,13350.0,1
ee1d071e743b,1,3175.0,3
6035e85e95c5,0,1325.0,3
b71ad1bd5f62,0,1200.0,2
0dec6846bf77,0,15250.0,3
ed5d141063da,1,10150.0,2
48236e147cd7,1,1500.0,3
b4d5ceea798e,0,4650.0,1
564a3282ccff,1,3050.0,2
abfcba9df04a,0,20025.0,2
8f118579d33c,0,3250.0,1
15506b306dd1,1,24350.0,2
241825b37836,0,1925.0,0
b61f515dbefe,0,2475.0,3
6298899849f3,0,11200.0,3
9e242db96683,1,4700.0,3
c31f41dd013a,0,925.0,0
620194fbe2f8,0,4375.0,0
ca69558419b9,0,18250.0,2
54d6a1a29fd0,1,47600.0,2
7885221516b5,0,1225.0,3
bb9a0019c1b0,1,6075.0,1
fc66fe6eb06a,0,9000.0,2
1589399061bc,1,17475.0,2
fe485f38f52c,1,7600.0,2
466c5c608500,1,4225.0,2
5ab4b6aa2491,0,9500.0,3
770a599bdc19,0,6600.0,2
febef7e7c227,1,6025.0,3
f43a36c49778,1,2900.0,2
577beadc0407,1,5200.0,1
61ed62faa38f,1,16100.0,2
38575a0291d8,0,5575.0,3
5beb0fe8b219,1,1700.0,0
69804d283043,1,10825.0,0
29390110f8fd,1,6000.0,0
7cc2c5958ef3,0,7125.0,0
e38eb538f09e,1,575.0,2
9b1e0a4392b3,1,18550.0,1
ca61501da1d5,1,1925.0,0
2dd76e075a6b,1,2300.0,1
2e95f0b35ccb,1,2200.0,0
e526e4876a71,0,2875.0,2
0de2ebe377a2,0,2700.0,2
b52e708732e7,0,9600.0,3
7aea99d0392e,1,1350.0,0
d00ff0b70251,0,25950.0,1
26f2e71da7a5,1,1850.0,0
afd45464d72b,0,1450.0,0
5004d520cf4c,0,975.0,1
ee434b3810dc,1,3075.0,1
70d1efd4d9f7,0,13700.0,2
5ecfe279bf3b,0,2650.0,1
ff90809b9649,0,1550.0,3
5751b950a42f,0,2600.0,1
774323b275ee,0,12700.0,3
ce991057c708,0,750.0,1
fa542699f745,1,7350.0,3
32f2c91daa43,0,1300.0,2
0f8220fc67cc,0,6275.0,2
7ff46b9ce633,0,4025.0,1
1e7686cb2ad9,0,2650.0,0
60f8dd76711e,0,1800.0,2
0237f5fdcbab,1,9550.0,1
58eecc929beb,0,900.0,0
dd77774fdb2d,0,3500.0,0
92d2f1e9520a,1,3250.0,2
ad3ed0b05d50,0,1750.0,1
f630fb64db70,1,29975.0,2
fa0f6353dfe9,0,19000.0,2
3d634199efd5,0,7275.0,2
7621c9c2a153,1,7350.0,2
b4fef1d7c926,0,11250.0,2
55612b56b3b7,1,10550.0,3
7824423f0e63,0,11225.0,3
f1e08e29decc,1,1200.0,0
e7337383f5de,0,900.0,0
155398daf400,0,3475.0,2
c9b9ff8d9a2b,0,350.0,0
ea92ea504ba2,1,4050.0,2
daeff1e3e5b0,0,4050.0,1
bbe55d2b70bc,0,6675.0,3
bdfb45739a63,0,400.0,1
b2eef345639a,1,7450.0,3
b95b575061c4,0,500.0,0
caba5391a38c,0,1800.0,1
77ceebeffe66,1,16100.0,3
7b3a484ed729,0,1225.0,0
3f22f7c873ab,0,450.0,3
a279a422e731,0,6200.0,3
f026c28d5fb6,1,10600.0,3
f86838812f38,1,2200.0,1
75dd71e8f2d1,0,4550.0,3
2baa78fd29c2,1,3350.0,1
d143b9ac7d43,0,1500.0,2
be17e696e8d7,1,1525.0,0
8e40bdf4392c,1,5450.0,3
d194585060a8,1,9675.0,2
6fc23920ca80,1,575.0,0
b32a3b2fd920,0,2075.0,2
9ef17c614abb,1,7425.0,3
9d3eeee2db82,0,3200.0,0
d78afa1b5b1d,0,3300.0,0
1a99d0ac5170,0,7875.0,3
75b566ed0001,1,2050.0,0
4c8e0c141b78,0,4250.0,3
4ea70cd15cb6,0,3975.0,3
5bb1db80b595,0,2450.0,2
bbc41f71f4bd,0,200.0,1
012e963fbd99,1,6925.0,2
29202232d0da,0,44550.0,3
de40aced4ea3,0,3000.0,1
42d90db14f57,1,1300.0,0
66d27cb3b4b0,1,2725.0,3
96a74b6bec16,0,1775.0,3
69800d2ac3d1,0,425.0,2
529ddca1d52f,0,2550.0,1
12db4251e00c,1,950.0,1
b82037310df9,0,950.0,0
1d4b8fb12645,1,11000.0,3
21ff8b12d23c,0,2025.0,1
700e891677b1,1,15900.0,2
f57f25b4d956,1,5350.0,2
cb8b5fe33a39,1,13900.0,2
1216873ea0b4,0,1050.0,0
2310c823b88a,0,10275.0,2
f45e7a1e8843,1,7275.0,3
9424cc2a7583,0,2200.0,2
6812b7516b87,0,350.0,1
17a9627491e6,0,3450.0,3
883d9dc9d74c,0,1500.0,0
07b5a354474f,1,425.0,0
88244d26751a,0,400.0,0
649a65fb5db9,0,3925.0,2
6ea97c2a0dbf,0,9950.0,1
a492a4976dc8,0,35650.0,3
6b2076659e22,0,1100.0,3
cd5f50f4223a,1,2700.0,1
ac736f3a6f0d,0,18750.0,2
95b2b33eccd9,0,2400.0,2
5d584b05f7c4,0,2350.0,3
0746097e8253,0,8200.0,2
85febe232de8,1,10900.0,2
4f1d477d0c25,0,24200.0,2
6cd342f25766,0,16700.0,2
0d58474fe4e9,1,22500.0,3
1f04b39e132a,1,2050.0,0
a6f09ef2d01c,0,400.0,0
244722892ce6,0,11500.0,2
fc7d8a872b7e,0,625.0,2
4e91d808615a,0,925.0,1
17726aef6d63,1,6650.0,3
4569a1ca3480,1,1850.0,2
a91ce8bb4e62,0,2050.0,2
1bb5c5235668,1,9000.0,0
1e7470fe9896,1,9050.0,3
f9bfabe57018,0,15275.0,1
1b058d5cfd4e,1,2075.0,0
0dbf2c4e2b63,0,0.0,2
bcce9df1c568,0,20550.0,2
6c33c789c976,1,1100.0,1
049238861723,0,500.0,1
304ae1e0954f,0,1300.0,0
69684b7ad90e,0,900.0,1
fc2a3c926365,0,21975.0,1
aaba08385b0c,1,6700.0,2
b149d9e98099,0,400.0,1
79a829656a39,1,2975.0,3
010328afa4bd,0,6425.0,3
76ea7d1060c9,0,900.0,3
adc48ccd0f54,0,1150.0,0
0901a5a891ad,0,3475.0,2
7058a1157523,1,1575.0,0
4c443d15a450,0,650.0,0
f66e0462960c,0,6800.0,1
35ed90c985cc,0,1050.0,2
d783d6f99fc7,0,5775.0,3
597b21056416,0,1300.0,0
7a7c10ba435a,0,8575.0,2
c166ee134b89,1,11475.0,2
d5810c9086d1,0,2500.0,0
a8c3c9e32779,0,6475.0,2
5a369b635caa,0,3300.0,3
79c0efdd3710,1,950.0,0
83f1db45371b,0,22100.0,2
e68038440174,1,12050.0,3
23d1c021b776,0,16450.0,3
c7efb6412821,1,14050.0,3
ea0995b16de1,0,1200.0,3
ee0969275862,1,3425.0,1
6335b8da0c64,0,6725.0,3
6a304202ed60,1,33000.0,2
41bf257d7e58,1,2900.0,1
b1df461b5de5,1,2000.0,3
07a5eab18c23,0,4600.0,3
98726a6d4e8f,0,5875.0,3
b57d6a6b258e,0,2750.0,1
0c5fc7b9c484,0,13100.0,2
ccef9768a79b,0,12450.0,3
95b0a5d4fe48,1,800.0,0
7918b3368400,0,13875.0,2
6fd7ec79d307,0,2600.0,1
cb0343f66d8b,1,13575.0,3
56ed1968ee89,0,7825.0,1
717bf1fcf8d1,1,7250.0,3
78d7a1efeb0b,0,8375.0,2
d4ba1b981226,0,15275.0,2
d888abbb066f,0,22850.0,2
a915b1a1a68f,1,6200.0,2
e6cd4d4742e8,1,600.0,0
4f50a74bdda3,1,12250.0,3
446f8dd3b5b8,0,22200.0,3
ebe18e486d4e,1,13625.0,2
841ada6fcd71,1,6000.0,2
0514cfb1bbb9,0,32450.0,3
fc5ebe6a898e,0,1150.0,0
3da40766a015,0,3400.0,0
fa3a096751b8,1,9925.0,2
77228c770f6f,0,4525.0,3
af282cb50166,0,300.0,0
072dbcde1f3a,1,15950.0,1
5e9e0bc9b958,0,30900.0,1
b8f1686db4c1,1,19100.0,1
efbe3245203b,0,5400.0,2
1a6d323d4fea,0,4400.0,3
160da92a07d0,1,8275.0,3
d124f58a336e,1,4700.0,3
50b692056de1,1,1150.0,2
405237c2f1c8,1,1400.0,0
784432ba70d3,0,5675.0,3
e7313df5cec2,0,300.0,0
ec9b5ee9a1f3,1,16925.0,3
597fd1a1cfc9,0,5900.0,1
7a5f3fc191c2,0,850.0,0
a8b39597b5be,1,2550.0,3
2a77bc961554,1,600.0,0
10230b1c8e42,1,3050.0,1
adc62fdd8d86,1,5550.0,1
05acc0c7e7d1,1,6425.0,2
7e51ed9b447b,0,50.0,0
c990f8b8a887,0,5500.0,1
e6c6d4c9fd39,0,10500.0,2
0f425c14aa5e,0,10300.0,3
36c33fa6347a,1,16950.0,3
d5aea15d658d,1,2950.0,2
a374c134b14a,1,4300.0,3
c2fc3b0f99ee,0,2250.0,1
1d63e43ca429,0,14800.0,3
d319c4d771a1,0,4000.0,2
819d45f51c32,1,8525.0,2
609439d07a3d,1,26025.0,2
2035b174523a,0,2250.0,2
492b67dc6ed5,0,2325.0,1
eaada4059ed7,1,24675.0,1
7ed9b19c70c8,0,30250.0,3
9a3024c8d5c1,1,3375.0,1
f1f291ee5f4e,1,1300.0,0
04ccc2da5ad3,1,5450.0,2
6c1966ec510e,0,6025.0,2
76b0a61e56c3,0,450.0,1
ed30bea40fac,0,4275.0,1
6e67e8955a41,1,20150.0,3
9b0a5669b1bb,0,2800.0,3
2c081ef2bdee,0,325.0,0
4e045e6d8026,0,3200.0,2
5a7779fb0a5f,0,1725.0,0
03e162319c74,1,6550.0,0
708ec7560a15,1,4825.0,0
50e6296b78a4,0,14400.0,2
490194ccf1e7,0,5775.0,1
b723f05394d7,0,4625.0,3
92b266a81f5e,1,13600.0,2
67de345e4035,0,4950.0,2
482337f6403d,1,1050.0,2
dbb94cbbbf7d,0,5575.0,3
9111b907e590,1,38975.0,3
dbb60030bcd2,0,4600.0,0
66c0d556e002,0,500.0,1
8e27eb51bdad,0,1300.0,0
d3feffc24fa2,1,40150.0,1
ee4d24ca5545,0,3000.0,0
4f6d56597abd,1,3600.0,2
1c22c824fbbe,0,6100.0,2
07e0cc116949,1,38000.0,2
842bf891849a,0,3675.0,1
6d331bfc3917,1,575.0,0
d4288b29fd76,0,13450.0,3
a2e8311f18ad,0,600.0,0
54c250519ee6,1,10850.0,3
7f895958bd04,1,18875.0,1
aa3f0219c7a5,0,2300.0,0
2a56a0eabeb8,0,2400.0,1
ca1b51fa09bb,0,1300.0,0
fa1175a513ba,0,18725.0,2
4243bd9d6dbe,1,1775.0,0
ee9dc16710cf,0,2225.0,2
33d8d1dbf2fd,0,18400.0,2
a6e1ac02d289,0,1500.0,1
bfd523eec81f,0,2050.0,2
19ea5100169e,1,11350.0,2
4e9bc4f15c08,0,51850.0,3
2af8f9f96028,0,2775.0,0
62e972a0a5d6,0,37450.0,3
fc796b787195,0,1450.0,1
c4f05562ae59,1,6500.0,1
ede0913a3a48,0,1600.0,0
683847c7f7f6,0,8525.0,2
ad168595ae87,0,22800.0,3
177a63f84cdc,0,300.0,2
7c7ddae3dca8,0,5850.0,3
b902f2dceb9b,0,20550.0,2
638b2388a174,0,2450.0,1
2eb486e8bf6c,1,9050.0,3
6f313e37cb8f,1,1500.0,1
bea95b121ff9,1,2525.0,3
551c4531d45a,1,2675.0,0
b3ee07621b78,0,20925.0,3
a1fe10109a20,0,10325.0,3
baa7f29c5083,1,4750.0,2
fc13ff112767,0,4375.0,2
d6b2c25299ec,1,2425.0,0
526838342cd3,1,14325.0,1
3ee685c2b779,1,5300.0,1
b4c0e8b1e937,0,1800.0,1
fbb1cdf8ca07,0,4600.0,3
b6aa5be6e606,0,7525.0,3
c5cce6ddd4aa,0,4650.0,0
c11feaf14e08,0,300.0,0
c44657f75dc9,1,1750.0,2
ce01a24d3348,0,9075.0,2
61af72c11d81,1,6700.0,3
384ba2090e5c,0,625.0,0
86444b0de8a2,1,950.0,0
25a9ec86c020,0,7050.0,3
ae2dd9fc02b7,0,275.0,0
2674e739a839,1,46350.0,3
29dbaeede1d7,1,21375.0,3
4671124c19a0,1,1925.0,1
50ecd14661fd,0,2550.0,1
cd4321c4849c,0,1950.0,2
37406c1b24ea,1,4500.0,1
530851d48539,1,9425.0,3
0ee32fd4c9ea,1,1950.0,0
4a618a5c918a,0,100.0,0
687c0b34425d,0,14850.0,3
7973718f1045,0,13000.0,1
046b0e76af6c,1,25450.0,3
94eb1a5ca57e,1,5975.0,3
b44b568b41d5,0,1300.0,1
e3fef542c14f,1,4950.0,0
ae7abec53565,0,2425.0,0
46795325e756,1,18325.0,1
65b31475b475,0,3425.0,0
ad2b3965fdfe,1,10325.0,3
b096e0fafba2,0,275.0,1
13def3adb971,1,17950.0,1
e93e784b26f6,0,2975.0,1
5d6667ce862a,1,23325.0,3
242eb778bc69,0,13425.0,3
bc5092f68fc0,1,3675.0,0
981d759b893c,0,3550.0,2
c2935d02b1b6,0,50.0,0
c6c284de7178,1,12575.0,3
1df70b5ae8fd,0,3875.0,3
2e110a4353d5,0,7325.0,3
b54fce0b3bd7,0,1350.0,0
94ae893746b2,0,2050.0,0
aba0fef491fc,1,8475.0,2
7bfa6c96cfc5,1,44100.0,3
ba0f3b04c573,0,1050.0,0
1d954242ccf2,0,8650.0,3
c1c1611e8be1,1,18075.0,3
58c9a4be1e4c,0,10050.0,3
1f5319fabda3,0,14825.0,1
33a1c2dffb93,0,0.0,0
a670fb81fda8,0,2100.0,1
35a0ef304eca,0,3275.0,2
a61e6c7f7e16,0,9425.0,1
564a64173771,0,40400.0,3
9e168b57acdb,1,16075.0,1
47ff7a951b44,1,2100.0,2
0c53c945d860,0,13625.0,3
37bb27671f0b,0,900.0,0
f8cd36bbfbee,1,3300.0,1
363a6ab11f13,0,4400.0,0
e8b829b91cb7,1,2000.0,1
f10841f83e35,0,3600.0,2
7a83c27a7dbc,0,14950.0,3
cef5b982a39b,1,1100.0,1
b63b2769cebc,0,200.0,1
cac91efc5d0a,0,7050.0,3
1f74f0729934,1,1250.0,1
3bfd99e109d1,0,2400.0,0
797b215591ca,0,1675.0,2
087dd794c0c1,0,2900.0,3
462a6a017e7a,0,5525.0,1
590f64849d6d,0,100.0,0
f320060e03ff,0,850.0,0
ecd0ead4939d,0,1750.0,0
cb08bc327317,0,1825.0,1
97d27816cf3a,0,5150.0,0
8f3e9ce65fa0,0,13100.0,3
9f215ccca77e,0,2700.0,3
74ff60de481d,0,1925.0,2
efe35eaace5e,0,6600.0,2
676ec9645edf,0,100.0,3
5fe2d12aaa15,0,3300.0,3
4d836e544353,0,4375.0,3
e1c9019ad2b5,0,0.0,1
bf828843f02b,1,8775.0,2
ccb83e494ee2,1,1200.0,0
e419a6c31288,0,6025.0,3
660228dee21a,0,20250.0,1
f3c53c5c6b78,0,11375.0,2
f90b4c181b7a,0,300.0,0
3d9d12642e23,0,20400.0,3
95426ffe1792,0,475.0,2
8c03942fa861,0,2125.0,2
ac0f1bd16bcb,1,9050.0,2
3ac8e104c323,0,650.0,1
34112f05253c,0,225.0,0
caa8a64dc61d,0,100.0,1
3c9b13cec1a5,0,32075.0,3
02f873f47bf9,0,2050.0,2
1e35ed3f6ce7,1,1525.0,0
2bfcf0fd5bce,0,1750.0,1
cd371c3e1ff8,0,4550.0,3
0e82379e8fd7,0,3100.0,3
6f5655e051b2,1,1550.0,2
3ebcc5a1dfb3,0,11625.0,3
f57ee102a505,1,23425.0,2
d30b185e69d3,0,125.0,1
e345fc42904e,1,1675.0,2
741215bb26ea,1,11100.0,3
ee68ca3d0ad0,1,5250.0,1
27d4b2125783,0,7875.0,2
8c26ec557f12,0,1475.0,3
b59fd988f97f,0,1100.0,3
387aeba186cb,0,3250.0,3
e6f6a832ac84,0,17750.0,3
c59d75d76807,0,3525.0,0
470b9d94a2ba,0,7200.0,3
88862e99fb0d,0,4100.0,2
1e0f92224235,1,1000.0,3
ab0e7ab76485,0,2100.0,0
bd1f16a41b06,0,1700.0,1
4a0b151b71e8,0,600.0,2
05fe2c30963d,1,6350.0,1
a49e9cb3845b,0,50.0,0
ab1e0e8f2d55,1,5725.0,3
8fe0397f8bc6,0,350.0,0
fe8b5724b295,0,10800.0,3
1c4310a2017b,0,15750.0,3
3f0dd1b9d3f8,0,3100.0,1
f8b25d6d7df2,0,5800.0,2
cdbb6d3f7c8f,0,500.0,0
e37b12bf96e4,0,6675.0,1
71901bd9334d,0,37425.0,2
31d30eef7b42,0,2725.0,1
a747bf76cc0c,0,8925.0,3
4eef9f35f9d4,1,2800.0,0
04ce57a60c3c,0,1150.0,0
d4ec71d6e346,0,6175.0,3
dde2c74d194a,0,50.0,0
1210b550d484,1,1600.0,1
238ed710ce9b,0,3675.0,3
ea536612d114,0,15850.0,3
c5a98ad7ef93,1,5500.0,3
e28d6ea44dac,0,1150.0,2
f01d7c34ab70,0,200.0,1
817ef145c3fd,0,150.0,3
5db6f89de97b,1,4550.0,3
b42b50ce1c83,0,9225.0,3
44f812d55318,1,23700.0,3
ae93eb9104dd,0,7900.0,2
f4c9fd364914,1,400.0,1
03999abb83a6,1,1550.0,2
4cf9ea8eb184,1,1100.0,0
27fe0cc2302e,0,4350.0,3
2b3eeb948a3d,1,1700.0,0
cf0c6bb00f1a,0,3100.0,1
13cd327089db,0,16650.0,1
538435f96b33,0,23975.0,3
959743430a3f,1,3500.0,3
e2a4d63fef56,1,2000.0,0
d16332724710,1,2500.0,3
97e240b6fad9,0,16875.0,3
befc4e2f74ef,1,3800.0,2
131025cd4dfb,0,150.0,2
a7dfa96685bd,1,1200.0,0
7e0644052127,1,3075.0,3
0dc762c46a39,0,4175.0,3
21b65be6440b,0,1725.0,0
79451a58c85b,0,500.0,0
8da97cb0f975,1,6925.0,3
1fb1ddbb327f,0,14525.0,1
eceb4db6db15,1,7975.0,1
48cbdebff04c,0,13150.0,1
85aa3a49dabe,0,17275.0,3
86e34e859dca,0,1225.0,1
fc33fbc77f3e,0,15925.0,1
0225d3e841d7,0,18400.0,3
6dc5fb1c86a8,0,17850.0,3
d743204e0944,1,6150.0,2
ff213d356f8c,0,2250.0,1
374fe563bf7a,0,1400.0,3
4463967c1b5a,1,20850.0,2
b656b27c8785,1,3650.0,2
e47941cb7637,0,2000.0,1
d20f38515590,0,1250.0,0
9d59f20ab14d,1,36050.0,3
ebc7e1e71e5f,1,2000.0,2
69512bb62185,0,9850.0,2
4e82d9bdbb22,0,100.0,2
03f5a933fc18,0,2800.0,1
10e81cae4c3f,0,11275.0,1
7b9dc88e4c17,1,46000.0,3
89feeee718b1,1,5500.0,0
24c86fe1d981,1,17100.0,1
6ea8e877cb57,0,48600.0,3
f46ffe431b95,0,5700.0,0
707f7ccb64c3,1,5025.0,3
63af693421b5,0,1150.0,1
a8eb4aff2983,0,3450.0,0
c79ba2c35129,0,12250.0,3
9b5c21a7c2bc,0,4775.0,3
a2b198844fac,0,7850.0,2
267e06d53381,0,17200.0,3
c29ad133004c,0,3350.0,1
9ca0ef338e3e,0,2350.0,0
a9ec19ad02a8,0,7775.0,1
8ef198c5900c,0,2675.0,1
90266abdb4f8,0,600.0,1
9c0c96d241ee,0,9975.0,2
6820b7bcc2a6,0,12900.0,3
924a8e820d3d,0,3225.0,2
6c18627cac55,1,2075.0,0
846f1ae85f83,0,1000.0,1
66c72a0e9634,1,1600.0,2
96892d0f72c4,0,375.0,0
7d8fc01bff01,1,2075.0,1
4149f040658f,0,0.0,1
4d402e52faf4,0,9850.0,3
548c4299dc9f,0,2375.0,2
3fe2257f0131,0,2325.0,2
79e71a13e117,1,8675.0,1
280aa6c1c3fd,0,16875.0,3
664bf7832a8f,0,475.0,0
0d1ffd7d6e0c,0,500.0,1
99f00a820b89,0,4750.0,3
2c212597b0ff,1,19100.0,2
80bb05307c72,1,6800.0,2
5cedd95ce22b,1,56000.0,3
e3626992da75,0,4500.0,0
6ab561071865,1,38050.0,2
2abc8945d88d,0,150.0,0
b551f0141e0d,1,1800.0,3
5593724f816f,0,9275.0,1
a6a6ffacd716,1,5650.0,1
0292e9fa3dd8,0,5375.0,0
df3119de5a3d,0,1775.0,1
707123ac2ca7,1,21625.0,2
cf91de672bd3,1,6725.0,1
8f314d43bb2f,1,7875.0,1
6a1c4f089ed9,0,15075.0,3
0474c40ad855,0,1900.0,1
28e77ccad7ae,0,4350.0,2
82d35919fcc2,0,1900.0,3
7f33bb2a9f5e,0,6125.0,1
2738510c3457,0,2275.0,2
433ecd43be0d,1,2700.0,1
f2daa780ff0d,1,8950.0,2
012462beba57,0,50.0,0
df098f4a7919,1,24800.0,2
d0095f16a11e,0,400.0,0
d879ddb02a53,0,800.0,0
5e3cc7b33a6c,0,3950.0,1
3a218d0cc2fb,0,24250.0,3
bdc9aa2bd843,1,9475.0,2
af3981e26644,1,7250.0,0
1c18dacee4db,1,12100.0,2
1efca13672dd,1,3100.0,2
c06a118f2f76,1,2650.0,3
ad2bdcc0107c,0,1200.0,2
bcbd6155655a,0,19650.0,1
cec2bb96d669,0,15025.0,1
624af8de6483,0,18500.0,3
0ba293906ce2,0,1750.0,0
780d98f9f16c,0,11175.0,3
88151a6534a9,1,9175.0,2
a69083f0d2de,0,7600.0,2
98528225584b,1,2725.0,3
5fe3e69f52b7,1,2550.0,1
d342d552dc99,0,16025.0,2
39fc639cb2ef,1,35900.0,3
6715540e54ff,1,1975.0,0
4f11e86786b2,1,6625.0,2
4aff9caba2df,1,5600.0,2
034f6298abcf,0,900.0,0
4ddcc1a62c7a,0,9350.0,2
21bd79d553df,0,3800.0,3
b9f887c538e2,0,6375.0,2
5052206b7aed,1,7900.0,2
acb66cd1147e,1,31400.0,3
d9999051a902,0,1250.0,1
196eda929bb4,0,4275.0,1
22449a9a6c6a,1,17225.0,3
e023e159e63a,0,550.0,0
d7ed1ba4328f,1,5950.0,1
624761ea878a,0,1225.0,2
4b2a5d3bbd1d,0,22550.0,2
431ec7b92fd7,1,1850.0,0
e574076dd925,0,2750.0,0
1aa6c4a25ac4,0,350.0,2
319388995f3a,1,42225.0,2
e3c1010288b7,1,19150.0,2
dcd7b376ad37,0,300.0,0
402b67c536bf,0,700.0,1
dba052de6ec4,0,825.0,2
1503333d3fd8,0,9000.0,2
6bbd0fed4264,1,2750.0,0
09c90e1ca2ef,0,225.0,1
40243f5212a3,0,14300.0,2
2a3ffee4e272,0,2800.0,0
f9f1851ee102,1,4575.0,1
cf765524fbc7,0,20400.0,3
8cc7a764332e,1,28525.0,2
752c1e290d27,1,2200.0,2
868fe08d7234,0,4400.0,1
0642cf17ebb1,0,14575.0,1
2fe2b28d8fa7,1,1300.0,0
cb02f2c18b42,0,1300.0,0
32d12f6d87f4,0,1625.0,2
cf1b79e9d609,1,12200.0,3
0723c8d65c71,1,15175.0,3
808e4328f7c9,0,2400.0,3
6c3d145bd5ae,0,18725.0,0
c19e62454300,0,33550.0,3
d336e7a624a2,0,4700.0,1
e22119163b3f,0,550.0,0
f03488a5b14f,0,10300.0,3
7769807c5686,0,7650.0,0
9817df5687b7,0,25375.0,2
433da6b410e5,0,4850.0,3
5909624a8b09,0,3200.0,0
c15dcafddfb3,1,19925.0,3
7e0ed7d055e5,1,12825.0,1
e2b2bd722355,0,4500.0,0
3dd9bc39362a,0,3175.0,0
28cac3e4688c,1,2375.0,0
2057c07f59eb,1,700.0,0
28664c937fb4,0,24350.0,3
3ab1fab44565,1,8050.0,3
c11706535e3b,0,3600.0,2
26ec77266502,0,4800.0,1
7899776ed863,1,8600.0,2
58d3c1195663,0,9300.0,1
a435fd20c108,0,1050.0,2
9e9d72b154ee,1,11000.0,3
1f69868b471d,0,2050.0,1
5b783dcb2403,0,600.0,1
ae65e877e867,1,1400.0,0
8baa9697cf09,1,10650.0,1
21a2c7c0dbb7,0,18300.0,3
521eacf6aefa,1,7125.0,3
fba17603ac9a,0,2000.0,3
053b6956547f,1,3325.0,3
41a668494ebe,0,5100.0,2
058fd5ad2b6b,0,250.0,0
2155a3955d9c,1,8225.0,1
709366f6d938,0,3475.0,3
0930a46bf071,0,1900.0,1
fd01938ba838,1,36125.0,2
cd9a954f7792,0,3900.0,0
8e537d3bdec6,1,5775.0,2
796c32af2595,0,1600.0,0
5948b892826e,0,7200.0,2
f259b3c7b28b,0,36750.0,2
eb949a71d2f7,0,900.0,0
1e1c84c686f4,1,3250.0,3
1b9900d007ce,0,1300.0,1
2941ec57223a,0,275.0,0
91d1380875cd,1,10375.0,0
7ab39689a3d6,0,7775.0,2
a988d6d1107d,0,2725.0,0
3c7eaf2f1fe3,1,1100.0,1
ce86697a6287,0,32950.0,3
f9c54318f0c4,1,6800.0,0
91f4a9fb2270,1,17100.0,2
63e333610ec9,0,9275.0,3
fef57ed1ce5e,0,1525.0,1
b0556a4cff9d,0,1900.0,1
21aa4c69d797,0,1325.0,0
edc10cb544a9,0,3650.0,3
ef1835d16f6d,0,18100.0,3
21b178294016,1,1850.0,0
63532205f696,0,8250.0,1
047ef5c2184f,0,5825.0,2
6f10075ff8ec,0,10650.0,3
fd2a6b4a51e2,0,2850.0,3
139c41e7f982,1,2475.0,1
3172ee15a460,0,4500.0,0
f4c41eca5b24,0,1925.0,3
dfcca6140fce,0,950.0,2
328c130d9a61,0,6225.0,3
6f653b339ec7,0,1300.0,0
66c4d43c0362,0,150.0,3
c61baa5be96a,0,200.0,2
3260ac95bd11,0,23100.0,3
0690dcd62925,1,7350.0,2
63c4742e79cc,0,1600.0,1
786690caad85,1,7200.0,0
a8184fd6a2cf,0,8700.0,2
51e879c6807d,0,400.0,0
941cd6f0bb7c,0,7625.0,2
6b95d1bc6b0d,0,2550.0,2
62eac87ee29e,0,10225.0,3
ee489e48c482,0,2825.0,1
92705695ec3d,1,1200.0,0
d2a8489fb5f8,1,12275.0,3
ba14cf769867,1,33425.0,1
3bb8e9901cac,0,5200.0,3
2f770a3a2b22,0,1375.0,0
d64730b7616f,1,3300.0,3
1d29fd45f739,0,1300.0,2
3bdda487bfd7,0,1675.0,1
0ae182d9526b,1,1525.0,0
fb12c8f2b45b,1,26750.0,2
9696d4ba686d,1,1200.0,1
c61315957715,0,1300.0,2
d301ce500572,1,3150.0,1
c91155b052a7,0,9450.0,2
a709229c897f,0,1300.0,0
a5f8afd85bc8,0,4875.0,3
f07f80e1d339,1,8850.0,2
b34008bcf835,0,1100.0,0
579c748beecc,0,2750.0,1
a0c3a6f9f5ea,0,24800.0,1
35fd82b3d975,0,1200.0,1
fcc5c2bd9403,1,19650.0,3
f0a3b0dec794,1,10100.0,2
00f1ba72fd5a,1,36225.0,3
310059f70eee,0,100.0,0
d27e027c314b,0,1025.0,0
41f750f8f26b,1,40450.0,3
1a492629a400,1,12475.0,2
56dcae969ec5,0,2125.0,1
4a16ce28be4f,1,12900.0,3
099bb473bd55,1,24475.0,3
7513e27b2cb2,1,13550.0,2
32da2e6a7327,0,3200.0,2
1b26fd5ee7ca,1,23350.0,3
ba54b878a5d7,1,2700.0,2
47820e1e0627,0,16400.0,1
6df27021989d,0,51550.0,2
22898699e812,0,8050.0,3
218948303db1,0,12575.0,3
80f689363678,1,5175.0,3
4db6fbc7bfa3,1,1800.0,2
d964486a1bcd,1,10775.0,1
f7de8a9e0c24,0,1100.0,0
d7370cbfcc13,0,1200.0,0
2df6cb826d1b,0,350.0,0
a61a7cb67a77,0,575.0,0
f3b076e45b2f,0,5025.0,2
266144a0b1f1,0,2550.0,2
d2a261d38a5a,1,15525.0,2
4f3ed0c274c3,0,19650.0,1
28a87feb9a8e,0,9500.0,3
060ddf9d26c4,1,11325.0,3
632580cc5283,0,600.0,2
3c608b68dea5,0,12425.0,2
089e3ac51d6e,1,10950.0,3
495f31219146,1,1600.0,0
41781c30a82d,0,9875.0,2
9759bdf42a22,1,5050.0,2
3a338bcf1b28,0,550.0,1
c2dafb374fd1,0,4375.0,0
8ff015e2008d,1,1075.0,0
70d82287e696,0,13575.0,2
2fca1b668d70,0,200.0,0
b8c9ad689b26,0,2850.0,2
7b72ae0d2bb5,1,1550.0,1
f13428a1b09a,0,4400.0,2
0071b8f7d664,1,1400.0,0
6da12cee76eb,0,19050.0,3
7ec144122e6f,1,1400.0,1
dc3eac214c7d,0,11600.0,1
99a754042d7b,1,7900.0,3
3456ac412c92,1,6200.0,1
ea6ff9420b72,0,4200.0,0
dd5b354b4859,1,41875.0,3
0692716f9789,0,1875.0,2
7e2db6a0f801,0,1525.0,0
7bddabb2e6ec,0,4000.0,2
ef624d1e6aa6,0,850.0,2
97ddd3021c1b,1,1275.0,3
7a0ab11e40eb,1,16275.0,3
ce9fd7ee316b,1,5700.0,2
2242d4faee49,0,52200.0,3
498f9a92e114,0,0.0,1
4c35c2c74df3,0,12350.0,1
c1a8efa4ca5a,1,3350.0,0
df08d899c9e0,1,6850.0,3
d4313890296c,0,1575.0,1
53422480cd53,0,150.0,0
bb9f0a8f7745,0,3850.0,2
9f85d76f4298,1,2075.0,1
ac77f9a1ff7a,0,26225.0,2
a34db86e8a14,1,9150.0,3
239f3a2d8ed2,0,5100.0,2
b1b714f6a1b1,0,3250.0,1
8be66ee902c1,0,1825.0,3
43504dc8b089,0,15300.0,2
56fe0f2fc365,1,25725.0,2
ca91cd1d962c,1,39450.0,3
a29bf06bbd2b,1,1850.0,0
661eca66582f,1,10525.0,1
0cc28f240e34,0,23350.0,3
51003a52b197,0,1300.0,0
0debcfd6a694,0,13825.0,3
dbfe20176ebe,0,3075.0,3
e1e776ce8370,1,500.0,0
3d70be23c0af,1,500.0,2
f19ed2d972e6,0,1425.0,2
882ca20cc413,0,7575.0,2
e5ea4d5f7aeb,0,350.0,2
ed27aa9c3b52,0,600.0,1
b4e2f7b388d8,1,1500.0,1
b15f48e46785,1,6425.0,2
63845ce025de,1,2400.0,1
0daf110f751b,1,1300.0,0
5341dbca5fd3,0,2675.0,3
7d448312a3c0,0,3800.0,3
3fe18fa9a491,1,13150.0,0
423c07a2913b,0,1300.0,2
39d8a9ceb59e,1,1925.0,0
b2cded2c7a0c,0,8675.0,3
0bd6a906b652,0,6350.0,3
c895523ea24b,0,10675.0,3
22060c0ee150,0,500.0,2
3bdac9ee6e8f,0,9800.0,3
911e867b27f3,0,1425.0,2
9dccdb7f1989,1,11100.0,3
9eebd3a61c0b,0,0.0,1
4f736aeb797b,0,1700.0,0
41bc82b336ee,0,2600.0,0
758beddbb4e7,0,6850.0,1
9a1c2aa18154,1,9100.0,3
57404eaf71ca,1,5950.0,1
335f6934abb3,0,11500.0,2
ff1d926d69a0,1,5350.0,2
0fcdac0b5051,1,925.0,0
0435653d4bbf,1,2100.0,3
d4fd60b9afc7,0,13900.0,3
26313703659c,0,8800.0,0
155eac2ec7a3,0,13325.0,3
1ace8a39442d,0,44800.0,3
e182c14e58cc,0,3400.0,3
2d8caef87431,0,975.0,0
c16d5606f917,1,4500.0,3
a1247701fe89,0,5875.0,1
4a02073b5642,0,10650.0,3
0ef708723313,1,14875.0,2
5a9484a9121f,0,4000.0,3
b3629199fb2e,1,1350.0,0
5392f9642557,1,7925.0,2
3e5258ad74ec,1,5575.0,1
e9fd75a4ea99,1,13525.0,3
45ed4233c1d4,1,2950.0,0
f44a64b57191,0,625.0,0
164abb1bad8b,1,18775.0,3
309f9cae864d,1,14975.0,2
33f361270e39,0,6925.0,3
b7b56eb2316a,1,3150.0,1
9c52fe81c613,1,8475.0,1
f8b6d09a21b9,0,125.0,1
e6d7f677892a,0,2750.0,1
1be5d8c326e5,0,11600.0,3
7f379b584ee4,1,10775.0,0
c369aea933e4,0,4275.0,1
c3bfc5201a13,0,18450.0,3
2dc4f00e4083,0,1600.0,3
85c8b45dba73,1,9050.0,3
2c17c3fed39a,1,21025.0,3
cbf78b35c8f7,1,14500.0,3
ac19517c9247,0,11500.0,3
b3e8100bc394,1,2125.0,2
c29d64b953a1,0,1225.0,0
0efaf68a048d,0,7500.0,1
b1839a0fb9d1,0,25900.0,2
9cf38867559c,0,3050.0,0
9c1aa5dd83d0,0,7025.0,3
27f1d9fbd7a8,0,3025.0,2
4461053c16e9,0,20150.0,3
b555eb9c00ef,0,7675.0,2
876e4ff31ecb,0,50.0,1
a3b95d95e645,0,5300.0,3
450086307024,0,3200.0,0
aa200958a9b7,0,350.0,0
45bd2bd130de,0,14575.0,2
dce02c2bc78d,0,2250.0,1
c54ee1fc1b79,1,8450.0,2
2fdc4f3ff411,0,450.0,0
496c9f6e235f,0,4000.0,0
be4e7eaf4451,0,7575.0,3
18513096ed26,0,2450.0,1
13d067459c04,0,28400.0,3
0f09fe6caac5,1,4925.0,0
c5e7c71a4563,0,42475.0,1
a4cdfa0e2233,0,200.0,0
cad79ccbe9a9,1,16375.0,2
dc21d5b06517,0,61300.0,3
db392548af48,0,1600.0,0
e46203ef3243,1,2175.0,2
370f94249d12,1,3725.0,3
17d56ed837b9,0,2625.0,2
76c5d1c7b379,0,18075.0,3
f877deefdb03,0,6600.0,3
37de54946b54,0,1150.0,2
88ffc2bfc309,1,20600.0,3
f3e4322ffd2f,1,7700.0,2
0bb909f622dc,1,2600.0,1
007350c58d49,1,10775.0,2
b5798ad44f6e,0,18375.0,3
d395c110b77e,1,46225.0,3
c6cf48a767d4,0,34675.0,3
79eef18cbbb1,0,8575.0,2
1da7f91774f0,1,8225.0,1
80098c7c331e,0,10050.0,0
a32cf14aa2a4,0,36100.0,3
05980d3c6d81,0,1775.0,0
c3126a03778f,1,2700.0,1
9e77ca45d72a,0,650.0,0
1a8cd3c991d6,1,12125.0,2
e10bc8737d3a,0,6900.0,0
e42870aa2629,1,1800.0,1
666c0d805278,0,15525.0,3
cff43be8267b,0,1700.0,0
d296a2ad5bd4,0,2475.0,2
e32c114eee71,0,2925.0,3
4defa4c39a80,1,13325.0,2
6b891adf6b71,0,7450.0,2
fa6e257cf373,0,20500.0,3
d7cac7ede959,0,23100.0,3
b4058766ada5,0,3675.0,3
b608c030dd13,1,1575.0,1
e16c85c766f3,0,1500.0,0
9c07aafd0f0d,1,6800.0,1
8fc3a2c78512,1,5400.0,1
11625a8af98b,1,12050.0,0
a8569d584e83,0,7700.0,1
6af96d955596,0,2525.0,3
907603e9ca42,0,2925.0,3
6e75c93ff819,0,30725.0,3
910ee5c605cf,0,6800.0,3
c4c81963bcd3,1,3700.0,3
56e4ba9579a2,0,1250.0,1
5408f5b09cd7,0,5750.0,1
3cfe05196710,0,2825.0,0
42d26b5451cf,1,12550.0,3
b5eb6b13226f,0,12625.0,0
543d5a8bd256,1,14650.0,2
367a0017b1e3,0,4775.0,1
3ee8ba936c47,0,10850.0,3
24ebc747e644,0,2300.0,1
8ac749f0c826,0,1850.0,1
bc40c909d92e,0,4000.0,3
69cff2718c6a,1,2950.0,2
efc6a53bbd33,0,1975.0,1
29997cf6bf31,0,7775.0,1
577fc3c63952,1,4300.0,3
f4aa6834b0df,0,11000.0,2
2d1f4d440060,1,2150.0,0
e51ac0d9dfc9,0,6925.0,3
cfd9ceaa8238,0,1500.0,0
4447983e82be,0,4775.0,3
b2421fff36d9,0,4400.0,1
4eb665b40aa0,0,5600.0,2
5db3cae18008,1,21200.0,1
28e76db28c20,1,2550.0,0
6f2ee61b101f,0,250.0,0
e1d515730d11,1,7650.0,1
a87981e0f9b3,0,8575.0,2
ac2a91904bab,1,1175.0,0
9c6f32e79031,0,925.0,0
632385dbde25,1,11200.0,3
9530e97045a6,0,2325.0,1
b7f8f60d8c71,1,825.0,0
4bb0af3f49c3,0,2400.0,2
7a21c4586ae1,0,24250.0,2
3912768ed2e3,0,4925.0,1
1b254454360d,0,450.0,2
b6c61b55e6f0,1,11975.0,1
80cc1bb1a4e2,1,6700.0,3
b8eaa26933b7,0,0.0,0
9fdc15db114e,1,5075.0,2
3800c7f0ddee,1,9700.0,1
99eae2f86485,0,5125.0,3
6d4da64335ea,0,500.0,0
4c6544148a2e,0,4900.0,3
fc3e58fb071d,0,4325.0,3
de21536f2db9,0,3400.0,0
10246649e800,0,3050.0,0
97da8a2a4630,0,1400.0,0
5a7bc0daee2a,0,7850.0,3
1d5f75a1447e,0,2050.0,1
6956913a460e,1,14450.0,1
b9301409ef7a,1,4550.0,0
898ec470f69d,1,25800.0,3
603d76055ef7,1,1300.0,0
3e437c3da6d7,0,3350.0,0
4c54a463d003,1,1300.0,0
350045d04f52,0,4725.0,0
f6a18bbccf6c,1,29475.0,1
11b4f066689c,1,13650.0,0
1c3a86d6f42f,0,21100.0,3
f48014bcf406,0,1575.0,2
77d3445433ea,0,23075.0,1
5c816d8c1d35,1,2000.0,0
30a05aaafe82,1,2875.0,3
540cadb58eab,0,10350.0,3
1d3b5367fc1f,0,100.0,0
a9152d0f4b0c,1,21325.0,2
27fe4875903b,1,2400.0,0
598360ed5396,1,6100.0,0
6b5ebc2fa960,0,1300.0,1
67c6887205c9,1,700.0,0
bcbf6040ad1c,1,5075.0,2
17ac67d62bc9,0,1700.0,1
5cab16d3212b,0,13225.0,2
79171bd7e77e,0,11150.0,3
9d0a21ba2e4c,1,2950.0,2
b2f4e26ca2d9,0,300.0,1
0448b730db47,0,14650.0,3
88ad0f5ec935,0,2475.0,0
31727c7c9510,1,20300.0,3
f289c44c6b26,0,1575.0,1
2906f092e34d,0,300.0,0
0b36ffd1a9f9,1,1350.0,1
39c2478c67e5,0,7575.0,1
88bb6872f263,0,3550.0,1
2456baa9e8f1,1,2025.0,2
6dee9d10e45a,1,8750.0,0
7f7ff57d310c,0,22025.0,3
c49e2ac847f8,1,32925.0,2
09d1b52f5505,0,925.0,1
9954167b6ca3,0,6400.0,0
01fc1a7780ee,0,225.0,0
df943b1941ec,0,4100.0,0
f40545817af9,0,5175.0,3
7f1f0c5dcde8,0,1675.0,0
5ba4a93c86b8,0,1300.0,0
5d607c594615,0,3800.0,1
70900f82b1e5,1,3350.0,2
c73a08d527f0,1,1300.0,0
7a5ff3661596,0,1700.0,0
03396433ce43,1,7250.0,1
193ee32232bc,1,3850.0,2
25168709d405,0,1850.0,1
c07a6eb1184b,1,29000.0,1
756d6f8efa0e,0,2000.0,0
46a4a4880b57,0,10625.0,3
1d6e03de56fc,0,36650.0,1
b9cec43aacef,0,4000.0,2
2f0bcc8ab46e,0,1875.0,2
047bf7bc8e9e,0,26075.0,2
e0b8b7a986a0,0,4925.0,3
f8d92ffd8ef6,0,2000.0,0
5e4358363697,0,500.0,1
d9aa5b341538,1,3575.0,1
1283873bf839,1,1425.0,2
a8dd4279ecd9,0,4200.0,2
1f770419e9d1,0,16950.0,1
db798e01d054,0,1350.0,0
7f991abf0a1f,1,5200.0,1
43545ca70342,0,4025.0,1
de195dff1398,1,12600.0,3
4973fed2e2b7,1,8525.0,1
d6c122ca481f,1,2675.0,1
06a49ce7b08b,0,725.0,0
fe7962266e6a,0,4675.0,1
d20817e1f5b6,1,8275.0,3
63a786962fa8,1,2500.0,1
c15a6ea64f70,0,1600.0,3
19b0b7a62d01,0,0.0,0
da620742c9fe,0,11275.0,2
ba053dd8c159,0,700.0,1
2d8dd0de8d45,0,950.0,0
d44fca7d7db6,0,2150.0,3
7891557c54c4,1,7925.0,0
a9a908ba82e3,0,5950.0,2
6d18672df543,1,500.0,0
b5690d324236,0,3950.0,2
aaf91e902562,1,3825.0,0
1cd17b74787e,0,3600.0,2
9e6848a7d121,1,2000.0,0
79010a55ae73,1,425.0,0
7b20366bf81f,1,2650.0,0
c223780c7f2a,1,1975.0,0
94b757d2e47a,0,22175.0,1
c0dc78ddd47d,1,6300.0,2
0ab97a1a6e6a,1,13350.0,2
6dad3465d613,0,6925.0,2
3b584c9ef26d,1,3425.0,3
4c82ac54f24d,0,500.0,0
ac41757f655d,0,5800.0,2
216382ab727b,0,8425.0,2
82f0bcd564c4,1,3875.0,1
bf499a687c13,1,6800.0,1
dda5e56188d2,0,20650.0,2
31086491e2e8,0,1400.0,1
89b4fcb6ed7a,1,1500.0,1
a213823bfd5e,0,2025.0,3
980d286373eb,1,3400.0,2
d261c19223ff,0,12800.0,2
56a2ddd0ccf7,0,750.0,0
80f7213b211c,1,2100.0,0
04b2ae027b3c,0,3950.0,3
0ba3560e83bc,1,6800.0,1
36f77c21ebcd,1,9725.0,1
37d840396527,0,28300.0,3
1bd13292ec5a,0,14925.0,3
2ed68b5c6975,0,7850.0,3
9df61b3c000b,1,13350.0,2
34c5978351d6,1,2225.0,0
6664da6827b6,0,1250.0,3
90c459088e3b,0,600.0,3
4fb1d2317422,0,22075.0,3
c9ab058f6e62,1,47275.0,1
a38c63353685,0,5425.0,2
e6386cac071d,0,5025.0,0
86d6498e3deb,0,0.0,0
a5b456a8bdc1,0,50.0,0
0c217df0130e,0,2225.0,2
79739b1b258e,0,1100.0,2
fa304dd76f73,1,5850.0,3
d9ba829107f2,0,4575.0,1
52fd0648110b,0,1625.0,0
bc108e18bd2a,0,5300.0,1
0ca4ecd6e943,0,13625.0,0
0a5e7a176367,0,3550.0,1
7332d4ef615e,1,1600.0,2
471f2900e86a,1,2200.0,0
d2046954acea,0,10000.0,3
c3e5a3f47f88,0,2300.0,0
76fa92426dd7,0,24025.0,3
3b942a2f89ce,1,400.0,3
573faea0438c,0,975.0,0
8d8f58cf1bb3,0,3875.0,0
0f0c8db8f37f,1,8500.0,3
882a3cf9b853,0,31850.0,1
c2b3e2a8703c,0,1900.0,1
0c62e1ffd44b,0,6050.0,3
c2a8b6c6925c,0,2600.0,0
8357f888d4e4,0,11075.0,3
356f585032a3,1,1500.0,0
5996db69d711,0,2250.0,0
b02401f1769b,0,6450.0,2
8a0546e88c86,0,6400.0,3
15124475ff19,0,5275.0,3
710a669b31a2,1,14775.0,1
f7b8aefd8632,1,1150.0,0
d3217b57f227,1,1825.0,1
388abcc3af32,0,3800.0,1
c7bb9fd41444,0,15775.0,3
47301a087a48,1,28500.0,1
19df69ed786d,1,11250.0,1
c0dc0737aac6,0,1975.0,1
c4ee315005e7,0,1450.0,0
0092b5961680,0,19475.0,3
e32a85d93cb3,0,8825.0,1
a138313c6b1b,0,100.0,3
6b61b50b2c12,0,10175.0,1
6b214d06fbd8,0,1000.0,0
fac011097a37,0,4875.0,3
5d25b4dd0e0b,0,150.0,0
71abf2d78126,1,1600.0,0
a49ade31bada,1,1900.0,1
7089471bbf17,0,2850.0,1
50e23d9c9fe2,1,900.0,0
5217e608a06d,0,600.0,0
b57b7ba078b8,1,1425.0,3
ff01ea6c65ad,0,1300.0,1
8c85246e4026,0,3000.0,0
452c236eecd9,0,12250.0,3
b55f6ad7046f,0,1325.0,2
55bdff57dc47,1,1200.0,0
be18e1173ad6,0,2450.0,3
c598a378201a,0,19575.0,1
c038730f0c0d,0,1600.0,2
a8ad3e43032d,0,100.0,0
81256c181f59,1,12000.0,3
1a3c83e9fb23,0,3825.0,2
ba355e85bdb6,1,1950.0,1
02d5109a8dbf,0,1825.0,0
5e1b56b8b4c5,0,7125.0,2
d5b7f17a50ba,1,13200.0,2
c06eed8dd36f,1,26000.0,2
32d5134d3081,1,4050.0,0
ce0931355124,1,700.0,1
5c9cddd489be,0,3100.0,0
86e967e69d86,0,200.0,2
4a270f5a91cc,0,7975.0,0
c1aa90842898,1,775.0,1
6995acea5e95,0,6725.0,2
4e6fd3b7133e,1,26975.0,3
139b658e035b,1,1400.0,0
1eea72c79b34,0,26150.0,2
a3d3355284b7,0,9100.0,3
d86995dd0ff4,1,2575.0,0
f0220b362475,1,775.0,1
6bc5bab9d8f3,0,18525.0,1
6e2ba9e9ceed,0,725.0,0
f1e1234f0d2c,0,625.0,1
999abed9a040,1,18425.0,3
11ef5f00770b,1,1950.0,2
3f63ce41225b,0,4625.0,3
d9ef26f9fb54,0,4150.0,3
c1ef4f851b93,1,2400.0,2
fea91ad49bce,1,3575.0,2
319545b87b67,0,7150.0,2
73deb5e570fc,0,100.0,2
c78ff8d391a1,0,13400.0,2
b93fe7fd4db6,1,21250.0,1
bdb2c390df18,0,1800.0,1
9d9971283507,1,27000.0,2
c3839f04e5df,0,600.0,1
13435fc72b5f,0,700.0,1
32e7fd818fa8,0,1350.0,1
20d4fd80f2c9,0,2200.0,0
bf4487e9539c,0,2000.0,0
90387ec61295,0,3125.0,2
0fa73105dd0b,0,400.0,3
ff4733cc4511,1,2900.0,0
59b263c574b0,0,26750.0,3
0e46f83dfee2,1,1150.0,2
b7ddba932279,0,1600.0,0
999ec0118eb6,1,4475.0,2
0563d8e75b4b,0,1350.0,0
7a89e0cae2b9,0,3250.0,0
8d92a727f84c,1,12575.0,2
dd64b72ccc63,1,3625.0,0
5f85f8cc5617,0,1250.0,0
641fca6cc3a2,0,950.0,2
0e9382cb93ed,0,36425.0,3
5cbf490f0a94,0,3550.0,1
f650a7fafce2,0,50.0,2
8ad153ea020d,0,4575.0,2
fa612c1d9afd,0,50.0,0
b323ecf4f49e,0,28200.0,1
87ab6e338201,0,3000.0,2
cd40fa9a3313,1,6200.0,2
b6fc54aa55e1,1,10550.0,3
b6c6a585b736,1,13275.0,2
6120efd9fac2,1,1250.0,0
39f3a8a6e2c1,0,3600.0,3
9b98e4556bf8,0,7325.0,2
3820712e2580,1,2275.0,0
823dfb496281,0,15950.0,3
3f4eac8a426e,0,1300.0,1
8fbfccec6916,1,37200.0,3
5e6f1bf5dc6f,0,450.0,0
daf16b347e4c,0,6575.0,0
ea1a7b11e714,0,17300.0,2
8f945e11ae1c,0,5050.0,2
d547899a0ce2,1,3025.0,0
786d255e1107,1,1300.0,0
53fc175112b7,0,4875.0,3
0aca6d1bafbd,0,8675.0,1
2f38a91a3da2,1,10425.0,2
90f9c3ee70c1,1,2900.0,2
e5fa2a379458,0,15100.0,3
3f1559cdb837,1,900.0,2
bd1110f6e7b8,1,3200.0,1
2c4427f71090,0,4025.0,3
ade866bd4b38,0,1300.0,0
d9506f645862,0,900.0,0
1d723a40af73,0,8300.0,2
6f6c3af798da,0,9500.0,3
3f45ac26b9ca,0,8050.0,2
3c4a48af4668,1,400.0,1
a4f5cd5b2226,1,6250.0,0
00ddcf6799ad,0,50.0,0
d551362ede52,1,700.0,1
7d1d37a77670,0,100.0,1
9508f7927dda,1,1975.0,2
b9960c44644e,1,1400.0,2
9c7b94714415,1,1500.0,0
c705e385c560,1,1550.0,0
4e66cbb93bc4,0,2450.0,2
da4bea2321ea,0,16125.0,2
b2c373d7f1ff,0,6350.0,1
57b7fa35886f,0,1325.0,0
258b445b013f,0,5300.0,1
a92c23c2b808,0,53750.0,3
4dc326e3db94,0,14325.0,3
4d46d11d7332,0,1000.0,0
e57812a4740a,0,1450.0,0
9dd5de39f038,0,4425.0,2
51a77ffd2668,0,8025.0,3
e67a27bc35d8,1,14275.0,3
20303e509ab6,0,16950.0,3
e65294489f26,0,1375.0,1
57a3604857ae,0,7075.0,1
858a69883378,1,8300.0,2
3b8d499e7e82,1,6275.0,3
265c39303061,0,1100.0,3
5f22e68136d2,0,225.0,2
409da3c43b10,0,44625.0,2
6fc9f0311cc4,1,39450.0,3
45663383d36c,0,9825.0,3
4edcf153f0b8,0,4450.0,3
b109b2ac94ca,0,3925.0,2
495334ac6a9e,0,4100.0,0
7b794e966f8f,0,8075.0,2
857d3f6fc0b4,0,1125.0,1
620cde4371fb,0,8175.0,2
7dac93393654,0,500.0,0
86836c34929d,0,19050.0,2
9f37dea80b5e,0,7950.0,3
8b454d442fa0,0,1525.0,0
b07214f8c519,0,350.0,0
1894ddb9dfbb,0,15075.0,1
f4fbac8e6c27,1,700.0,1
abff1cffa747,1,28875.0,3
0d3c5d83f158,0,1400.0,0
d2df6451388f,0,4025.0,1
2e326ea7c08f,0,25875.0,3
9642f83c009c,0,800.0,0
315f94ff6f6b,0,6050.0,1
761b2870a5cc,0,16750.0,2
da71a2bfd139,1,17250.0,2
2b16b1939b5f,1,6150.0,3
63697a23e156,0,26525.0,3
9c2dea85ec86,0,1025.0,1
857e8cce45d6,1,3675.0,2
3e56e46a05bf,0,950.0,1
cade8225d729,1,1975.0,2
57592fd815ab,1,4750.0,2
22845cb6b552,0,100.0,0
e50e8945d1b1,1,6575.0,2
77a17ea3b97a,1,17375.0,3
0d759618562a,1,6550.0,3
a1e13cdb0a06,1,1775.0,2
f26abf0e7596,0,49375.0,1
1bc9e086eb24,0,3100.0,2
ea4219a79b9e,1,1775.0,1
b01499b7f24a,1,1875.0,0
e308e009aec2,0,13850.0,1
165f21880389,0,200.0,0
f108d7c42af8,1,1200.0,0
a206e8da4551,0,350.0,0
a682faa89db0,1,3175.0,1
2bbf44d65c92,1,5625.0,3
31dff977494d,0,2650.0,0
a8e6b63b8199,0,13050.0,2
6943ad1f539c,1,2625.0,0
b34d18387379,0,13625.0,3
5f2f62eccf42,1,29800.0,3
0bfc5157d1ff,0,9850.0,3
b1656d109d00,0,6850.0,2
4cc93271a6ae,1,18650.0,2
a124a3077b09,1,6000.0,2
b92472162b94,0,4975.0,3
6567847acd50,1,7600.0,2
63adc2fc762b,1,1700.0,1
327f86971e32,0,2500.0,1
bc708db1af55,1,8225.0,1
02ab1a9161fe,1,6050.0,3
164cb6f72ad1,1,3900.0,3
0f7dc27913c0,1,5000.0,2
906dc312961a,0,650.0,0
a0bdf7d65fd4,0,2000.0,3
c3e8ed3ce13b,0,1350.0,0
06d9b9e9fe1c,0,25550.0,1
d85c0736fcc8,1,12400.0,2
f3dfae1cfe64,0,13925.0,3
3cf8b58ca08b,1,2700.0,0
6b01465d348c,0,1675.0,1
655a8d3cef7a,0,7400.0,1
60fef8bc8445,1,11500.0,2
044216cb7850,0,750.0,2
80497a0cab3b,0,3250.0,0
74f5342fb5fe,0,1250.0,3
375c81f07836,1,2775.0,3
8a3f28b86fec,1,100.0,2
1b77645f1f9a,1,16500.0,2
46eaf603bb7a,0,27250.0,2
72bfa1870454,0,2300.0,3
87a13507820e,1,800.0,0
f2f16f8d85c1,1,25600.0,3
cada62f036b2,1,10200.0,1
118506f21bc5,1,10175.0,2
8e1f21b75751,0,375.0,0
dc989c5bb6eb,1,1900.0,0
35a704400d64,0,28300.0,3
fe8b76caaacd,0,800.0,1
4d27c655ceef,1,7125.0,3
6ed21702713b,0,4400.0,2
2cf0ff831149,0,650.0,1
c3a63ea2d55d,1,2800.0,1
214379568ad4,1,3275.0,3
4e50ebb9815b,0,4000.0,2
08db22dcacec,0,2100.0,3
ea2c7e939116,1,1900.0,2
1d553f3ac38f,0,16650.0,2
5ec117c8fec5,0,9150.0,1
9edbe57292af,1,1200.0,1
e2f983c47a8c,0,3150.0,2
e8140d0ea778,1,7000.0,2
8536c88904f4,0,20300.0,1
bee77f1d3725,1,12025.0,2
af5eff478412,0,1875.0,3
da3896b2fde1,0,1050.0,0
824d5d577371,0,2600.0,1
ca23bcca18e2,0,4900.0,3
e3a5e6f59d5b,0,4675.0,0
1a4540214152,0,900.0,3
05b0b4707dc6,0,4900.0,1
6229bda1eb91,1,17100.0,3
1dacb5b51d9d,0,1200.0,0
b63ec82ceb29,1,4650.0,3
d69d27bf5d46,1,9475.0,3
4ed37ca4a7d1,1,5450.0,2
3371991b0d51,0,21900.0,2
c1f964279a7d,0,1575.0,0
c9beec22f803,0,2500.0,0
c602cf6247d8,1,18050.0,3
5840ee7f5488,1,700.0,0
65591c1342e3,1,18150.0,2
d5943977f400,1,1200.0,0
149d080312b2,0,3425.0,2
a4071a861bbb,1,3600.0,2
6c0f3cc4be84,1,1800.0,0
3ffe259ea1f4,0,37600.0,3
3e1c8d6fc534,1,3675.0,0
32af1d502141,0,100.0,1
f0cac08ddd76,0,100.0,1
6818ee6ca299,0,25050.0,3
5a4b9ea7f4ed,1,33375.0,1
6ebcfdab5723,0,9050.0,3
552d7b17d34c,1,2700.0,2
f2e1f6d1bea4,1,5425.0,1
dc70a687db2d,0,36950.0,3
8ab9cf0b83ae,0,3500.0,1
d3af44e8d2ab,0,36700.0,3
dedc5222550b,0,3400.0,1
a1f533066528,0,15825.0,3
eef6ffac4798,0,4275.0,3
25609b6e51b4,0,250.0,3
6c1b1e24136a,1,28300.0,3
86f7f2a34ffb,1,2625.0,1
577b111939dd,1,1325.0,0
ff31ed1de64e,0,18700.0,3
d934e774ad82,0,6550.0,3
e994154f0357,0,22725.0,3
4c1e45a159dc,1,3900.0,2
0b53cee9da69,1,13700.0,3
c934e2903baf,1,1300.0,0
0d968a915b84,1,8300.0,2
37f57e8da6f3,1,9725.0,3
ad5675e87edd,1,4075.0,1
accb6dd94ffd,0,1000.0,2
926c638840ef,0,1100.0,1
1c127b064408,0,2150.0,0
74d43f71f0f2,0,16825.0,2
9c4d35d2c0b8,0,5625.0,0
04d69544b16d,0,11600.0,3
82291678a3ed,0,900.0,0
c22389fdee3d,0,750.0,1
9b8a02c41f9a,0,900.0,2
7c973e7ecfe3,1,6300.0,2
d67d97fe61cb,0,3450.0,1
88f34a1bb1e1,1,3150.0,2
39def39e1ded,0,5775.0,2
ec6b1c868ae0,0,700.0,1
979553c21776,0,2400.0,2
8f6ffe08f90f,0,3125.0,3
fefcf0859aa0,0,225.0,1
0026ae3f6cd3,0,975.0,3
59a738dc2a96,0,10150.0,2
7b1105d81c16,1,4825.0,1
11fd75f2f03a,1,1025.0,1
1d7b8abdf480,1,21575.0,2
8233a76eddc4,0,800.0,0
0ee0812cd9fc,0,1250.0,3
f80dfded6350,1,1000.0,1
06586421d782,1,1675.0,1
b4b70eb52f1f,1,14975.0,2
75a56ad226db,0,4525.0,1
f7899ca0e65d,0,3200.0,0
b2f8b48326fc,0,3075.0,3
07780dc8cdae,1,7100.0,3
5fd469548ab0,0,1875.0,1
c8b7fcc3e971,0,100.0,1
a7d4b42ad57e,1,5100.0,2
cc8e7176179d,1,1000.0,1
e742c37ff0fa,0,22050.0,0
74de54a20b2c,0,200.0,2
a1009183ebf5,1,925.0,0
abe453cf232a,0,9400.0,2
121c0d395f99,0,8275.0,1
348113077ae2,0,2500.0,3
becbc7cc2978,0,16950.0,3
0c48b9160019,1,6000.0,2
f2d6b02f7213,0,13950.0,3
3bc38b56d18d,1,2050.0,0
37988abaf4d7,0,3350.0,1
3a2e54b7397f,0,24000.0,3
ed482c8c54be,0,13025.0,1
674d76341bb8,0,9975.0,3
1a988a5edc89,1,5450.0,1
805a1160b69d,1,5750.0,0
7387c5d8053c,0,6250.0,2
fa4c9d1ec7e5,0,775.0,1
341472cdaf6e,0,5725.0,1
4dbfc96085fa,0,6800.0,1
2808416c0949,1,700.0,0
e244c8054d5e,0,1850.0,0
7ab50a2248ce,1,2325.0,0
ed88f8a64080,0,6575.0,1
93840c46cfaa,1,3775.0,1
34f50be44035,1,23375.0,3
0838ac8dba00,1,14450.0,3
f061c69fd1ae,0,9600.0,2
f5d7e5855b76,0,8325.0,2
65e9f9509c03,1,35400.0,3
df4933dceba0,0,2200.0,2
81b636aa1e15,0,12450.0,2
97546ea2d09c,0,100.0,0
e1137daad7ad,0,2000.0,2
a4c8be16780f,0,3750.0,2
2189bbab4979,0,11375.0,1
67b65a29e9d9,0,1450.0,1
ae512dfae839,1,9150.0,2
2fd9e888fec0,1,13300.0,3
1e5ab37a4bd5,1,2575.0,1
c10a9aae7327,1,3475.0,3
eceea2bdc608,1,43975.0,1
2badf9f5e97a,1,3200.0,1
4b64b4902ea3,0,22675.0,2
a3174ddf85a2,0,40050.0,3
1b83f0e91aed,0,3725.0,1
86e8c5a7d07e,0,6800.0,3
941ea255c0fd,0,1800.0,0
f607ed4f6d4d,0,1100.0,1
b1c313f8e8ee,1,3125.0,0
78bc54870e95,1,1900.0,0
ecc49fa03238,0,2125.0,0
e0e749e52bd4,0,10800.0,3
175be958ff09,0,975.0,0
2e5b900b2315,0,14750.0,3
c8cfe672b17e,0,3325.0,1
d25a2387ee28,0,15500.0,1
d3c1793c2bf7,0,2200.0,0
d3d16f3f5ff5,0,39450.0,2
eb0c0afb23a9,0,12000.0,2
d56b669796ac,0,14175.0,3
a2582a36ed12,0,1450.0,2
f7712c945df6,0,5100.0,1
276336e829dd,0,3950.0,2
e831c5fe85f9,1,1200.0,0
5a6238b4bf35,0,1375.0,0
2a170041a5d5,1,16325.0,2
80f26492244e,0,3775.0,0
0bc78d32e823,0,42525.0,2
2ce6bc9eb0b8,1,25725.0,3
29e887381d88,0,1475.0,1
f4bb7da483ac,0,15950.0,3
be764dbe6c58,0,2900.0,3
f78922b2d82b,0,650.0,2
1174ca964b04,0,200.0,0
7849f29b94ca,1,1300.0,2
75a6a42ba621,0,9900.0,3
7fb295c723f4,0,1700.0,1
baf66983cabd,1,10700.0,3
2f3f7196e6b7,0,6100.0,1
c75df8d2f501,1,22025.0,3
b3a261a747f4,0,600.0,0
d223f0b62f30,1,7000.0,1
24ff0fe15423,0,7825.0,3
d06ac0440dd6,0,16800.0,3
f2d673a0bd4d,1,6850.0,1
3e7551b267c7,0,1650.0,1
66fe3acd60b2,0,900.0,2
86165a8fa0ec,0,25475.0,3
6a9a19aed4b3,1,5100.0,1
a00e63510846,0,975.0,1
35a45a024d82,1,11025.0,3
4719b9acc1a7,0,3100.0,1
e4e5742cfc18,1,5225.0,2
0b8a7aa15f61,1,9300.0,1
995cc7ced626,0,650.0,1
d1ba14aa47a1,0,2050.0,0
aba924c31430,1,375.0,0
b372564d404b,0,12000.0,3
030a7573cb65,0,675.0,3
f268998b6b80,0,10750.0,2
009a1f9b4198,0,11000.0,3
f74e28e32618,0,600.0,1
dcb2d89ea016,0,12475.0,2
fa15fa01b366,0,2350.0,0
2dc3a45515ef,0,2625.0,1
d672e4bc4e8b,0,7725.0,3
c8bf9341c16c,1,10425.0,3
e6d3b1e58bd6,0,4675.0,0
70efbd4e99d5,0,1375.0,1
f01c284ab7f4,0,50.0,1
3dd425d1a6d2,1,1850.0,1
7a496554a9b0,1,6700.0,1
dee413a1484b,0,950.0,0
f44044668790,0,15450.0,2
86459a0ace67,0,1525.0,2
52080d5c3d81,0,10100.0,3
75832fdd4710,1,8600.0,2
f8ce29382bb0,1,20075.0,3
5436fb24e966,0,7600.0,2
206674ef286f,0,2425.0,3
c294318859a5,1,1600.0,3
66be812aa875,0,4550.0,1
19ed721528ac,0,15925.0,3
944a38b0932c,1,30275.0,3
1a7a8486274c,1,6250.0,1
f12943066b7f,0,11225.0,3
b0012ccbc884,1,13450.0,1
ef54523218e8,1,9175.0,3
d81e16f2c546,1,13950.0,3
e07ba7055a2c,0,24125.0,2
500ed6ccf462,0,8250.0,1
3e3247f7ddc4,1,6700.0,1
83fda834873f,0,4875.0,3
7402e723a519,1,13900.0,0
b453744985ed,1,6750.0,3
d7ac28fad438,0,1600.0,1
8f011701aa9b,1,3450.0,1
a96aa66da000,0,3700.0,1
73a64ae5a877,1,1350.0,1
3b8a06d8c699,0,1850.0,0
d1d3fa43eb83,0,5650.0,1
a5635e8bab83,0,13750.0,2
14fdb34ae5dd,0,9100.0,2
6d82b0919b8c,0,3000.0,1
827d29fb42a7,0,6975.0,2
fdbb278a432a,0,200.0,0
a56038ea2e12,1,1050.0,1
1da6dc1c3c45,0,8825.0,2
857a0597e490,1,8025.0,1
316ca199eb4e,0,650.0,0
94ebce1b817f,0,1850.0,3
73dfcec99877,0,7350.0,2
256b6efbba65,0,500.0,0
eba8cdfc651a,0,2625.0,0
65e67d0acedb,1,5775.0,3
cddee08f942e,0,2725.0,1
50685396ea09,0,8950.0,3
376f401d0d4a,0,1400.0,1
8ba9d35c128f,1,11675.0,3
33e1f63c809a,1,1425.0,1
a610c2d3df0a,0,100.0,3
e7f2ef861ec9,0,15350.0,2
55a1af4464fc,1,1300.0,0
cc6a1737035c,0,1750.0,1
f84b708f11e8,1,1100.0,1
88ffe78244e0,0,1400.0,2
e124fd2689a8,1,9525.0,1
41ee5ee011a0,0,18700.0,2
254bb4c84d95,0,1900.0,2
e3baa6857c24,0,450.0,1
0e88d8e6cd4f,1,3600.0,1
b71fc4765fef,0,800.0,1
1eeb16a94829,0,200.0,0
fabbf0b475e9,0,6450.0,1
2405eb212580,1,10975.0,2
a16091327c66,1,525.0,1
9fbfade7469a,0,3100.0,0
a4bba89dcee0,1,15025.0,3
e679e1e7f3c0,0,6800.0,2
34fbb9f40422,0,8825.0,2
766521252ae1,0,4350.0,3
a30ca7d9a16f,1,1200.0,0
45696c04c5d0,0,4075.0,2
0e3da87d7eff,0,12900.0,1
58d48c83ff8c,0,100.0,0
64e5a3a7e4ea,1,4550.0,3
ad2bc4fe0191,1,7675.0,0
67482a0fba68,0,4175.0,2
668bca74112d,1,1275.0,3
5d35f1d52a4c,0,875.0,1
361e8efbe5ad,1,300.0,1
736b50ba7adb,1,16050.0,2
525991739866,0,2750.0,1
824372249811,1,2025.0,2
856dc1020a89,0,450.0,0
ae0147cdb40d,0,12125.0,2
17a26ff0b414,0,2500.0,3
837e844cf607,0,1550.0,2
0f675ec93c21,0,350.0,0
f6f8168fa3fe,0,2150.0,1
03fa2dc5ab05,0,10600.0,3
b1b9561a1680,0,16325.0,2
3ca20aee0596,0,925.0,2
b1ea6e86c44d,0,12375.0,3
7c730f8ef914,0,3675.0,0
b063626c3dca,1,6500.0,2
cf4c3a5ea2cd,0,475.0,0
906c9bcafa2a,1,5350.0,2
847ec777b1e0,0,2375.0,1
00aea35c2577,0,400.0,1
b67cd4074b3c,0,19125.0,2
cf3cec04bcaf,0,3600.0,3
1e88d672b902,1,12375.0,3
1ab2f4d03a45,0,1475.0,1
0be0928e6a65,1,1000.0,0
95b490489592,1,3875.0,0
8737cc85674e,0,21400.0,2
089e4dd74106,0,3350.0,2
2b33604043f3,0,14150.0,3
59a2d9d3e0c7,0,5025.0,1
3928506c09a9,0,4375.0,1
db2a52ca6b78,0,7950.0,2
68134cd7e344,0,50.0,0
c2c008d5da6c,0,1600.0,1
c2ac8521e872,0,16400.0,2
7789e9afb06c,0,1025.0,1
2fbc98e4f74e,0,1750.0,2
715f4453e372,0,1075.0,0
f937f05ee051,0,5675.0,2
79ba9ed1f4cb,0,5025.0,2
d145a99cec6b,1,32825.0,3
7b9d0a316f62,0,2700.0,0
115440b6f611,0,5400.0,1
c07c28cdd109,0,9300.0,2
af33a9e1ed4e,0,38025.0,3
335c09917696,1,6475.0,2
0b1b06d307f1,0,16825.0,2
ccde880b5028,0,1300.0,0
096f2e396db4,0,50.0,0
01ddc00d322c,0,3400.0,1
bd00bc6d5ef6,1,3100.0,3
2cf1f74c8d89,0,2850.0,2
57dbf67b194d,0,4750.0,0
108c70fc57db,0,8700.0,3
2ec59c748c5a,1,4275.0,1
8e8df6e9dd59,0,11550.0,3
74d3f0fbff86,1,4475.0,1
728d64297982,0,3500.0,0
0288aa3715af,1,1475.0,0
8fc9fff235bb,0,35300.0,3
45cf11935375,0,3400.0,2
db4097544fc4,0,2700.0,1
e477a195b8aa,0,10550.0,3
05d36755ad44,0,700.0,2
7885a66a4632,1,1100.0,0
1c7bf0faa056,0,1825.0,1
2a88f6e819f5,0,9050.0,3
d99315fc895f,1,7450.0,3
e08de08ef6bf,0,44500.0,2
fa8ee1f1d0ec,0,550.0,0
2998bb8ba6a5,1,49075.0,3
02742d57f23f,1,1475.0,2
86b8a1a4b000,1,4200.0,1
b5c545e297f9,1,1300.0,0
e1abea582d33,1,2725.0,2
9ce668053882,0,3000.0,0
e4822cdcae03,0,16850.0,3
dcac349ca70a,1,6800.0,3
c52c5f5dc078,0,7125.0,2
8a00e27122cf,1,1025.0,0
c313ae3717f5,0,3025.0,2
316a2c8c5ad5,1,5075.0,3
5e1466bd6455,0,10025.0,0
2e9c75186a38,0,18525.0,2
d0634f8a44cc,0,4400.0,1
ac6ebe9e49a5,0,500.0,1
4b412d7d3746,0,8125.0,2
b31ef1c6be14,0,1200.0,1
8f4300509c99,1,16600.0,3
c60b63d3329c,0,3800.0,3
8da16218c4ce,0,900.0,0
5cdf2a29be94,0,1750.0,1
6fd3fd112571,0,2650.0,1
56d3594fe560,0,18725.0,3
4eabda16bfee,0,1400.0,0
40c9d8b3817b,0,200.0,0
aa292d244129,0,950.0,0
f6cfe1c9c3ca,1,700.0,0
672dc9be318e,0,12400.0,2
ba62a122b0db,0,6625.0,1
04f12f528b02,0,7025.0,1
7bc0e6a22513,0,3050.0,1
74169a4edaab,1,2225.0,1
d0622f29dd99,0,1800.0,0
e60d3a13e6f7,0,8725.0,3
cb7158fb0cdc,0,2300.0,3
7bd27f5f2c99,1,2375.0,0
f10ba7702e22,0,3125.0,1
a7a91e2d0158,1,3400.0,1
a14c39be9a86,0,32700.0,3
ab4e981af0e6,0,3300.0,2
76d2c80b3ef3,1,1500.0,3
a9497ac1007f,0,11650.0,1
d8b5a6192b43,1,1250.0,2
2c5f436c600d,0,350.0,0
130546a25ccb,0,20550.0,3
ac0bd3a1fed9,1,1500.0,0
497876c2cd5b,0,5250.0,3
97dd2f2f7573,0,17075.0,3
1082fb9429b6,0,18700.0,1
0355fc71a53a,1,5600.0,1
1a0694482f96,1,10800.0,2
334bd2fe1a16,0,1200.0,0
4d61082b5aaf,1,3250.0,1
b42b5fdc451d,0,1300.0,1
843cc1aee705,1,12825.0,3
a19a723a3995,1,2500.0,1
3c5d7109a75d,1,4075.0,2
5e43cb155694,0,5900.0,2
1aa1b91182f5,1,10950.0,3
4be23840af71,0,2800.0,3
4fe00a4971dc,0,150.0,0
91f9ac1f61dc,1,12625.0,3
b20b784c6d54,0,8400.0,3
e5a38d4dbbae,0,12850.0,3
99fc6d96712b,1,8450.0,2
29c7ad7a7140,1,1900.0,0
d6341566b998,0,14000.0,2
3120553691fe,0,6700.0,2
d7d0b7efd1ee,1,9650.0,2
f8d496a65378,1,15175.0,3
16afbe942ef7,1,16150.0,2
28475ee100f5,1,4900.0,2
e8f0589f96f6,1,3700.0,2
4a1bb4547bdc,0,4775.0,1
dd1dee0e68fb,0,1600.0,1
74b84358e5f5,1,1300.0,0
cc7990c67a0e,0,2525.0,1
054e4f650111,1,1300.0,2
dea80d5d73ef,0,10725.0,2
cc93d71b8c3d,0,8575.0,1
fbcd0488398f,1,24350.0,3
f4bde79c7b87,0,825.0,1
c9523d01a4f1,1,2350.0,2
07d82cb5da86,0,800.0,3
89d06d67b554,0,19875.0,2
f1415974ce39,1,1700.0,1
fbfa10512aaa,1,2225.0,0
1f0d20c6f6be,0,21875.0,3
4879d7e9053b,1,10625.0,1
cf438a6682cc,1,15600.0,3
3fbf5f0fc8fd,1,14250.0,3
adc37eb105e1,0,6375.0,2
edcb83cad19c,0,10575.0,0
ab93c8812c98,0,9025.0,3
b30a1c0fb64d,0,1975.0,0
abd883cb203f,0,9600.0,1
39b191233998,1,975.0,3
8f45336dd0ee,0,650.0,0
218f01d82372,0,3000.0,2
035baba5269b,1,40100.0,3
0a6d6063b4e8,0,400.0,1
dded89074f00,1,16100.0,3
703268dff2e2,1,550.0,0
0b49d820d7c7,1,2850.0,3
eb01d4e89a9c,0,14925.0,2
d23d895a5b34,0,4700.0,3
d8674545a173,1,1900.0,0
268942724b3b,0,100.0,2
84f5d864fb7b,1,2975.0,3
462b6a54f01b,0,3200.0,3
cdd28c952a08,0,2275.0,1
65aba702e60d,1,950.0,3
35b6493e00ac,0,29150.0,2
98a77ad08412,1,2275.0,3
6d5b0aa2cf90,0,1550.0,1
a14b97256de1,1,5200.0,3
5bf9eb4ca3a3,0,1250.0,0
327a6ad3e49d,0,4000.0,3
ca297828f65b,0,5150.0,3
e2afb5fa87a5,0,1200.0,2
5c9bd1b522bc,1,1775.0,0
61837fa26a48,0,2250.0,2
de3ab27878ee,0,10725.0,2
7be8ac50e0a9,0,8725.0,3
854801f99f87,1,4800.0,1
039e1471d403,0,1100.0,0
b3851ce2c0c2,0,5500.0,2
1acbc3dd1727,0,46225.0,2
d9a6041e5e61,1,40250.0,2
ac3072a6debb,0,27775.0,2
0ab29aca4368,1,9850.0,3
6056f64ad8d6,0,1000.0,1
3fb79dc646c6,0,2150.0,3
846490a73133,0,1450.0,0
9afe00ec34b2,0,2775.0,2
a845ccea1aa6,1,2800.0,2
07dd8fcf0b91,0,9250.0,2
35b950a86d18,0,39100.0,3
33284b47918b,1,1450.0,0
2e1105bf9b91,1,26425.0,1
639f6f286af7,0,1400.0,2
90cd37d46c5f,0,22700.0,2
da5947458078,1,21600.0,1
55e0e2d1c90c,0,16300.0,2
33695637b467,0,2700.0,1
a38cf051a04b,0,1950.0,0
54f5043c5fb3,0,550.0,1
8742cf198e0e,0,1600.0,1
3be65445bd51,0,1700.0,1
c7409a96fdd9,0,1375.0,2
069ab5c64763,0,17450.0,2
458e79d457d0,0,15375.0,3
898975fb8009,0,0.0,0
676224d4e8ff,1,5275.0,1
1de94707e8fc,0,4400.0,1
462a97a402c3,0,1400.0,1
5bf0e78f6582,0,1750.0,0
61856543e906,1,3625.0,3
ddee8883b3f1,0,7500.0,3
584efa3b325e,0,8625.0,2
a7c0b5e4313f,1,9800.0,3
ba20a96ed402,0,4750.0,1
c7d5934e4b12,0,21475.0,3
43147233ed14,0,1200.0,0
83ff98dea867,0,2150.0,1
f3a9b07755ac,1,13950.0,2
81b50578ea22,0,2350.0,2
a42dfc07883f,0,1600.0,2
0347c8dd671b,0,5900.0,1
2fbd40508645,0,43800.0,3
4555d7385f7b,0,13275.0,2
358d23669a5d,0,4100.0,3
976e73328b52,1,3150.0,1
b6acef348ebe,0,2625.0,1
bc936e741845,1,6950.0,1
f0cce63232da,0,17075.0,3
72c472c682ce,0,9550.0,3
06cd3081b1b8,0,1850.0,1
6a797addd7ef,0,2700.0,1
4c48ba464d4d,0,950.0,1
2785c8c57270,0,4500.0,3
bf343b2eadb3,0,6900.0,2
0697cc4e0141,0,1375.0,0
1d671759d4e0,0,100.0,0
d375189d153f,0,925.0,2
874c3550ca20,0,14175.0,1
f474ca6f0ad8,0,250.0,0
27365f0be29e,0,2150.0,2
284719149918,0,300.0,0
9f15ec3efba9,0,9025.0,3
8f6e59e05621,1,1150.0,0
d8bbe8bb2e25,1,49250.0,3
2d37b998bdec,0,11950.0,2
9e1c00e20258,1,2075.0,1
9c6807ce9df1,0,375.0,0
929cbde004f9,1,6800.0,1
8753b5dcb13a,0,400.0,1
7632299bc716,1,1200.0,0
ae828f139862,0,450.0,1
02cf06a305cd,0,1225.0,1
c0417176d5d2,0,1300.0,0
9681792a145e,1,7900.0,1
0d7f4cda197d,1,18750.0,1
ddaf847ff5d5,1,10425.0,0
09ffc4b6f40d,0,13150.0,1
4afebe2da633,1,22825.0,2
d492ec86aed2,0,3575.0,3
fd4513938a7f,0,2700.0,0
4eda4ef95469,0,2950.0,2
ef4e81461970,0,50700.0,2
e80fa84e3b66,0,4075.0,3
986ab9afc38b,0,2200.0,3
4bdf44f6a4fc,0,25575.0,2
58cfca400fa6,0,7950.0,1
59eefcf12d78,0,1650.0,0
8371f455bdda,1,2325.0,1
fb428eec5f44,1,6525.0,2
e8c172ec1845,0,64050.0,2
a7dc3c0a994e,1,1100.0,0
f8a916f132f2,1,12475.0,1
8345813d76dd,0,7825.0,1
b103b3e6a187,0,6825.0,2
4488c5a5adb8,1,6400.0,3
bd9a4557804c,0,200.0,0
89895a91c375,1,15775.0,3
76777779eb24,0,0.0,0
86879a468c42,0,8000.0,1
3f36dc7e024c,0,5050.0,0
9b2185fa93b7,0,21650.0,2
991c07a4e052,0,15250.0,2
397fd2e128be,1,400.0,1
340d44665ab5,1,24000.0,3
adb5aa3c302a,1,4400.0,2
71cba32ea5b0,1,10775.0,1
a7628033d2c0,0,24325.0,3
49d44c93fe5d,1,5625.0,1
56a6a3e6421d,0,1650.0,2
94b1f105b142,1,2075.0,0
110307348c1e,1,2775.0,0
16f47a4d454c,0,2900.0,1
7e728b954109,0,11450.0,0
81fedfc9698a,0,2250.0,0
a8bab18831cb,1,8400.0,3
14b3716a19d9,0,1250.0,1
e2a570a25acf,1,4800.0,1
d2fca0a340ac,0,20025.0,2
a0c17911e6c2,0,2550.0,0
e516ea213b3e,0,1500.0,2
817aaae7ed9d,0,9050.0,2
c952ffd6c9db,0,2000.0,1
edd2dc346dba,0,800.0,0
d6c4e7ae2382,0,400.0,0
b0f2ad4ffd2c,0,350.0,1
126f09a44377,0,2875.0,3
679c32885238,1,7450.0,1
93c2d1d4edf5,0,4475.0,1
b656864d4dbd,0,8825.0,1
2a248b590fad,0,6000.0,1
19e9557a5c42,0,1950.0,0
ba472cba8481,1,6225.0,2
80625583615d,0,2375.0,2
44e7ec6e0fc7,0,2500.0,0
2d3b8d4766c0,0,3325.0,0
8b4affdc3fe3,0,6600.0,3
5d0b7dad15e3,0,2725.0,1
2ff0e2c33fc7,0,6750.0,1
7f19f1a18e7d,0,15000.0,2
f1b1696736f6,1,56400.0,3
88e4cfaab1f4,1,3900.0,2
d17130707807,0,22400.0,3
47e30817cf9a,1,1000.0,0
71584435daa8,1,7575.0,1
b08e4f33a87a,1,17425.0,1
a02203bd1b4c,1,17500.0,3
e961949b2372,0,925.0,1
750268b2cc9c,0,7525.0,1
3bed995a9b0b,0,2150.0,2
b3bb33230002,1,2225.0,2
6a5bb198ff4b,0,5125.0,1
58c8b7e3c963,0,1625.0,3
a8abe2cfd671,0,17125.0,3
5d4f51683c75,0,46525.0,3
4691843165d0,0,20900.0,3
a02939d30815,1,1300.0,1
8073785b484f,0,1875.0,1
9f9e886d4eec,0,10600.0,2
07546a064019,0,3825.0,1
d87e641bbbfd,0,600.0,1
245c5e4f7c4c,0,500.0,2
7f93414c5848,0,10750.0,2
d62a952062e5,0,3275.0,1
6ce3b35d4da5,0,10850.0,1
6465a0e08dbe,1,1700.0,1
ada51eb704ea,1,4475.0,1
fd5973cd4538,0,1800.0,3
02456b2399b1,1,8350.0,0
9a9c689b037e,0,1850.0,2
caa25542df51,1,1700.0,0
af83c338b828,0,6650.0,2
81af7233c823,0,50.0,0
d55025eb0ffb,1,2125.0,0
c65d6dca8c82,1,14600.0,3
30c007490193,1,4800.0,1
abb9fca05df0,0,350.0,0
8c4cf7d598d7,0,3550.0,2
2eeb268e6a61,1,1200.0,0
81ce916ab507,0,1975.0,0
651436590787,0,2175.0,1
7514936ccc0c,1,3650.0,3
973b42e80f09,1,1400.0,1
9e538f299309,1,6600.0,1
bec914f194da,0,2025.0,1
ec61c38283ae,0,32475.0,3
9cc10b610c30,1,13750.0,1
0338a899d5f9,1,23000.0,1
bfab5a937e20,0,1525.0,2
6b35bb46d2d8,1,12700.0,1
31ce3450689b,1,1875.0,3
d911b60e8d92,0,2175.0,3
a6079def718a,0,9975.0,3
8e7326a97518,0,16975.0,3
102e8d24edc2,1,6450.0,3
ed970c1a9a4c,0,18250.0,2
1767c2e3f427,1,5150.0,1
bcf19075b459,0,1000.0,2
35de4c7e2d52,1,9175.0,2
7203a318f26f,1,2775.0,1
11b5afdb840d,0,100.0,0
db32451b7ba5,0,2000.0,0
033e34491fb9,1,5500.0,3
3c2d7ec03645,0,2400.0,1
fb50e763bb7f,0,450.0,0
031b29db092a,0,3775.0,3
dafbf9a6a7d2,0,2500.0,0
969c254009f7,1,7150.0,3
58f12a5f2730,0,1050.0,2
b7ccd1dd10ae,1,2600.0,0
fcccc238c0bb,0,19175.0,3
9741ce33503d,0,2600.0,1
bf3427fcfeb9,0,11900.0,3
61ac4a03498c,0,11900.0,2
9e28f820bead,0,4300.0,0
b8e9969281c4,1,3500.0,2
0e593e07d67e,1,5800.0,1
6e531bbf633d,0,13375.0,3
f2f82fc96539,1,20050.0,2
5e1ebad52fcc,0,5425.0,3
d97f64f92108,0,5875.0,1
89a7408fd3b3,1,10550.0,2
c44adb3b002f,0,3650.0,0
56fbe40e7a59,0,50.0,1
a313d2502670,0,2425.0,2
86e489f63056,0,2400.0,2
4b2a9c9a68b4,0,0.0,0
12bfd2ffd58b,0,5800.0,1
1f9e2045ff85,0,12175.0,3
0e190554f2d5,0,7850.0,2
228462153856,0,6000.0,2
12f8d16aa0d6,1,2825.0,1
299f4b9551e9,0,11925.0,3
404a0c05ba54,0,5350.0,2
c6e603ae9444,0,4900.0,2
7e1edd8660d4,0,11425.0,3
70219394e629,1,12675.0,2
49a455f64a53,0,0.0,0
f2323121814b,1,600.0,0
500dfd6c25e4,0,4900.0,0
9801da54b585,0,100.0,0
e3eae703f771,1,7450.0,2
2930b23060f7,1,3550.0,2
66edfbf64484,0,5800.0,0
80555735f442,0,1200.0,2
2d828cff2141,1,925.0,0
2a2fbc60b087,0,600.0,0
d54d04f06563,0,13900.0,3
5a16378ce816,1,2125.0,2
614040410fd8,0,13075.0,1
f63882ff80fe,0,4350.0,2
24993b1aa4ba,0,2050.0,2
a6baed903e3e,0,14950.0,0
007cbdbf5c1b,0,6000.0,1
023b0d692a48,1,8850.0,2
c8e115532753,0,7600.0,2
e8ba48e80bf4,1,700.0,0
9d24381c2a6c,0,4975.0,3
6b2a1feca99f,0,4400.0,0
76a12b146f2f,1,3225.0,1
2912cd7614af,0,325.0,1
8b50f847b131,0,15900.0,3
463f1cee18d1,0,6225.0,2
e79df061f081,0,28100.0,2
55de3d90ddae,0,850.0,0
4b4a09737d50,0,950.0,0
71a919daa60e,1,3250.0,1
b1c514216ea1,0,3500.0,1
cdebe0a87b55,0,17000.0,3
06cb2f7f76fd,0,4800.0,0
ac37aee3ec0b,0,0.0,0
0709dde71d53,0,450.0,0
e78e9b9bacbc,0,2700.0,1
a45ef608917a,0,0.0,1
f514087b466d,0,2100.0,1
af3d3676b1c5,1,9875.0,1
b8153b8eb214,0,11500.0,3
68ecd64c286a,0,600.0,0
07d6b1174b90,1,1400.0,0
3677e2a3087b,1,6775.0,3
c22ea993f5fd,1,10450.0,1
97f65e9cd0d0,0,1625.0,0
f51af41cec67,1,1975.0,1
7d621831c2ec,1,2800.0,3
ebc698e24bd8,1,8700.0,2
ac8cf36ceacd,0,50.0,1
decf609b2a8e,0,6350.0,3
19b12118d12d,1,6000.0,3
d4412987d5b5,1,2600.0,0
cd411050a6e9,1,2500.0,1
1f45d557151a,0,28925.0,3
e9311e3a69c3,1,11775.0,3
8e4053ec2d0a,1,16125.0,2
649e78aa9108,0,9050.0,3
93967e36a1ab,1,15525.0,2
078cc4c729d5,0,1850.0,0
e8cb244fc58b,1,1000.0,0
cf56f48a3ba8,1,9950.0,1
16f7b7751389,0,2525.0,3
37eb26c8d6ab,0,16025.0,3
50550998da3a,0,4850.0,1
81ce074fb724,1,1175.0,2
04eed550d583,0,100.0,1
dfc0a14e8828,0,425.0,1
253a6f523c53,0,850.0,1
7d6d447a0a7a,1,8025.0,3
bad8c2d0116f,1,8500.0,3
5632665f0b90,1,74225.0,3
1cc701c7ee85,0,100.0,0
ab79bd902b3c,0,8200.0,3
05cd190a9c3a,0,1900.0,0
718655654e60,0,4600.0,1
888617454118,1,3400.0,1
dc620e6fffb1,0,10575.0,3
4014b4122adf,1,4250.0,2
69670ee10289,0,15875.0,1
bddba9a0a030,0,3775.0,3
b3ff599d67ac,0,725.0,1
80a07315fdb0,1,1125.0,0
ea5a5552b854,0,1750.0,2
52420b92c66a,0,700.0,3
6c7d2d9a1d47,0,950.0,1
af6e6fbbbb2c,0,1975.0,1
6bfc0a85025b,1,3875.0,1
f742994a7f3c,1,7525.0,3
c9d726f802f9,0,1950.0,0
cd53591088a9,1,18300.0,3
ceda0a717f0c,1,2000.0,1
59bb59958986,0,7250.0,0
a0c55e34493a,0,6675.0,3
b3a194c1296b,0,6150.0,3
619186bd5393,0,400.0,1
234650a841d3,1,1200.0,0
acc939b624cf,0,32275.0,2
5b0c3d338c12,0,2450.0,3
88b683a20e4e,1,825.0,3
e78f46137053,1,26950.0,2
274934d5dfe3,0,800.0,0
6d774b234e2e,0,16975.0,3
b613ed71efb1,0,2950.0,0
371b5a949e04,0,4325.0,1
25dd0a6633b2,0,4700.0,3
dfb5de740b41,1,9125.0,1
0f4dac4962f8,0,5800.0,1
dc5b87545bc1,1,5600.0,3
113c8aea6839,0,3875.0,2
5afd3d592f38,1,6675.0,2
9d5b523617b9,0,6250.0,3
fcaaeb9e0e4b,1,13500.0,2
20e4a635b2c7,0,275.0,3
1fc1032c9b62,0,7825.0,1
a73481f00424,0,3575.0,1
bb7a080ac820,0,4725.0,2
b53af5cb7994,0,4075.0,2
e4010a067d20,1,19300.0,3
2141fcd2a34a,1,3225.0,3
67dddf41ac97,0,8100.0,2
bb21d5df73e2,0,3800.0,1
15822b1fd2a1,1,3425.0,1
28e764939bf8,0,23675.0,2
aed38b994d00,0,2725.0,0
a502ad87549a,0,4200.0,3
7addd968880b,1,10875.0,1
e08098d3e4f2,1,13375.0,2
931bc6417dda,0,1225.0,0
f029d3e7294b,0,3050.0,1
9261f1ddf5a7,0,3925.0,3
6cbb26bd8d38,0,3725.0,3
7d57fd116ed6,0,1400.0,0
583330ea8f77,1,4225.0,2
0552c61c3c56,0,0.0,1
a887c60352a9,0,1400.0,2
66dc8bcdfd75,0,5625.0,2
b7703d727292,1,1450.0,1
1d87a63d600f,0,23150.0,3
bd009a756644,0,19325.0,2
fafdf3c120a6,0,850.0,1
ac86f05881c5,1,7175.0,2
17882de47388,1,24850.0,3
60474304e717,1,2875.0,3
7f98a4496d05,0,14000.0,2
5648cd5b4e3c,1,1550.0,1
ff98bf721aba,1,1900.0,0
648ab1c15b8a,1,51975.0,3
424b2d10de58,0,2125.0,1
4176135c5b24,0,34650.0,2
8c386cae79e1,0,7800.0,1
99477bb580b7,0,11700.0,2
6c597105e3bc,0,17600.0,1
d15d08c12333,0,1275.0,2
fd1d0e90f2bc,1,6500.0,3
3beb85ba332e,0,100.0,2
477ca2ed32b6,1,3100.0,0
0176bebe2b60,0,5325.0,0
a0a3ccf749e4,1,1150.0,3
5ab37980eb5c,1,6650.0,1
a2627d9a44c4,0,2950.0,2
54062589c6a5,0,100.0,0
fc4f4e6d5dff,0,13075.0,2
a12f482b3ee6,0,2900.0,1
a86cd45f692f,0,3500.0,0
55d903487b74,0,8075.0,2
40a9a13cb358,0,16125.0,3
463e69c5f3bc,0,6350.0,2
be2ee72bec11,1,25550.0,3
b8303addd8fe,0,3300.0,1
0e6a0a951a4e,0,17775.0,3
dca11a83e5a1,0,200.0,1
10d7ab4d8b87,0,20625.0,2
00b49c3d220b,1,1100.0,0
a21cd747168e,0,6700.0,3
9c78efc79756,0,0.0,1
a98617b83483,1,13125.0,3
b55c190e115a,1,2900.0,0
27c8f868ad23,1,2375.0,1
0c8569ca5a38,0,3725.0,0
4571f38dec2e,1,11875.0,3
123c6b1b90c5,0,7375.0,3
10f5d6e81a9f,0,1925.0,2
0e07327c2fef,0,30475.0,3
4d2b2985fc4b,1,8750.0,3
e05590f6a088,0,3725.0,1
e9d7d3483c2a,0,6975.0,3
171e3d67e840,0,7800.0,2
128f8cf65c20,0,3050.0,1
79c5c04ace76,0,3400.0,2
86c631042e8c,1,700.0,1
089b13cd9692,1,1250.0,1
95626e8e563c,1,1800.0,1
e4bb73570d5d,0,1975.0,1
e9c40016d221,0,6125.0,2
dc3a9578a3f1,1,7800.0,3
a52223608fd3,0,3000.0,3
d642e74350eb,0,11975.0,3
657adce5647e,0,16150.0,2
6e4cc6b790c3,0,2450.0,1
ad8f845c1ea3,0,8400.0,3
d25734620a3a,1,8250.0,1
e05828cbccf4,1,1500.0,0
077e05ad6f39,0,500.0,2
bc71d1004549,0,150.0,0
b312a66ebde2,1,2175.0,1
ecc4037f6ec7,0,7900.0,3
43cf3c628510,0,1600.0,0
019ea0a232e0,1,8125.0,0
4542335a2774,1,1275.0,0
f5a4881d7fb3,1,4525.0,1
6ea6707851ed,0,100.0,0
090746bcaf42,0,2075.0,1
b4004f613213,0,4575.0,1
9c1c73d29c07,0,7775.0,2
8aa78dce3ce4,0,3575.0,2
864c1eebce38,0,32800.0,1
15ba1a54100b,1,1550.0,1
151da3bed5e1,1,4375.0,1
affaea1e5b9d,1,5375.0,2
33c7d8ef3e5e,0,400.0,0
1746fbebb58b,0,12400.0,2
49e03cb44cd3,1,13825.0,3
c7d468a2026b,1,5100.0,2
f58a2ecb122f,0,22525.0,2
b236b261b1ae,0,1650.0,2
28f214ab3bfc,1,2700.0,0
725b6245978c,0,37425.0,3
485ed834d4c5,0,2150.0,1
60e2510f2362,0,11475.0,2
502ddaa3b165,0,8225.0,3
e35f264f6527,0,5475.0,2
cefafe358f85,1,3625.0,1
19640010e3c5,0,6850.0,1
7dd7d5bceddd,0,3400.0,0
7fc44e1ef81f,1,5975.0,0
a640695934a5,0,26300.0,2
5c0b95b5a841,0,1575.0,1
ea3b31c1e3de,0,750.0,1
33a78d3a0798,0,20950.0,1
1f9a5865787d,0,1275.0,0
8f42e62ab264,1,800.0,0
dd197e0165a0,0,725.0,2
6fd38baab0cf,0,1425.0,0
3369d0842068,0,975.0,0
f996b2e26489,1,18000.0,3
1730d5db9e39,0,1875.0,1
d3efe0317ade,0,750.0,0
1a85dddc41d4,0,7925.0,3
2908fe7172ab,1,2400.0,3
a53101b025bb,1,1125.0,0
86836e4deb1d,1,700.0,2
0241608ab1d9,1,6800.0,3
87c348278a5b,0,44600.0,3
720c8c6ce537,0,4250.0,3
d59d02308102,0,850.0,2
779d89e8c4be,1,2500.0,2
49c88813c48c,0,2075.0,0
afd7e19aa9cb,1,5075.0,3
a995eddad2ea,1,11900.0,2
6e4a21fe3f4f,0,14900.0,3
3e452b293eae,1,9475.0,2
c6aafe2c39ab,0,1150.0,3
105abc82e1f4,0,4650.0,3
ead95acafef4,1,26800.0,2
fa70316e5342,0,50.0,1
c471edee3178,0,22550.0,3
481d8007273c,1,1300.0,3
c7bfe922bfab,0,100.0,0
62fa02200789,0,15800.0,1
7bee9350454c,0,10700.0,0
832954cce822,0,3675.0,2
360383fd5115,0,16400.0,1
114bef411391,0,3000.0,1
3a647e8a600c,0,16925.0,3
0d1b135a5a51,0,20600.0,1
9dbe6404f96f,0,27875.0,2
6d2ce60ade0a,1,14350.0,1
d71f68a9f36b,0,12650.0,3
4721ddd449de,0,6200.0,2
8009dd7fb7d1,0,3475.0,0
93ea26f60074,0,850.0,1
7e48d272e938,1,6400.0,0
fbc921d91fe8,0,3500.0,3
fd9d25926c27,0,26725.0,3
8138dbec3bb5,0,3050.0,2
5fa4a5f948bd,0,7300.0,3
0894f872f29c,0,1975.0,3
f6096f9cb221,1,10725.0,3
6fdc0a091fe4,1,1425.0,0
660bb77378c3,1,2100.0,2
4601d1fb7165,0,14400.0,2
f26cab0e602f,0,6350.0,2
83cecfc62b3c,1,22325.0,2
3224d59f8afa,0,8625.0,1
014352d5fc1b,0,2100.0,3
0281b6643cac,1,6550.0,1
b0442162afa2,0,3200.0,0
1df42c93a96a,0,5000.0,0
0de5acf3c709,0,9525.0,2
f1fa4e116419,1,1200.0,1
b5d671dd3740,0,2675.0,3
c5bb95c762f3,0,400.0,2
15c911d93be2,0,11950.0,3
07037818d9ea,0,1600.0,0
8bde1af26150,1,32700.0,2
be21b5cec009,0,31325.0,3
673d64ab3c42,0,2600.0,3
8aa3beec3a7b,1,900.0,2
7adf3447f3bb,0,9950.0,1
728d4dae0102,1,21350.0,2
8f938f52a7da,1,3925.0,3
75868e59350f,0,250.0,2
73052209b600,1,1425.0,1
b073e0c86f6b,1,4950.0,3
50a759747fe6,0,2700.0,2
2ff63f4407b4,0,1950.0,2
1ba36dce9d6f,1,5000.0,0
7d6ed10fbd7d,1,1200.0,2
45762732a63b,1,39475.0,2
d9dc9024db15,0,31350.0,3
a499f8667e66,0,2200.0,0
62b15c28e811,0,100.0,0
a21072e7447d,0,3300.0,0
f86e1edb72a0,1,3625.0,2
efda3e24c4cc,1,6000.0,0
f6857630426a,0,200.0,3
28bc6b82f2b6,0,2750.0,1
8c0d7882295d,1,4450.0,3
13347ae9819f,0,28650.0,2
0ca9e1f6ecec,0,17050.0,3
fb098ce21efd,0,0.0,0
b086a00351a1,1,2625.0,2
c7aabd7b8dbe,0,475.0,1
b219a4da1ebc,1,5350.0,0
bcdc905681f8,0,9750.0,3
0425090fd066,0,100.0,2
0a7d57d1e9ed,1,5650.0,1
b6ec731f5f55,0,600.0,0
8acbe6e89323,0,6100.0,3
855d87a87f9b,1,5025.0,2
bebcfcfcd23b,0,8025.0,3
8b1c6390258d,0,1550.0,0
2d7dbf1adb1c,0,21875.0,3
e0be82e60bb7,1,6800.0,0
fddbc0b386d3,1,1975.0,0
1a6c425c00a0,1,3200.0,2
d31396f78768,0,2000.0,1
9d86579e7a28,0,13350.0,3
9329953bacf3,1,33600.0,3
93b3046f4f70,0,4350.0,1
09c11bf9ca86,0,2175.0,1
3bdab1c21285,1,11625.0,2
39afd4111cc7,1,13325.0,0
6832e8d79e29,0,1700.0,2
7c3b8f9fb0bd,0,2425.0,3
87ee38bc20eb,0,1700.0,1
ef2dd97f16e1,0,24350.0,3
1b99354e4dc9,0,7275.0,2
4971fd3fab1a,0,2000.0,0
c9d10ad1a01e,0,3525.0,2
bee75e914b41,0,100.0,0
236bca9b3757,0,16900.0,3
ec37e7af7bb1,0,2000.0,2
67117723bed8,0,925.0,2
6d0afe1d7fd7,0,20350.0,2
d8b3e5e676f1,0,14350.0,2
fedc7baab013,0,300.0,0
065237525761,0,33675.0,3
3aeb5197c8ee,0,7000.0,2
6e24a4ecff38,0,5825.0,2
4cb95f3e2ebe,0,1000.0,3
adf9e686948b,0,3150.0,3
389d297a14b2,0,850.0,1
2031f66e4552,1,1500.0,0
91ee24f51a52,0,100.0,1
9d94f3d7d6c1,0,14425.0,2
33ec383d101a,1,9175.0,2
a0d4cf220d39,0,2925.0,1
a5ab21e63b06,0,0.0,1
85ef6ba2d632,1,3200.0,0
4dbebb886059,1,2050.0,2
ad95f0ad59a1,0,8500.0,3
10d8c1cf49f6,1,2775.0,3
ec69387b0b82,0,2825.0,2
114a69991e44,1,1475.0,1
f9138cd3d362,1,6600.0,2
85b68ead1eb7,1,1950.0,0
9f7196511bdd,1,20675.0,1
7f6fbba1e734,0,9875.0,2
36f79b80dad9,1,15225.0,1
54514cda5b78,0,2100.0,3
6a0ecd3dc4bf,0,1700.0,3
784bb66973ab,0,6950.0,3
637093819df6,1,1125.0,3
470db140b51d,0,0.0,1
85798c84fcc0,0,5650.0,2
e23e65201a3d,0,4225.0,1
2b4755bb1db9,0,4675.0,3
e23a0df6af30,1,30800.0,3
ea6f542419e3,1,32050.0,3
c8abd69509cc,0,0.0,0
9f5e3a1de862,0,45625.0,3
db6789edd230,0,3250.0,3
a11d1dd7e841,0,10700.0,3
b90cd57abd27,0,12600.0,2
4cf44c4c45ce,1,4700.0,2
364c5574baa5,0,1425.0,3
912cdd0db470,0,500.0,0
3b149590bd8e,0,3550.0,0
8c128e1baf41,0,1525.0,1
6ee080e73f47,1,1500.0,1
8129f7298bb2,0,5875.0,1
213fb57584eb,1,7900.0,2
afbe5ce06224,0,50.0,0
984820ec5621,1,1575.0,2
1428c0778251,1,12150.0,2
d62e4d9c9474,0,1450.0,0
df44d982df71,1,5725.0,3
0d54f057562b,0,10775.0,3
fbd49dab27d4,0,12025.0,1
f2a9d79b04d2,1,2800.0,0
6966495f8597,0,1000.0,0
5bed11fdb410,1,975.0,1
e9edae7479ef,0,4100.0,1
f8a5b8bd9e24,0,1150.0,1
99f7182b7e04,1,4400.0,2
aeeccca53421,1,19125.0,2
50326c193cd8,1,23350.0,3
9cb714c3de0e,1,6300.0,3
935975fb9cb2,1,700.0,1
3940876186d8,0,2175.0,0
38d8373c2a30,0,5975.0,1
e88cb974e5c8,0,5775.0,3
ad71d24bef10,0,1350.0,1
a8841e826532,1,4300.0,3
65683af340cf,1,2900.0,2
bd945e141444,0,6125.0,3
162474cb80c9,1,2250.0,0
d8a8a5d12091,0,38650.0,2
1a1a46d7ccee,0,3100.0,0
95beeb1785a8,1,10975.0,3
0cda51abba8d,0,3350.0,1
c2d67dd4feab,1,1250.0,1
3c81dca52fc9,0,4475.0,3
2573e0911468,1,2375.0,1
6a51db566ee9,1,5900.0,2
ff7b449ab83a,0,3450.0,3
0f285434a94e,0,28650.0,3
f026fb4025bf,0,4800.0,0
6c85933dd330,0,4500.0,2
a6df5f0ac04c,0,2050.0,3
04889ed97854,0,600.0,0
bc56a1cb7de3,1,33850.0,3
735f104fe196,0,2575.0,0
972cfa21284f,1,10350.0,2
efe0d43483a5,1,1500.0,1
bd5801b2374e,0,550.0,2
f4dbcb1f1cf5,0,3600.0,0
25cd2a367663,1,4900.0,1
e6be739e4b1e,1,500.0,2
2666d5a9a2b7,0,3825.0,2
a9f8bcfeee87,0,24325.0,1
0b55bd2d413b,0,3200.0,1
3a6e18b720a1,0,4200.0,3
d05e1e0edadc,1,3575.0,0
0ec56eb2f4bd,0,3250.0,1
870f7ba09922,1,27025.0,3
bf197fe6c21a,1,6625.0,2
70d47a5c426e,0,4475.0,2
f657bef56e09,1,1450.0,0
2fb68c0dc8e2,0,8025.0,2
07d2f000bab0,0,5600.0,3
1492dcb84d9f,1,14675.0,3
fc0259a18f0d,0,6075.0,2
0ee5ac7b2596,1,4175.0,0
625ee638c91a,0,100.0,0
00d875e3cab2,1,600.0,1
b1292c46920a,0,2225.0,2
463f9f160a88,1,12925.0,3
fb8f325995d2,1,34900.0,3
430c33698978,0,300.0,0
b40e5d40fab0,0,3300.0,2
324c6ed7ae20,1,38350.0,2
38c342cc0dc1,1,6700.0,2
64e0c79713dc,0,13425.0,3
471c7175f687,0,4200.0,0
7aa77b4066bd,1,12100.0,3
26ff826853dc,0,27350.0,1
dbe1a4d19ff8,0,3325.0,1
5725cd8c3c26,0,1800.0,2
a2c2b4fa5e2f,0,1575.0,3
118ad4d79169,1,24150.0,2
53e532971933,1,29050.0,1
cc5afc2ca63e,0,6100.0,1
1ceef842ea16,1,10925.0,2
9108ae87e9d4,1,15425.0,1
45c953750fd2,1,2375.0,2
bd173967f67f,0,400.0,0
30b94036f94e,0,200.0,1
5b7a4cdbc944,1,8425.0,1
84a3c7abe338,0,10150.0,3
ff22fbdf9802,0,27050.0,2
bcac71a888d8,1,38100.0,1
552c0a2041b5,0,1275.0,3
48067ec7386a,1,1500.0,0
889d8b3d9cab,0,16550.0,3
807225f05bda,0,50.0,0
747d00daee8b,0,0.0,0
0a4adf581f28,0,850.0,2
09baf6c01f25,0,700.0,1
bafc890f6a95,0,7075.0,2
4c2b68f46651,0,3800.0,1
0d74daad4c8e,1,1700.0,2
c97a8efc6fbe,1,4475.0,1
9471c2c35912,1,2100.0,0
5572e0707e16,0,3100.0,0
b6260b17d9f4,0,12400.0,3
ec89d9bd02f9,1,1400.0,3
cbf7c62e16e6,1,11200.0,2
cbcaddd14851,0,2975.0,3
71c396f2d96d,0,6850.0,0
b57c263d0972,1,2475.0,3
7f98fee4e99e,0,50.0,1
a27ba01ad2a0,0,15650.0,3
141e9d426719,0,11525.0,3
4f37cda8b2fd,1,20000.0,2
fb4081104820,0,500.0,2
a40f5685820b,0,4225.0,1
eac0e8d2cbcd,0,10925.0,3
d0389825e41d,0,1350.0,1
3d443cd8ce63,0,10925.0,3
123620d08c1c,0,5600.0,1
2e42c78702b5,1,7625.0,1
5ed89c0a8083,1,5500.0,1
a394375982b0,0,11275.0,0
c012fde62f64,0,4525.0,3
480792d709d5,0,375.0,0
bb7f9cc706e6,1,3050.0,3
5d39a8f0e4ea,0,18825.0,3
8460979e6a8e,0,2975.0,3
b51b7ba9aedb,0,1925.0,2
7f6967914b16,1,8150.0,2
5a321e8dc742,0,4225.0,1
9114f2998797,0,300.0,0
be7aea1554c1,1,2750.0,1
0c7a0298f5d5,1,5425.0,1
86cf1372485f,0,2175.0,3
a28018a8f5bc,1,5275.0,2
52fde4935135,0,12300.0,1
5d908afbb4c5,0,2100.0,0
1373459608c8,1,11650.0,0
f62aa352b006,0,29875.0,3
90fc8c2c2935,0,1450.0,2
850e62e31e9f,0,125.0,1
1835651a1ee3,0,8275.0,3
d4a897b48e74,0,2325.0,3
ca0f1afaeb4f,0,1225.0,0
e0ce7c06554d,1,5100.0,2
337fd5210428,1,17050.0,1
de198ea056e7,0,5125.0,3
493ad1a8c2c1,1,4700.0,1
fc979f312931,1,4150.0,1
b2d7cb018915,1,2850.0,1
95ee6c1385b6,1,7225.0,1
