id,target_air,target_value,target_phase
284fcd5ae21e,0,1023.0690660631544,0
ec6c942190a7,1,6289.798046239822,2
95b4c501c386,0,1619.6864717929222,0
9d976eac25ba,0,4769.021996456807,2
1e0fb1acc8b6,0,1701.0205367018245,0
62a448b6f6b2,1,9572.009942599696,2
4dbe031c5809,0,2152.2004417021494,0
a31a9c361fb2,0,1745.1292910401758,0
515fc61798d5,0,1670.8834266447066,1
8665b401306e,0,9233.150501781683,3
822af92596be,1,7577.789952885056,3
62f5982cb3b5,0,2636.22207376795,1
f9451e4d81fe,0,1222.895280496128,0
47584cac5262,1,4519.321842808812,1
a61fa0cbfb84,0,1100.972798832877,0
abd51188770a,0,7580.5090712271885,2
f906eaca8aca,0,5317.897957126081,2
db4c189e668c,0,22958.13107788415,3
ae9bc73f1647,0,964.4093590615953,1
7111ad5a8eb1,0,2137.4430040254597,0
9def893e24af,0,15353.166061732845,3
785a923310da,0,3370.347993759645,1
62fbc010ee8c,1,779.9531582145962,0
a08541bed527,0,1752.8332460057868,2
43d0a54a3f17,1,2065.0004627961516,0
f8175da77249,1,13239.680478759306,3
e3d995b4d742,1,5823.18344058453,2
3b52fe1d1401,0,2281.3282148871035,2
58caf3e25b30,0,3345.9188315487363,0
39de513066d2,0,874.4174678326178,0
81480b26c427,0,1182.464699177817,0
cf6f6c843058,0,2424.2591720026526,2
9185cd15eeb1,1,7750.399826725393,3
1871b8ef1997,1,615.0090701497592,0
b580003d8ec6,0,1315.4541167612358,0
d654bec935c3,0,5458.940049272796,2
027ccd6f3bd1,0,8246.782198972538,3
5b69bf30b796,1,9821.176423285458,2
785ace6c59cc,1,21692.86598280083,3
62813fb29835,1,8942.351235244367,2
a4cd4fc33fd0,1,3189.9099410947297,2
63d7eaadff2f,1,1796.8664219386797,0
c46dc6a026f4,0,2840.666528973051,2
9920e044b205,0,5079.999819130205,2
a54b3a34345d,0,6303.626901242448,3
cdedce180981,0,8938.751727082219,3
d8a814692df8,0,21376.67423849417,3
86eb690f7e71,0,9922.815860630157,3
c1d95fd394c3,1,16328.903677011835,3
97ee8df7a9e0,0,12133.208172557244,3
8d7a11840e57,0,1140.4006192111694,0
1f4fcd29579c,0,1001.3103947475578,1
e53e99c5f5db,1,9801.405593080177,3
09ff15243104,0,2362.15524905014,1
e663a5e641ba,1,13652.417276984896,3
eaecb458b340,1,4413.756097477971,1
5bfeb3d4b01f,1,3135.264715314819,1
d1eef844c186,1,6620.081309206754,2
4b4ebf9b7b0a,0,4584.666320062163,1
e32bd4d4ebdd,1,16865.00811613527,3
9103f34ec672,0,1737.2620679109452,1
fce788871c0e,0,24130.43095305168,3
dab11c469a12,0,1565.5471715519338,1
9726b75cb5b8,1,1535.0879559408445,0
f36e27a48dc7,0,2824.334861790412,1
89517c20045d,1,18291.387890831014,3
ad5b86cf491b,1,5914.365764624676,2
7cc71f425944,1,6321.044585360409,2
9924239c72f3,1,1283.6783793738425,0
dc9b8e8db8bb,1,2385.6422482225616,1
8057a9a5217e,0,3204.8209731510906,2
68ae68cc7ca6,0,2132.43866962072,0
23828e523907,0,2855.7604661366195,1
02a26e316603,0,4907.286021810917,2
14239cc9641e,0,5303.1981852501385,2
bfb04eeed77b,0,3763.264818196948,1
40179b1d0603,1,6424.825565907815,2
8dbd6e44ee2c,0,11073.245275089048,3
201530882e16,0,16373.251177034788,3
e673f4e54205,0,2789.7654540464573,2
4650b3634b3c,1,9260.731825459587,2
4f103e2ee0af,1,3292.962432272247,2
b5adbe1f5b8f,0,427.356167562989,0
22988a11c59e,1,1793.0417132263378,0
d4e051037600,0,1364.076674709013,0
e815658b5dce,0,19438.39969464634,3
203cccabd821,0,4972.343695991411,2
251101e2c3a8,1,8804.492239583898,2
b6d7c50db7cb,1,2257.351096797082,1
566c036a62e7,1,756.2071238053484,0
26e6cf0f9611,0,5448.909228179443,2
2f163ebfdd4d,0,22142.747222918868,3
7fdd472ed7bc,0,1697.9557830364556,0
147b495730e2,0,19295.028462821756,3
f9623f1d71f8,0,544.5055032841968,0
0f431bac5919,0,2218.258461784214,1
c5660e8f0c67,1,9963.822433567002,2
e5c1f6577811,1,3729.920959758332,2
670929bfed71,0,1585.6682910546765,1
83df6acbd334,1,2152.0839088664043,0
5847a9cd033a,0,1286.953053304127,1
287d6d40aaf8,1,2862.7708829383873,1
dcd11977ddbf,1,3158.8374120647613,2
19d29a4ad6ff,0,5792.318837217818,3
5b83d8b35f27,0,3196.2747820671534,0
bb791b97ac53,1,1876.3033507543928,1
1efed1d89ccb,1,2900.9008769089687,1
af37666af72b,0,1002.0915954784184,1
4ed3041b3d71,1,1533.5179949572691,1
e88751405a64,0,9273.270067472853,3
8910eead88a5,0,3195.3605259157066,0
f9b97e5c4404,0,4037.221641143627,2
b9c4cff3ecac,0,1757.3761511527766,1
92dc402eb597,1,11965.010965980298,3
9d8f9de3e7b0,0,4545.695604533795,2
6e2638232e26,0,2879.8598778221653,2
f7d45fe546ae,0,2124.8055584933445,1
c794a9800497,0,2175.6365118087974,0
310e46a33c18,1,2414.629297779694,2
b3bdacc58f61,0,2097.5360548882786,1
3f0644ea8127,0,8080.953909097207,2
8fefed47159d,0,2460.9545423821937,1
18db6a0c9633,0,738.3138704860979,0
438d61aadb3f,0,1719.1269976903798,0
b6570c5153a9,0,4139.1329185229415,2
9e8835e87bd4,0,5116.691260204119,1
d515b78279ac,0,3009.0319025267104,2
a1f800b722a8,0,1431.2230064568555,0
d9c953b13efc,0,12178.0931405745,3
bceb41535fca,0,2279.7170683822737,2
940e04d227f5,1,1104.0905993023384,0
290343d2aad9,0,10071.83383598468,2
11270b85652d,0,19947.036577686795,3
e2eea9e1b5f9,0,788.619800827612,1
88cf8c8b6e06,0,2156.896340035664,0
9b530a630e2b,0,1434.0453003892694,1
8d94db80c015,1,5595.7302013486005,1
1cffc1b4d3b5,0,10975.611911585553,3
b6d161a0e4df,0,1490.2861530563687,0
afe0a6130dc4,0,8683.603413779449,3
f0956174b454,0,5352.603596350562,1
badb5824eddc,0,634.5735183137069,1
fbe4105bc9dd,0,1093.4215461050164,1
904e1cee16dd,0,5593.31896348443,3
63adff998365,0,14863.643091706688,3
8679f0b785c6,0,8672.477527974894,2
2c0751343b5a,0,1132.9848612126927,1
61eea7477bd4,0,7758.622989164034,3
314becb962c1,0,4277.742957190684,2
ebb9cce994f5,1,3783.198582836339,1
5650a68ce63d,1,3389.5044218537423,1
2c15e5912823,0,8096.360412915208,3
f24542ae34e0,0,2486.2908354508654,1
2689dceb3e46,0,1693.1122275208572,0
ae655611a969,0,3673.9276384602385,2
24823816ce82,1,2251.585423441949,1
74a1c42aea1b,1,775.0702294570378,0
f9cf0a7a800d,0,3827.367763136763,2
7dfce7626033,0,651.5463700382272,0
04531540fe23,0,916.8859881346569,0
079b197b04e7,0,15136.218675886184,3
7f93cc8675e6,0,25629.684910658307,3
8bd2f275d1af,1,2620.5318618717524,0
bf8b48d72c7c,1,6008.633907353185,2
5960be0d47af,0,8261.759118315447,2
3ec8738fdde0,0,1261.558147440308,1
d0650bccd6b6,1,10279.410863330078,3
bfef73151aef,0,1577.990860668463,0
35181e5c748d,1,6224.58029782859,2
35d84f8c371a,0,1721.8619606237942,0
098a10307cf9,1,5183.754380336009,2
84d7a83ec3a8,1,6397.660896507723,1
59dd1fcfc7a3,0,754.8707882390709,0
77445650293d,0,2075.071520284486,0
8e68e7d29edf,0,734.847140091791,0
424f1b3ef2a5,1,3779.432814476925,1
047c49ffb8be,1,25260.183013101596,3
7ffc3e391a58,1,23581.552611877003,3
6a839016d5fe,0,8559.655765812833,2
43f288589cc0,0,15572.21296857892,3
4c425d8eb05f,0,655.6805695756881,0
11f98531896e,0,21351.880491698375,3
3ed02503d3f8,0,2809.106228548098,2
291d41e1d8f3,1,2309.3510973273683,1
96c4269be4a2,0,614.1898358367981,0
1a3e240c9562,0,22478.99964604348,3
2f72ece21aaa,1,22104.11575990505,3
6601264fbaef,1,4014.4495671822538,2
ba1948f46219,0,2185.4189745591307,0
34256282fddf,1,738.8868521549783,0
b3e9e00dbef7,0,6198.252832011226,2
13de5c17e360,0,979.1852436107179,0
e0566ac56473,1,2936.6684802453146,1
1cb5372c42ea,1,1221.1504416081627,0
e0d87912573b,0,1539.2059300402375,1
29cd46b1ed5a,0,5080.623177564793,1
6e52e4840183,1,6517.334582096569,3
069ac781aa25,1,1668.4124160284396,1
10e6b0c71417,1,12434.23821928655,3
8a809f947fba,0,28861.643780674836,3
6c102238ebc4,0,3180.3057234721477,2
a8bffad0d0a2,0,5148.248367215037,3
c65df29b406c,1,1124.488155952371,0
154864886597,0,8185.6571160761405,2
5159e7d1108e,1,4694.807642396,2
105573e7a49e,0,14200.677049398342,3
d393a412b8fc,0,8819.75439257877,3
0e7304d45fb0,1,10562.760346436417,3
59698adf4497,0,7292.644061198466,3
4d0abff8f245,0,3474.5860599708312,1
5dddd115f01d,1,1239.4659646745185,0
97a9ea659f5d,0,7082.864199657555,2
b7b1ce5dfd92,0,4174.9710059224,2
78779476c365,0,1181.924071928504,1
33689aad46a3,0,2078.1582398602236,2
52a785da8980,0,643.4909747196189,1
99ae02bacabc,0,1893.0812633728292,1
374eda188bfb,0,1636.1730154436796,0
6b3fa268e66a,1,1505.7230649779424,0
e505fc5d0e23,0,18420.749844656337,3
17da4ac97d31,1,2088.7515908905357,0
ee5517f1d2c9,0,3226.3541010448107,1
b47af6d2a2fe,1,13976.390938936642,2
55bcb4fc5a54,1,3766.5481016918634,1
db58c884b24a,1,1997.6357752625768,1
32a8daf4fe9d,0,1762.4572306883433,1
81f9ea1aece3,1,4533.45231272427,2
cf113a123cb9,1,7760.670008339285,2
a3137f050875,1,8848.372132713714,3
91304602011c,1,5848.631507382255,2
b343d3101d3e,1,6503.231682492469,2
a55c5bd1a22b,1,10849.545738055316,3
147cadb897fa,1,2593.9644813204,2
c18df251f1bd,0,12030.769783293868,3
f376d5f9621b,1,2280.8943043158806,1
7d67551f9aab,0,2447.7059609346197,1
91baac880c6f,0,4608.997627371957,1
cd9684ac1520,0,20879.023613858553,3
1c77f8640011,1,2868.260830027947,1
e25d6ca2a540,0,7959.760283616832,2
96ebd6f5a52b,0,3637.676536592026,3
90b3a809ec0a,0,820.6517177633007,0
873f8cab659a,1,12663.609935692299,2
1b676db0fdc3,0,27639.546959206695,3
cef69c0b965d,1,2053.9387532285064,0
335ea22a5ef7,1,4805.718071526345,3
de7759dd9491,0,3785.5508424212253,1
3e8656d84c59,1,3660.53877111498,1
d3ef40b8fa68,0,28241.185823615484,3
3cc0289bd556,1,7031.910651775314,2
6a29c4eb6a88,0,2198.0590383759036,2
9dcdb1ce1c8d,0,4905.33448841391,2
a627f60f88cc,0,4048.308719942662,2
bbd81192ae9d,0,4155.772847856023,2
4d3636299eb4,1,3324.6342447242737,1
69757c6fa7a5,0,2343.9355623718634,2
ffa2acaa13bb,0,21633.619670744036,3
0afb31f47ebd,0,2539.7974056610938,2
4bd2e9a93ff5,1,3641.111447968342,1
0cfa59da59c6,0,3119.7833558011102,2
ba7d3ed046da,0,1468.6992532749252,1
22e3b55785cb,0,2704.9354325036097,1
29aae0672fb7,0,2186.096055157355,1
0fc64f6b36fc,0,2300.3891113081854,2
f9d83b101115,1,11102.674144626826,2
240db22ff903,0,1132.8884379513745,0
7bdd06e3469a,0,1173.7073671148585,1
9bfc0eb219cb,0,8918.742332553142,2
ac91da3b1c1a,0,3283.8184608503893,0
561985cd679e,0,4946.47913376101,2
cbff6454a0e7,1,1876.8432302625954,0
2b7b3192f43c,0,1971.8808495331816,1
9982555ce931,0,2745.992100361488,2
cde9034c83c8,1,17172.14924730988,3
30060b99ee7e,0,674.4890154584588,0
08b3b45e8e27,1,4465.787934837742,2
7f5e7eed86d8,0,16325.477949340031,3
b882eb7489a8,0,6852.739298726436,2
c7c6caaa57af,0,661.5816456097265,0
d5330365832a,1,14740.439848911177,3
ae89e9feb40f,0,3140.177018386445,2
10461d6a3bf5,0,1735.275655232495,1
9ab1c8e302e5,0,9264.756034096948,2
8c0e09954dcc,1,6208.711401578146,2
b8bfdc77e0d4,1,2633.630937471142,2
e470954790df,1,6038.418979662104,3
e411b81ec975,0,1413.0152621012796,0
1ded677762cf,0,6878.425033845736,3
aa181d11e9d2,0,5036.4828294235795,3
2f61e0f11e60,0,9653.727409026385,2
1ec993607324,1,2079.3995322499495,1
c95f980f0b76,1,2110.891398247051,1
dc2aad09d8d9,0,1028.314071274305,1
f0cfbcc0d3c6,0,2219.4455660934186,1
dfb4a058997a,0,6166.3652385512205,2
ab297bf0ad4f,0,9215.885915061033,3
1d0e67d696f8,0,6775.717996677265,2
0c792d8c6f82,1,16942.68975528395,3
e928d4698f22,0,1788.4015222266742,1
700ad6605bf3,0,1113.812431600726,1
f95f8e78186a,1,4495.216163911704,2
86c631742838,1,2314.80804000667,2
ad4b3c5e3c99,0,11298.813894041314,3
31d7bb104bf6,0,860.4335440195758,0
b187a9313c61,1,1567.9631795580083,1
3c74c03f9fce,1,7883.361676764841,2
60589765a428,0,21214.125760160725,3
c4872470df72,0,7177.488386082725,2
dba2b6f8bf72,1,5333.208570648179,2
08989f8812e8,0,7137.594921239544,2
9ca7ea5135c2,0,4635.120452453835,2
c924bafb0842,0,1928.7195492384158,2
9fad3fdd09be,0,5384.851661120938,2
ecb93d4d123a,0,1342.7212702310155,0
30f2d8e78e15,1,9283.201544689226,3
1f3c5b15499b,1,15798.805340434323,3
729e1ac4462d,1,11050.555269857261,3
fce98a26e2d0,0,8267.923631862874,2
7c367eef0324,0,15100.119103051236,3
926a310bda5b,0,682.1215211792556,0
74ab1105ae65,0,18160.586616853678,3
fe1fc5a4d50e,0,11898.923994866738,3
8a40ec29a5e1,1,9743.307105917398,3
4c70145fae8f,0,10596.909180259448,3
b6bce4be66be,0,27739.435722075643,3
4b26a31597c4,0,4266.41173878794,1
7edf7b83b854,0,4633.075390328805,3
12831850f75f,0,4058.7514780392644,1
5b13c9629edc,1,26763.905084316164,3
8bee21d6bab3,0,4793.441118622383,2
02975055fc32,0,4209.474265028944,1
af5143f9fea2,0,2710.432695289713,0
e4cedf6702ce,0,8544.966733559693,2
a9ecc0d0a11e,1,2183.0353664485906,2
f11c07fb7f59,0,411.7163433093718,0
5d95115c700d,1,1703.40728518363,1
f5f97c74a1a9,0,4035.7107922163714,2
6c1aba160947,1,22018.361442010104,3
c8fdad96b2bb,1,14153.209529682994,3
449f3aa8eda5,0,1654.4228177258697,0
35316b5b2dac,0,935.2592868544613,1
1fdf29b90238,1,1213.591011244698,0
b0fa15bdbc19,0,1943.240831608853,1
d01214a5a9be,0,8626.268103421822,2
c866927e3201,0,1011.2233247449577,1
64ec8740323a,0,1438.0306696515438,1
484f6aff9503,0,5366.663881298679,2
fe56b024fb68,1,4680.253259707101,2
3f51bd950ba3,0,2964.727616019738,2
8e9a11a2062c,0,3049.7406739937974,0
c2763be3ffd7,0,9448.8726639147,3
a3c4cd2ba4de,0,8112.875970436704,3
6cb5c1fb86e8,0,4133.520551069732,2
4078232d0c2d,0,1174.5741061281508,0
91da00cf1e3e,0,1487.613249126618,1
477384597a66,0,350.68615700790514,1
99d708a0f444,1,3336.1257297743628,2
cb9477d3f764,1,3837.2715304513026,1
83910ebabd9e,1,776.3801994153254,0
8e4f1e53d928,0,3231.5343258626563,2
678fdf52785c,0,4477.173880992549,1
c7565c2d7668,0,1575.921849176567,0
4ff18746f22a,0,4278.122340943623,2
8c0318a8b4b2,1,6650.902553076122,2
a91026e57d8c,1,17511.843849554076,3
d224a3cc0550,0,9536.976603082281,2
b80c255f35cb,0,716.135636423853,1
cca5639c68cc,0,792.7359264910714,0
afc2019608b0,0,4228.374499310974,1
ef9b5cb90a7b,1,6939.1008416848035,2
c80bbac74e53,0,7576.464449860111,2
5d921c22c348,0,1998.7648186407077,0
fb7ac5e9f0be,0,970.8696508129816,1
9e6d31131957,0,466.52044272405396,0
93ce2bc6d165,0,1157.774718765532,0
c9992edd463c,0,2137.2409069037694,1
8e1ddeb58023,0,26151.35961187422,3
bccca7c693a7,0,4511.022457224247,2
32a89046a580,1,28400.760370393094,3
20875ad59131,0,5936.754437234792,1
28c2405fb8e3,1,13849.90477327069,2
31af53f3ad1d,0,16495.79779244281,3
1bc985db98b7,0,2375.370056506847,0
0eeb4a7063e9,1,1758.751582105933,1
0a1cad60d593,1,12201.5429393837,2
e5e2e8d4e925,1,627.526411418089,1
9c1a2c94e381,1,1414.829272621701,0
2cb932abad3a,1,4981.620227471064,2
0673273bfee4,1,5137.068017553701,2
8e22b6f30f44,0,4891.396440071866,2
cdaeabced1c3,1,3377.4712418352983,2
9a091552da70,0,2681.9405307085076,0
daff9438bc54,0,8233.663236128627,2
a8c780b6e85f,0,1602.9731400806158,0
ccafa4c279b4,1,7986.564017151173,2
f3314855ff00,0,1100.6033684106653,0
06996bc00cbf,0,19891.774516459387,3
941fa3a7913a,0,1487.2394335626775,1
6b6f56c31698,0,1485.8594094847556,1
60d7b5bfab2b,1,7671.919744760149,2
93e1dc1a6991,0,1305.7985018658285,1
dcaa9590572f,0,11105.157571406538,3
8697a35a29d6,1,6374.61085585424,3
7818b5720675,0,2940.1631030309672,1
e57ff8d5fdab,0,17956.53349977855,3
db45d5abec51,1,17333.940348825443,3
a4346c55b521,1,6694.470552208677,2
e234ecd22a68,0,540.5128628257751,0
572cbf3c20a5,1,1201.7744678875154,0
c4c674ded45b,0,4853.50760406803,2
724aecda02f4,0,1782.9154344926374,0
79cb001d9e44,0,842.4869726530491,0
615aa07bb59d,0,1157.6097958412204,1
b985f6a3dd57,1,1640.8265769946279,0
478462ea0f19,0,14109.862341579897,3
fc05b855ab27,0,5112.007860705964,3
5968f8032cab,0,2155.9169179689184,1
e196faa2eb61,1,7328.88303251124,3
77da956f6a3f,1,7345.372400955761,3
8ee9bee8c6f4,1,973.324860731994,0
2a964cfd68e1,0,8103.507215733045,3
11d751135d6e,0,910.2463476384025,1
63b13229d147,0,9134.632410556513,3
1b896e69593a,0,8800.588260703915,2
f63cb7949dfb,1,3374.6662209924943,2
b0edf467eca7,1,7672.405578540272,2
7c6cb0681538,0,2341.9041693338236,0
10c238d9964b,0,10999.237119561709,3
ff8606cae5ba,0,820.2868644186788,1
d3a00bd0a735,0,1977.5887819814511,0
3e73372e18cb,0,3208.7260233143784,0
f65be8040575,0,580.8091112211266,0
b97912cb9e78,0,6072.341463166786,2
2bff5b23ba61,0,4647.2472483161655,2
02332f5916b6,0,1550.574206080209,0
e80b45d459c5,0,3400.2996239367662,2
77ee351f9ed9,1,3685.15244036563,2
7c3243910503,0,2324.862782133312,2
4ef1521ffc2d,0,3044.9745745128016,2
3c6b2ba15880,0,1480.9372072402896,1
48a5e6aac1db,0,3568.409377058257,0
03a407fc5ede,0,3672.2685350001543,2
0ec0dea4dd82,0,21809.0493405944,3
fd59a08c8031,0,1728.5609277588233,1
7b654c3aafb4,0,5092.588797866186,2
3926aae8152a,1,799.1847796936419,0
e0130074410d,0,2633.903037691672,2
054621b7c261,1,1863.162549167252,1
6dc372128dfe,0,2197.6546258735693,0
8ce4f6c745ba,1,947.6654695876415,0
7e48003bda2f,0,930.5661633297493,1
dfc12446882f,0,3426.6030895841386,1
a3900bbc7cdf,1,8098.250628233489,3
69e0f04993e1,1,4783.494173237233,2
80c10a83d29d,1,1882.0675638294924,1
52c29a43ca55,0,9118.424190331525,2
7f6641449614,1,8525.864855807655,3
a0453611a782,0,1120.2443193929996,0
70155da48033,0,2382.0422129382687,2
9a383fbe78bd,0,3370.7907622487746,2
c2bd42868e20,0,11296.884775182702,3
e13cf131218a,0,11551.777157135952,3
1b081986a342,0,1072.1484991579393,0
a8388f8e88b8,0,3475.757782813508,2
b0eb30bbfc7f,1,11896.515599338261,3
6566ec73675d,0,3963.1096912997373,1
d55919246962,1,2798.2985959216803,1
a01a99b92c13,0,841.3321143814252,0
be44e6738786,1,4457.047632804156,0
7a4b922bb75a,1,5280.0557300687005,2
ea347601418a,0,3852.6417404626745,2
24e30e024444,0,9956.976012199577,3
9ca6f6f3a7d1,1,1756.1096478642726,0
f176acc83d64,0,15283.688769785058,3
7ffc382c2a3d,0,6187.171869584889,2
b443792ea05f,1,2247.703148624607,0
5b0d59cb4986,0,22534.35071299956,3
6d58653d7897,0,2036.401057285977,1
19bc75d4501e,1,1259.9133796114932,0
3b247c786212,1,2167.4597839709536,2
e4f1a7504bf7,0,3591.540863466443,0
c97b2e9c304f,1,1912.546032790045,1
041c906ea319,1,14906.979928188426,3
d26aa1a7a5e0,0,1596.5131203416427,2
9a31cb26810d,1,4439.158164812743,2
0ab544b0314b,1,2317.2180465552647,1
8302ec598f8d,1,818.6952570309423,0
a69feadb3bb7,1,6015.690682553295,2
8f12e42f9dc9,1,1525.6652702474103,0
bf3d89b80d1f,0,4123.855606761272,1
952f3aa38ab5,0,3755.81815411158,1
680780a279ae,1,4703.282590179894,2
307dd7aef12d,0,7447.105303502279,3
1472cc6018c8,0,1242.4839892594975,1
56b07d34386c,1,2800.1711864066474,1
6e25a9fb56c5,0,7848.942427189874,2
c9d63cea28fe,1,4553.998908570721,2
d85cccb6de24,0,19761.77007352526,3
371e2d933aa6,0,12781.782985083884,3
07131cdf26da,0,3516.156201656395,2
978a96bc8c4a,1,5195.878736385274,2
4694d902b93e,0,18680.21095033166,3
c86f6bfc5a95,1,10274.981839659125,3
05575a3df894,1,7239.67073128283,2
cf3c1cd0dc23,0,2026.1680445802488,1
632450b0b5d4,0,6057.29852814472,3
f7e33dd395d1,0,4805.590140177579,3
cd087e025329,0,13200.785516338017,3
f9620f7966a4,0,18652.773373316133,3
5b1f317de213,0,5603.679154985354,3
9f8c65a91f05,0,10831.023894070418,3
983cc6c7bc70,1,1051.6218957500205,0
7a653d400594,0,15495.957946584553,3
391bf9c3043e,1,14571.865866396907,3
b008753ddd42,0,13202.165481960292,3
7f984bbde4d1,1,6469.02887022396,3
525d7f85e1e9,0,9244.941175798978,3
d71d9c2b37ce,0,4006.3136896499877,2
0bea43072e25,1,20910.02254989586,3
ff59f15daac2,0,831.0522482868738,0
7f3d90ad35e2,1,1156.2422219243501,1
6c5a27dd5468,1,9931.222840437571,3
6ba50152b3b6,1,10641.677071515733,3
e99d6eb19c3b,0,5137.977136678317,2
ff214a1d4e77,0,5832.676744442872,2
3bf124fb27bf,0,9889.421952923076,2
6b052826667f,0,3310.017734399806,0
c3e19031991d,1,12604.14353211721,3
cfcf56fa828c,0,968.4364105104561,0
d64f08140da5,1,2256.8453536146644,0
2707f51bcadc,0,1123.1493398559326,1
69d44c2afedb,0,29142.89899387962,3
7607851456c0,1,2968.3607203646798,2
903c40b38669,0,1849.5996583098947,1
3f0e8c5b7f4c,0,4158.829137838017,1
66d93f8f58bd,0,6564.800612309285,2
ec65f483b62c,0,1188.5248290019197,0
e394de06d1c6,0,1795.3140330606013,1
677db2432b61,0,9420.650917848332,2
d0f9c338a49f,0,10329.970844781445,3
2c8d109171aa,0,14916.654153705587,3
4428e6ebc361,0,1706.4558692579976,1
cf783e6136de,0,1401.8356168433943,1
a4a47dd596af,1,1337.4227207026752,0
a8f03980eb43,1,6755.554339095175,3
038b4add22e2,0,6472.652055318319,2
84ab2f46d410,0,1546.1130783647004,1
d9d53e3064cb,1,6565.539691884731,2
79c4382d3aa0,1,4145.467141535517,2
93ce405f8189,0,4461.328099370322,2
620dff584624,0,1593.0556188766964,0
189dd7b2993b,0,21675.20993462299,3
e76d78455515,0,2955.4990183096475,1
6e32402276fe,0,3421.3459432676373,1
019a80f351fe,0,2976.280877614853,2
f5b2ebcde535,0,16070.626868333127,3
3794c001727c,0,8048.851715318888,3
d5bacd2536ff,1,4548.685041000083,2
7df884769c48,0,2645.5901145958364,1
c144dcd84724,1,3562.7013187308025,0
03d30b15a39d,0,5028.019183379316,2
1c1730f5ea7a,0,5232.618888143521,3
4b7dbcfc839a,1,12236.694017265872,3
ed91161fb75a,1,1969.6743357596893,0
22fc43591615,0,9859.257194297095,2
c0add5b1d401,0,23144.845637705286,3
6e95e8ec95fc,0,14312.926902362933,3
bfaccc520fa3,1,14061.006367959408,3
bbb136a6bce1,1,5603.780256434407,2
952d6014e915,0,4019.63533217151,2
5f36db581a8d,1,28981.561363025052,3
3cf9379bacd6,1,2397.737912120291,1
01d9b487e62d,0,6502.299289525149,3
c70e1be5a7a7,0,4120.846250644526,2
8f508040c353,0,2554.8222461539413,0
e9c63c51a126,0,1297.8677898121643,0
e31cc72d0f59,0,586.103317215159,1
fd4de9096a38,0,5188.76810356278,3
a77783a6943e,0,1484.8156035787647,1
d6e1a572ba13,0,12716.147487380083,3
54f2c9997455,0,5976.140551545883,3
4adbe508f86a,1,7964.049363104932,2
a1b97e345cbe,1,4352.907214978175,1
c27d1c3f1f55,1,12401.280645502595,3
2a24851e6e92,1,1968.8403996855839,1
d04f2c90df89,0,536.4211799790158,0
f5e9e7c424b1,0,8005.998708842851,3
d9170ba6baa6,0,467.7722168107788,0
2589036d7c67,0,3006.004410841223,2
3b1956713f70,0,857.5677731781939,1
85eb1149785a,1,4229.201259068838,1
c31de92728db,1,7384.919394438282,2
4ad10a77f392,0,2954.8185081315182,0
0be95a893009,0,4545.085002318889,1
add293f5d398,0,275.6268816991057,0
4a4677018f25,1,2038.4662832490997,0
d05aabadf3f2,0,985.7634587717066,0
3fd44f63fbdf,0,3176.463573849384,2
8853a70ca4f9,0,539.2871491188934,0
6bf33ddc8d78,0,937.857535698712,0
62e99c4ca082,0,814.7609338654481,0
9e04e730b525,0,2567.5879758254237,2
5df29dccbda1,1,4247.525624827891,2
e603bad85d46,0,7424.212595485489,3
673c9d816c38,1,5566.127702578436,1
01b2e86538ba,0,1541.092618295351,1
667806bae2bf,0,3767.561938864025,2
c9c33e808db8,1,14398.324792405969,3
4e257c6e1362,0,4113.941708320186,1
f3f516abdff8,0,3656.1951344169524,2
366b005264a4,0,12390.553665809915,3
ea30bb3321e9,0,510.6068039640736,0
b3497c9d471b,0,26883.519126518946,3
b9038f749fc0,1,5665.339905453467,2
82225095c652,0,4608.079886769109,1
f5a130d65ddc,1,15897.561430429498,3
486c014a5594,0,21452.634945494447,3
ffc004dbae6a,1,3261.9358012718535,2
971c13c0b897,0,3696.9805481408757,1
b63a47a506bd,1,6784.406594312644,3
2e56588e84d0,0,25272.246416632235,3
389df2117e80,1,12473.985625253566,2
e41bbbe3b223,1,8037.700606402323,3
74dc1ca98533,0,2549.042235605465,2
683962becddb,0,12275.23964302028,3
f3f15acfc412,1,2171.3592631195766,1
7d0dfde4f1ed,0,2554.9715584252526,0
1facb50496ed,0,2428.494399135613,0
50235dc7b9db,0,3010.664694119765,1
592b5124ab64,1,3199.8914079820024,1
cb4f423605ac,1,5835.930424257959,1
c258b0f03aa8,1,2792.471186441589,1
e5e138d1c770,0,2069.622347913477,0
12c42ca8a3b0,0,10502.5170074903,3
d9e0d17b0ca9,1,2024.0518433947295,1
180a29af139f,0,3559.559761083253,0
10fc4358d9ad,1,5127.641702313015,2
fb4da635dcb1,0,9634.5340015701,3
4d53408df974,1,1936.8879952566942,0
cf3752eb61bb,0,9854.579970194945,3
fed5495c9dbf,0,2689.0277704942114,0
4685f0719a45,0,2575.734488933022,2
9652ebad79a6,0,7277.738880192756,2
936190d012bc,1,1609.0417181372243,1
a8a7c483cb99,0,1545.1737539131777,1
e058a3dca844,0,805.1258481065597,0
4a82a4e91f54,0,6354.299398694131,2
09484a974b49,1,1047.6069255240552,0
81da2acf7262,1,396.888188471312,0
deaa8b588b80,0,2523.265927065207,2
09150d7ab6c0,0,6364.188086375223,2
530b38f828af,0,1555.7369543895193,0
51577963c62c,0,9461.556213830087,3
7eae11bb8b74,1,2753.0773176324633,1
db5dcf315d3d,0,9312.17452348346,3
97d4cd367c38,0,10314.43549189744,3
cc22877c7f00,0,757.2261255165587,1
c7e4a1d59332,0,3874.6091471665545,2
04f16e6dcadf,0,6940.308199688387,3
4bc7e642a5eb,0,9389.7594695639,3
d51deed7c46b,0,5163.791640955991,3
ebc3f3bd7e30,0,2192.1075559676324,1
b741988d39a5,1,8167.350992272954,2
35a7bd6b8df2,0,4022.0765087333193,2
94f10c49b299,1,10942.656450378021,3
1dec8984f9b5,0,1010.6137279681107,0
d40e2bff95ff,0,3082.8018647369076,0
d2668085a3f6,1,8733.821255392242,2
f243ab3f1d5c,1,9132.770082266634,2
6465a7ceb419,1,2008.057133498474,1
78acdb4f0ffc,0,8246.408845025158,3
5847cf5e3567,0,3337.41984799351,0
36db9c323a41,0,1283.6429819045845,0
6a9e57bb28bd,1,761.5222023700275,0
00a7934bf417,0,14726.583808275524,3
84ef8d5620cd,1,758.7782069090233,0
647200ced0ca,1,2059.388313393122,0
10f852cafee8,0,16070.54988580347,3
4df607ce1dc5,0,11041.432981100807,2
6776556f5556,1,1150.6921033877732,0
2e595e516b65,0,13828.3225992084,3
5fdb741c73c2,0,901.0900168551603,0
d1a49c2a1f82,0,2529.285618466324,2
594373c019f2,0,11381.780813695072,2
d3220241ed1b,0,7272.507682610031,3
bc76a97268f1,0,980.0360750083798,0
9de54edbd505,1,6205.94904152021,1
7c1dbb99c834,0,5272.737944282291,2
d601932e4192,0,725.3250274985198,0
01840116f53d,1,16331.409129278247,3
c7b1a8bdc9fd,0,1426.051742741497,1
dfa2b6d06f88,1,16936.664895706508,3
8b7c858132b6,0,3502.238784598981,2
edcb138d5fdc,1,10652.695122914058,3
a1ef270ccb40,1,10476.784801251217,3
b8125e9fe07c,0,856.3383736059624,0
01ffc21d78aa,1,11662.861102646042,2
b11c2cd475df,1,2072.330613789207,1
5b907c21bd9e,0,1683.7368616658737,1
c660bb743700,1,4416.6282312842995,2
a778dbeaf79b,0,1432.331496905956,0
291bf7656eaa,0,600.6259335203836,0
c70e13ef18bd,1,19429.029232399327,3
3ec5194d6682,0,7691.411854227577,3
c3004a930480,1,15031.608158599529,3
3a9df2194e26,0,6645.4041633740635,3
c3822b591a2c,0,6959.1424208889475,2
05e351b4b479,0,3654.6676563838305,2
a219344b07e3,0,1405.1789048921394,0
a2d3088bb4b5,0,442.7852778849953,0
f3906c300353,0,2745.7083541593693,0
024062b9a546,0,3380.346439358194,1
bd09026ed655,0,5764.750928967486,2
20abbf7f2f02,1,4587.401068094148,2
960eeb12b976,0,2000.7301758048668,0
188af0b392d3,1,2278.1940075362354,2
a555d5060687,0,14077.99624417969,3
e2c44defbe9f,1,2465.004873551003,1
c26882a7e963,0,1234.1673592658547,0
0b2888a86655,0,1898.6636001686732,2
7077dd813b02,1,2051.089059855964,1
854861b0b168,1,2006.487305429823,1
16bf29d63787,1,827.2477300129777,0
6a55f8ec69d9,0,1119.0333578595307,0
69eebbd8b3b9,0,703.8269789290235,0
1475972f14e5,1,4378.694328164907,2
b9637fb09a6b,0,16376.952878301458,3
b7b78fb38289,0,1171.36753692222,0
b9743d4362cf,0,7327.787429674952,3
79b4dbd1ff8a,0,1996.7607406603142,2
6c3f77d9a6d6,0,4146.146323455734,2
293b3ccec79b,0,2071.5117483386302,2
95a17a788f26,0,5347.016912687582,2
ba2dfae2572a,0,2782.3869436603177,2
6ce9cdd87699,1,7673.9376771596335,3
6bcb279f998f,1,5245.887904094808,1
1ed277e790f0,1,14779.261445710334,3
055e607baee1,0,8404.112442877677,3
15a22972737c,1,3265.454461394078,1
c47905a4289b,0,860.2311055978228,0
a28574428377,0,5924.30079088046,1
b6c28c6c72e5,0,7527.613376147694,2
9ac5d9c0d098,1,12800.214228687688,3
c64f0da39d10,0,497.0946002047308,0
fdc865c5630e,1,1445.1550600671255,0
a060fd617d0e,1,4053.069181829579,1
db967e9369ee,1,8024.24922920002,2
1489f4d5f861,0,2403.5982406941216,1
5b574bfae417,1,4748.945100647202,2
48db1725d7d8,0,4660.421336646808,2
a81cb9a2bf56,0,321.72624311423306,0
8c1dc0fc7fa7,0,6255.928598723508,3
73e329388e05,0,5007.446507853025,3
4f1da6fa2306,0,4650.356931174946,2
7ad3cbeaf35b,0,2833.856461991955,1
ff2267504503,0,3596.3391928033157,2
343e2ab8450a,0,2208.5638490824526,2
11af6e2ae943,0,715.5495003491947,0
0edd993e64ca,0,14576.659267336141,3
be366bceff6a,0,5606.3687592060505,3
fc506d47abda,0,1754.5227352906065,0
cd95c35efcda,1,8619.30652947769,3
4da8cd420ab8,0,1559.43426480832,1
6133631fdb08,0,4781.235404404518,3
f3bdad9b0231,1,6567.123833807424,2
df94a6bc8204,0,2158.254726907998,0
97e3d11b5ce6,0,19707.46208424781,3
6e9a132a9b8a,0,1028.5080240588381,1
c9d2a4b080a9,1,847.3495641025984,0
88e685f67d23,0,6980.580454745003,2
15fc3d0cdbd2,0,1216.1422665442126,0
73e02f509adf,1,18278.88900527099,3
06dead40076a,0,1881.8701018462098,1
d24f115379ea,1,6569.836008780775,2
c2c2ff906daf,0,1313.4957878406165,0
e8059bdbcb1c,0,2750.510441538624,0
a06818a42856,1,4248.443524602304,1
0180c2a797a2,0,15497.704423803989,3
75bb8daf9c7d,0,1226.8093519931724,0
86f58002b911,0,1114.3609874006852,1
43359fe057ea,0,2600.3517615041783,1
b2a3252eb799,0,2341.4791588586213,1
8aef293545a0,1,1982.0216914684368,0
f919beca5134,0,7497.444667651936,3
60b5ce6aea20,0,5288.3027505240225,3
cb8a66e2bb2a,0,7156.867080492218,3
508970f95d3e,0,1220.9635513743826,0
8f43fe2114e8,1,8082.254870214918,2
92da59dffc28,0,6200.0763325433745,1
3a31e305f604,0,2477.173501422672,1
4ce7d965058f,0,21558.037100725644,3
7694a1f4b3eb,0,17077.32516702553,3
4f86a61566c8,1,1309.7071975760382,1
1898ad0c14fd,1,17565.756855103074,3
bcbbdf1f6fa1,1,3802.9111872842773,2
e4b5d9a67d1c,0,5589.073623678051,3
0f0adf3d0fa4,0,10263.684873949027,2
7e540bfc92e9,0,6013.583220730002,2
eacc796abf3c,1,10038.867007106282,3
16ab69a3f621,0,5938.420814837484,2
a5f4df762ba3,0,21432.91296501122,3
85cfc1619017,0,616.5674492412784,0
87eddce73799,0,6038.31006589237,3
eb25d31f2e00,0,4804.08080604872,2
8d4203dab281,1,3595.600996623066,2
8f5e7fe7ef21,0,847.8887425836032,0
ed2efe5d6017,1,1774.1236433114104,1
3860ae54bbae,0,5136.640155615292,2
965cb3e9c853,0,12898.472285873044,3
c43eb3787209,1,3051.296238450214,1
012e3f1b596a,0,2769.937860894163,1
09abe301ce78,0,5355.280750073461,2
8bff3a57742e,0,1699.0562679087268,0
ddb56772b3a7,1,4873.671580267054,3
ba24e5532dcb,1,1141.5799753692938,0
27b619b5d030,1,2734.5164460659607,0
9e1e896932e6,1,3961.140724768282,2
46148761a8b4,0,1486.264656145959,1
7da9f92a2abc,0,8769.568528675589,3
c8a1dce72a81,0,4485.777245632703,1
5e26a84c7480,0,8436.094086755182,2
393ac92c62f2,0,1130.6983979652161,1
f258d86ffb54,1,6040.70056154534,2
6518eac6e497,1,3946.4913674282507,1
7d96d6c2ea9a,0,752.5034501079781,1
ed09c7f3a04c,1,5515.912349570838,3
433ba8380d05,0,2569.641241876413,2
21aa546549c7,0,2476.8853964877994,2
5c36bccf666b,0,1362.7457764082767,0
53cfbc66b271,1,9215.723745343908,3
e1078be3f8ee,0,24096.26454359298,3
61c56814f4b6,1,2812.7536262917324,1
2d7e76fccb54,0,5199.406096054325,2
d78cbc2690ba,1,2548.6691083776655,1
3dda2c205153,1,13002.747328838937,3
af94bffa05aa,1,2510.7292684309414,0
6192b960c4d5,0,2121.7774403738363,1
a8535791d204,0,2259.5262442334392,2
3ce42fab94cb,1,8518.204399545928,2
09de4eea90e4,0,2363.5835123082015,0
98df3d78eac7,0,6250.147834527408,1
b33880c7ffc0,0,4101.776504964301,0
74ba4e70747d,0,4568.791062588012,1
11f4ff88b97e,0,1363.6409074668154,0
dedbd87a5b9d,0,2576.5074849437647,0
739208f34e96,1,7210.887174688928,2
b73be814a358,0,5935.623647190445,3
70a5193ae81e,0,11265.536370751206,3
412df4b6d470,0,1090.5058386443245,0
81beec73f1d7,0,1454.3338801806797,1
3a0d1d6b97e6,1,3988.3008916214076,2
6f37f46b03e9,0,521.2392904548996,1
3b658722dcb1,1,3799.3432870722845,1
62636ba7437f,0,1573.873330474223,0
6ca37ed490ff,0,6205.041076699863,2
a3c4c3e86877,0,11040.900005592042,3
1cb821ac0c30,0,505.11050261891506,0
0637f14281fa,1,2440.1488991126994,1
0e604902305a,0,20400.517222488375,3
c03dd6583095,0,14254.673556130703,3
9806a6b89528,0,997.7844531420533,0
4cd113d7ec2c,0,1458.4755859386405,0
273985039f5b,0,2038.1493385518809,1
d85bdb07f839,1,10895.779941337172,2
7d0a206b9fac,1,1590.92508486534,0
d7ba3110d77a,0,15244.117830059318,3
447ed0996160,0,3745.961276609135,1
ccac5527c413,0,9435.427272490491,3
bf08202b580a,0,10183.948416897954,3
f401107e7056,1,8069.97302911414,2
4f101f6bfc66,0,17576.341441106902,3
3faefa14ccd5,0,882.0021065539341,0
7d7bb4c11ccc,1,12252.655900534823,3
2d65caf4169b,0,2267.636825245842,1
fbf683bb4ccd,0,7772.928988492729,2
a474ddb9f651,0,1678.1663837419371,1
e7103eea11b4,0,2593.946201253533,0
2935af8cbe28,0,1492.1442618772394,1
d64749e52c87,0,2247.7349883641523,0
f89c11a2baf4,1,14950.151942952414,3
cfe8d913e1b9,0,1876.0631866332428,2
07ce23f34f1c,0,2166.5963410377094,1
171fbaebeb5a,0,1975.7374487740622,0
278097f23b96,1,15650.809160670306,3
7ee26b93380a,0,6067.677135225469,3
4f9436842bed,0,1691.4623577112582,1
17edd5a95f12,1,905.5579708786333,0
258fdfc31665,0,14215.455413374886,3
426236ccdd41,1,4300.912975619645,1
f0918400830c,0,2193.4901017576276,0
0d17d1ae695e,0,26312.78554065668,3
c0ec37520a02,0,2109.366948784709,0
78a2afb10d16,0,11794.898538252539,3
04bda206a8ce,0,1807.4959485450674,0
81c1ac9fd46e,0,7243.624928752058,2
41437bd055e9,0,16367.10344981801,3
298a8172f40c,0,22887.19395441326,3
50d3d83bb997,0,3563.935715181269,1
8e66d9f791c6,0,6363.317245239656,3
98b882f66a66,0,1118.6230227154995,0
eff13cf6c5d6,1,833.9929892533996,0
ffcd0df1018b,0,16489.236182039833,3
9cc8d80570f5,0,1378.3439433363956,0
1997deaa1fcb,0,1237.7078663038815,0
65f661308cf4,1,2974.9671538292,1
669e15e2640e,1,687.5022504475737,0
5f19ce9b5cd0,0,6994.292352259266,2
2d2e06f92e6b,0,1379.8289463257295,1
9235dd319e97,0,1301.5628172343045,0
fb9407fbd618,0,6968.241702433831,2
549688d39593,0,4589.676270272215,2
98d35e1256e0,0,923.7743272758544,1
c5707f92f65b,0,4060.467367545071,2
3c584ec109d1,1,3985.617323605576,2
c1d5ff63fd26,0,2630.6659652991916,0
1f0347a54c26,0,4974.933646532483,1
c42436cb7e4b,0,2388.931182962314,0
783170d12417,0,2230.1706627997087,1
56f2dcc469cb,0,4090.9794322507414,2
fcb5dbcd3721,0,4078.0419338671445,2
51ee22fc91eb,0,17741.621933320006,3
c661eb51c39e,0,2977.619889082953,2
7cba69f37be4,1,11344.526947608403,2
d4113b995899,1,4012.7420380005005,1
d9ac27b79d28,0,1986.8904662505927,1
8507e372478e,0,5499.092630553746,2
638497c76d05,0,3343.390687942119,3
1c389f104440,0,8854.960220428562,2
8c1beee734bb,0,3030.918164843101,0
d1b351c5ceba,0,6992.615062871003,2
a941f0ffa608,0,20143.087231768528,3
63cc7bf2fdac,1,900.298439688928,0
3970c20a0896,1,5493.688335467614,2
aff82b9b9c90,1,11897.963142597171,3
3244674ea479,0,1483.602519725341,1
08d6bf37b3da,1,761.1041306129727,0
bc90d63e9583,0,2962.7915446876787,1
10c0493a0ddc,1,1650.2526558173267,1
4a90446ec226,1,13889.167789481618,3
68f685b4437a,0,3482.545838688257,2
03f41d37e375,0,16748.521385701886,3
2e1859279532,0,22482.283033726577,3
298eceafa7c9,0,1790.7472802736897,1
2800fe86df92,0,3297.9637164987985,2
5dbdfa33b457,0,3344.770944056596,1
28f7d9a9a6c4,1,2043.13443758736,1
4de730c39353,0,11980.399926427912,3
cb6f38199dd9,0,7019.346949769894,3
5ff4f9682033,0,7938.753925845437,2
f3a7caaed9c0,0,1270.6793695418287,0
85efd0489929,1,2684.9105464016466,0
8e2c77833346,1,5087.54090794214,2
7ff299571856,0,2699.8195949952824,2
42e8137b597a,0,6689.395682214372,2
15b63c9bb52f,0,5529.103324446316,3
5c6008bf154b,1,2362.4831537947716,2
532d29356d72,0,11071.79248945859,3
f65690128973,0,5102.724420310478,2
3743b479acd7,1,3515.28176245513,2
47e69a7400c6,0,7472.265950769782,2
6e9643128c4e,1,3939.462992080254,2
8b8a05528131,0,656.1611610785761,0
0b9a90f7af68,1,25033.300963011654,3
a776bcdee508,0,1188.7550773704208,0
a051b1830ed2,0,1831.5282515414315,1
1a8bbd72d233,0,2834.2512907145747,0
82bc843eddac,0,756.352983257253,0
e96388663e1f,1,5167.649633136363,2
5156308b98ce,0,2727.2089943554743,0
f0251fa63517,1,1333.6031429250982,1
8c033cea7c9e,0,550.4188727044337,1
363cf4790498,0,1006.5923806057792,0
9ba878cb6822,0,4770.9072866972465,2
c241cab6d8a6,0,11401.210674599211,2
08c446acdf4f,1,1785.54842739515,1
95d2da23b4c9,0,1294.5950308898018,1
15d845405925,1,6888.698802401889,2
6ca0a5ac1cd4,0,1545.5565614964223,1
48e3330a3128,0,19192.56452862708,3
66844f8c33a4,0,1801.2792105552876,2
33d3074fe224,0,312.50164586341623,0
0f4f6fa60032,0,2948.077214228953,0
12dd5ca30394,0,875.7583790142237,0
0edc187915d4,1,9653.473274268441,2
a06cc039816b,0,1093.1914343842539,1
6a1ba3955d2e,0,2974.67659464106,1
20be8dc2f324,0,11761.49851575124,3
331aad6f5c66,1,7177.111722014769,2
b718053c6050,0,13000.001328958697,3
f2b899201508,0,529.0845974076329,0
9e5c9b5eb9b2,0,1832.9683684318256,1
f7e7e7ec1dca,0,1242.6670303578892,0
b93470a6f0ff,0,2580.3276852913536,0
b01ccd93cae9,0,4257.2616212676885,1
eb90e175268c,1,3360.7651633845,1
840f2209c757,1,9006.229965985063,2
0776df0b8478,0,2929.772373122131,1
588cf94f691e,0,3724.48294926879,1
a547351b7012,0,1540.9175878326591,0
eb0990a5a230,0,1298.8878645643874,0
80015d40f807,0,6285.090228026357,2
312a04789edc,0,5643.804330291034,2
7ea52d4e41ae,1,892.2018470547248,0
158e3fd8cddb,1,2406.145912480312,1
894e9283fb5c,0,14069.32457143136,3
e40417533465,0,18328.099637656538,3
0ea54cadb970,1,10924.446820248853,2
7b3dbb0dce80,0,3553.210618882997,2
5e73296a1293,0,1991.3643228061746,1
30de2e3d6f18,1,4573.9182692156965,1
789a5c1e4d21,0,5320.617406468176,1
26a7f58ba5db,0,2958.08754225133,2
2060001b7584,0,2949.385262705798,1
250e191de5ab,0,683.4711302377789,0
16a6ca911706,0,1939.6993137023378,1
cbac112cf3a8,0,1288.0206386144644,1
2ebf177fa774,1,1486.933821728816,0
b80e7566c94c,1,10860.071004850304,2
37c30f2d01a5,1,8658.148940942106,3
abeb86d942d9,0,9906.267225708012,3
26ce8e1f41dc,0,1756.650502346373,0
1562353dee25,0,6090.018853159985,2
50a60204c038,0,2047.7562836945372,0
0ea7be6686f2,0,5001.221635674505,3
1bef7ec00ad1,0,8809.900802206697,3
8dc08fde96c3,0,2931.606962837908,1
26822190f2a5,0,1391.14777641554,1
1d905761c60d,0,1820.6019331388197,2
482eab9302b4,0,2476.721429977042,1
85f9454b8e1a,1,10659.831773154465,2
2607aaa1f946,0,11209.144452053082,3
0e5a660906c2,0,1970.097501314433,1
d0577e4af53c,0,2257.313871686372,0
5b76f3af8305,0,15700.403736515756,3
ea1b3d35417e,1,4153.259074471904,2
d37262d14794,1,5081.407207900254,1
f08278885f13,1,3223.276134515399,2
7a9fda6fd041,0,1836.4301892655196,1
0923cb44e77b,0,1518.7157180559614,0
76e94ab9b430,0,1172.8034318304387,0
b3ce9b840e96,0,768.3590570340749,1
ba40ba754f29,0,6695.498704980498,3
de5db3c6b74e,1,6631.022582813519,2
c89dd2483602,0,25776.4140273999,3
66716012f3ca,1,2221.240712874985,2
dde3c12fcb37,0,6536.0174815782875,3
006dfb883e61,0,4558.8073994398055,2
75dc8af064f2,0,10792.617776035473,2
2e14fcceeea5,0,4107.894538702303,2
f361fbc734cb,0,1641.7369964097254,1
22d8a8662b35,0,2127.609032708567,2
513a9c2b4693,0,2600.809608403424,1
f3e8bbb586a9,0,4232.100486328688,2
5d6021df67b4,1,11187.27664659383,3
7d80a8a325b6,0,2670.381870877941,0
7ef88c07d513,0,9046.906166239532,3
c695254d3677,0,14904.087994811678,3
d34f8f8def9c,0,12120.894446319571,3
bbfb14b2c388,0,2583.9888700283464,1
e7fef5aa31bc,0,18947.966667592354,3
a5517f65f69e,0,2570.9061467929214,0
7b80d7cf85ee,0,1196.8470345114956,1
ff24f2dd1ae7,1,5687.385159888317,2
2944a0c27ec3,0,928.3720002218739,0
cf1966674efc,0,863.2592583319474,0
d2d60ebffa38,0,1434.5825948743416,1
a747707cb7e8,0,4149.942995290257,2
01b67d4dcf33,1,2180.7032161704196,1
9c10fc7ea1d6,1,8062.027707939408,3
ff0ac3106640,0,18042.811810680996,3
1c26b91581cc,0,2442.331265162035,1
687742da0c5a,0,1742.7314167391535,1
38735d0c4e3a,1,742.7416313236362,0
049d5d95b81b,1,16637.5287893635,3
25ec750ff1d3,0,2014.2656335086795,1
eb10600cc56d,0,9177.657566026046,3
076832c38ba5,0,5441.517200065861,2
f6f8942dc961,0,12692.253327325321,3
c01d29738d1b,0,20606.290413348557,3
261c80945753,0,3221.929236155399,1
38ece45b6326,0,1744.2235188781071,0
3f3ac3f7def4,0,11754.173150472061,3
b213861cd8e4,1,2800.0582339161087,1
8f5bc94ab999,0,11153.225211203542,3
65f637293e5a,0,4232.184424431452,1
d0ddc0a5c17e,0,900.425293197001,1
7df19d6177bb,0,5714.854565707926,3
dad46c2481ef,1,4872.586395702388,2
1022e8e6268e,0,8201.088355519281,2
e1c3f5032382,0,4475.427896577507,2
64b4f7b6e3f1,1,2573.3186958029205,1
0715820ec472,1,7041.021989164436,2
6c20c2e1b63f,0,3984.7962104855937,2
1f0902c171f4,1,3866.7250461152817,1
0c6e65fa9923,0,3100.7086491230257,1
cc0d0cd8b1f1,0,5124.7595601774,1
2b957a216ec3,0,4616.917298907777,1
7e318b259190,0,8133.855451425394,2
7221fccbc0bb,0,9905.299031979499,2
11f22d22d564,1,798.5635931378371,0
d516b7196b86,1,9290.577478613575,3
fd96a29a0940,0,6479.836978735737,3
5f706324b870,1,11454.942592800122,3
66be9430d88d,0,4815.277068509811,2
7d708a7f0a22,1,2791.322243438839,1
944dbb5dce72,0,16646.800197318247,3
2b8c9ac1b435,1,16690.769856938856,3
1d62e1165a3b,1,2753.078760787963,1
b75713a9509d,0,7553.705987305784,3
014b77e9a1fe,0,824.5348285108157,1
d65977fa47d0,0,5406.565983225442,2
4bda7a9b996b,0,8271.61118112303,3
7b8de3836eda,0,411.38556618250766,1
a3d94d533774,0,1899.77634556715,1
37f3417ba7ed,0,3405.752295228855,1
2a858c5ec73c,1,1508.1988714436625,0
00f63499912b,0,2648.268026277932,2
453888f1f702,0,24310.242013116705,3
a38fdb09f3dd,0,3494.3962940631213,1
acad2135605c,1,4673.546012282852,2
5b9fecb37d5a,0,878.1774958676058,0
eca6cdc778b5,1,4767.8219882553285,2
c94bb7fe51d6,0,5601.519697100073,3
5e35b2d46bed,1,17271.74760967488,3
6356b3261daa,0,6026.1351652796775,1
b44558b37dab,0,439.8915001609011,0
63a817cef810,0,2617.772855271717,1
41dbde1c87fa,0,4909.360197058634,2
c82add48dd59,0,1000.4988498738583,0
fdcbe00eef23,1,11844.341688966426,3
42549a9138b5,0,1781.736431150998,1
bfa30de69971,0,1116.5704061752306,0
74bc7d78511a,1,3505.903126822961,2
5457e64f4f12,1,3241.3910896745665,2
5653adfe72ab,0,1478.376091729167,0
775249ca6f50,0,1723.0105941521601,0
a463604649b4,0,5715.429243197258,1
17c46756ed5c,0,575.7764915834452,1
c6b1637d7ee5,0,7778.893069107863,3
f71aed6d98fd,1,827.6544199757477,1
ab8931f660da,0,4435.413159693835,2
2ee5de6c5e5a,0,1633.2236628529492,0
01785b6019c2,0,3513.859440957559,2
ecc4d3929ed9,1,10829.025892272088,3
1b4fd24d583e,0,4342.986237038522,0
d95d6c299fd5,0,11043.371202004835,3
ae4755eca8cf,0,1163.0864516468407,0
36d599d4e767,0,8858.667429046063,3
b5e763e1f7e8,0,2622.025619972655,2
8f7361df83d4,0,3466.1730410198643,2
62f92213a8e7,0,1521.4993194699264,1
66f8d1ac6b4d,0,2771.99446651599,1
746e7ac8148a,0,7962.773229760551,3
c5e7e4f8ec4c,0,1923.6721464645307,2
d06379748296,1,2814.0469558619875,2
94cdd3156b6b,0,22112.754598843556,3
7d33d4c9bd32,1,584.4156637518696,0
8588f0eb7557,0,2266.668846890066,1
878c034e74e6,0,5981.232067058259,2
8f616f276a0c,1,757.5197549687481,0
1c57d2589b9f,1,4220.788975422865,1
df4a7b91b7d6,0,555.7256396816675,0
9b3e4104b8df,0,12674.090923270529,2
2a9437d3bb86,0,14463.458290942459,3
109924624663,1,1652.2427121397204,0
eaf0b14ca15e,1,2747.75930905713,0
393d1c4dfa85,0,1223.4680094456585,1
5e76ea562e48,1,4476.664354379222,1
8971e3b4f4f1,0,918.344932290021,0
d2bdf09d61f4,0,1198.6740580586475,0
4976f6b1ac76,0,11556.286017706729,3
b61b7d8bf638,0,9254.365497815936,3
ce337fd8fc1b,0,3365.82562183144,2
325e9ab2c236,1,7488.7207761173995,2
891829b3ccd3,0,3482.1796378274125,1
2e2dea0387fd,1,1987.2657098726145,1
3a647840f85b,1,4555.836545506242,0
c66bb1ea4e50,0,4181.491029447536,2
1252fe53ccb4,0,2505.674911603572,2
6e97692085b6,0,16305.711087647316,3
cde0f8538d96,0,278.444593810978,0
2111d7e53749,1,2841.7769277762786,1
d0458775fb1a,0,13569.41481600327,3
1feef8430d84,0,815.3032574593215,0
a5f490dcb56f,0,1786.96976423409,1
503eb481fb57,0,3254.5081398437774,1
658b45b34fac,0,12514.949866276109,3
f99803ed65ca,0,2024.33036796708,1
8dbd680d4cfd,0,7419.733655064037,2
5288ca4dc103,0,11112.775031623785,3
ca1c3ec2acd6,1,2506.636684416571,1
da971a424bb8,1,5494.523652741573,2
c5c00e6e4539,0,12554.32413646564,3
c4ff1ef45458,0,3332.904605932195,2
8faf1d33df13,0,23209.355426883798,3
e09988f2342e,0,2660.46601062385,1
b47537365bd4,0,3621.8909416807096,0
ab90462dfbef,0,8819.478925304884,2
98fe6ce4dfe8,0,16882.29695653414,3
f0e1fab7da14,0,11063.92842606663,3
b7ee191316c8,0,1513.1886200414426,1
77c2fb13e354,0,425.11111980708154,0
7af9dd10a69b,1,9368.130039401774,2
8ce5d7d8daec,0,6185.324748724432,2
0f3e7b0974e6,1,10066.974298385787,3
8f32f52078f5,1,9778.439714578892,2
e31a377eb2f8,0,4314.084577849163,1
e86d0986c27c,0,4020.913537485024,2
3aff59365a3c,0,1156.4427541619257,0
33b934d978c3,0,14325.29455465212,3
b10364cb0553,0,15497.848628745836,3
c20ff2619232,0,6293.004184879667,3
81fd10f3d977,0,10707.120082388243,3
d11acce9ea18,0,15932.81542104478,3
eddfc293a6cd,1,1026.6815052791194,0
db6f8a0a57cf,0,1294.4383239992208,0
ea390e13c404,0,1506.4302636573677,0
7d044ec6f588,0,4464.0064418570055,3
044832864f9f,0,4432.902071434941,1
4a6bfa4e7a8a,1,6942.821763364841,2
754762ab70e8,0,1529.4028412213304,0
ed31b2ed7762,0,8395.645273158656,3
5541e2734cf5,0,9905.469310786162,3
acceddaf1d2a,0,972.8617383762625,1
a179e5f7664e,1,2584.9682056984557,1
497ebf28021a,0,27694.18074540034,3
57247d9c7754,0,2163.259796533266,0
a54674c7ab22,0,3504.083229898988,2
228e8687ec5d,0,1423.1714271205872,1
4eb84f612214,0,1165.8589018529917,1
07573f521bad,1,1126.7284054252873,0
e21e603c3c36,0,1639.9629939372028,1
77b7b2d86076,1,3127.8105734078276,2
35366d77a958,1,4828.9748310026,2
87002ae8fd0a,1,1277.812404179853,0
0b41a3a792a2,0,16670.385683718603,3
d30390cec108,0,5081.362542497923,1
d09128310b61,1,5593.793572732007,2
33c70be88e0b,1,739.3406077998956,0
05faa654c19e,0,1609.6460144445875,0
0361ab90569b,0,24804.66619207599,3
dd9317df1b1b,0,2330.1353871821643,1
86b678056717,0,5829.971870784595,3
377cf829bf9e,1,1722.5482428922498,1
a031af99962a,0,1572.7991672911999,2
dae4d86972ae,0,1289.230957096931,0
d6ea99556e51,1,1469.398914220368,0
95d418014c88,1,759.9822868796197,0
c9a777ad0847,0,3261.08365174776,1
3a3830890570,0,1140.0937924658228,0
f522b613df33,0,12275.049993571796,3
d8e9c67f925d,0,11814.928743418464,3
4cd8637d05e1,1,5234.845274847682,2
53a3855af725,0,435.63625834778446,0
f4663697c376,0,7493.591586754901,3
4cd675a3ba58,1,9469.205847718635,3
27731a5dad86,0,1081.3919841092854,1
6d5542c0aeff,0,13274.45665856195,3
917a88dd6f0a,1,2234.102438835763,1
ad89ad30aa01,1,1734.2191903878743,0
44c9ab898216,1,2581.8151620765375,1
132220e8a3f4,0,6956.502054154645,3
0268add04fec,1,6256.563757648471,2
b3a1adcfe44e,0,1795.992963069503,0
2cdfe1cf4400,0,2275.0400208528526,0
311f7e2ad67e,0,6788.649218872671,2
568de0efa225,0,933.7248577121334,0
2adb103efe1a,0,1232.578413558204,0
1efb385c3f55,0,8901.379688006196,3
b513397cb955,0,1669.2454857379175,0
58f5097d727b,0,4819.923953558528,2
6035915ba13b,1,24978.247890643193,3
6dc5e63cf35e,0,3060.4584974906306,2
463ddcdf54c7,1,3454.7485697721686,1
48268bde6936,0,8997.927980683153,3
95c63fb9d52b,1,4209.269194924977,2
58cb9c538b37,0,21233.70468683385,3
86eb3469376c,0,4758.999612422878,2
0a0a7fba6da1,1,5792.7132992611705,2
efb90de670be,1,1776.666601364675,0
479d99a4233c,0,1063.443431084728,1
8be3d8d4eae1,0,2275.299026191573,1
02995d93f025,0,2672.280595882774,2
9b264aaef073,0,1127.4081234359028,0
71d926407c08,0,2511.72499820997,0
12c94c240963,1,24443.058104384592,3
18a3bd76a596,0,3276.7081061036465,1
04f929408d58,0,30818.21491714188,3
d47026cbfb88,0,1933.3450296331416,0
fe3f8b50e34b,0,3879.7303799000356,2
3f3c9c9923b5,1,7980.5578689185995,2
3c98d2c24283,0,1493.4408732759096,1
edf1ee35a00e,0,3768.9036934484043,1
d6961846313f,0,2971.823310797364,0
5f8dec3e54e3,0,20056.57946817105,3
52510494b5b2,0,515.8190181471566,0
a50123f2c490,1,2842.6864957078387,1
51c121e1b382,0,14461.380248809797,3
e4a05485ef92,0,1288.9500965376426,0
bb46067f94d6,0,2676.1516723483287,0
ff280c29ce37,0,676.3635771444808,1
ba436a4c8500,1,784.1066389315159,0
7517ecc520eb,0,11344.916902302763,3
9becd399925c,0,799.1537608967703,0
953e3a58145c,1,9171.710368939266,2
c216e057c0de,1,3349.053480571409,1
341ee9806063,1,2288.397880223493,0
5e2961176efc,1,11072.041738006823,3
2006ec0da8da,1,3661.5906192438974,1
899c4c1ccf0d,0,1324.501093495067,0
1f4cf9691bf4,0,1857.210465420122,1
6f651467a3db,0,3661.146565473987,1
cb4c52ce2468,0,2725.8904973138347,2
9199c32ae548,1,8097.820170057311,2
4beef58018e7,0,6457.762206014178,3
e4d7ab31b4e4,0,4656.00456757045,1
f3af7512622d,1,4681.303200539247,1
7564a399c083,0,6142.820497634284,2
b4286e7b277d,0,2101.4734401368773,0
2b866148c08c,0,2101.2059911408865,2
e84c22932539,1,1151.4747610067236,0
3b907f17d6ef,0,9378.748454599314,3
06a827702dd7,0,3150.0087596713697,0
33b203a0153f,1,3455.57078610058,1
bf743a91f567,0,1261.540295575979,0
8e2df8eb04da,1,1290.9026592618723,0
ed5af8c9f686,0,4245.277278254943,2
26761f78757d,0,2703.308835251068,0
597b523c261f,0,7658.756901631723,3
baed7645fd36,0,1818.9166115086564,2
7f3115321667,0,3109.289206784262,0
dcfbc5e166a1,0,3519.230358019978,2
8547d985d99d,1,33337.471409571175,3
f1c498a9e3e0,0,14297.898279902254,3
abc4d1338417,0,14494.711534899126,3
aaf6278327c8,0,17818.20154124603,3
a18ceba54d3a,0,2167.5780466339475,1
f1a93b4b7317,0,6877.837244134469,3
1a5ac0c9419a,1,1426.795828057896,1
57661c423dfe,1,4557.266601481278,1
46c4f61d63ac,0,4754.656210711493,2
f5eb01479b8f,0,3917.0054033259885,1
fc7f699a73c2,0,5760.873489336745,1
8411b893511a,0,12412.284733350953,3
e0241ef1dfda,0,12804.634365501983,2
319c906ff38f,1,1382.8421662400117,0
64c2c4f39471,1,5224.355934953316,2
528999779bd6,0,2156.277415800837,0
10788b0ba43e,0,22889.988804445115,3
eac2b97996d5,1,6655.018430038595,2
84981713aced,0,16161.417500771193,3
0b42c8a13352,0,715.8375733866905,0
c5cb8531bc8a,0,1041.9542294643593,0
5c13a4c45cc7,1,22431.658376481002,3
3be90ad6fa93,0,2432.850548190888,0
6a27056a304e,0,9761.074343756942,3
b76907159002,0,10176.59205673179,3
b48c6034d584,0,7834.445405428329,3
5afec9a36685,1,8720.815249182624,2
71d72b880b46,0,2687.7251411189723,0
72ec7ca81689,0,10616.647780113753,3
7c60356d29b4,0,2140.37837914498,0
ddfe4103cb96,1,5901.943232707875,2
ff9d21fb43f1,1,10253.013191424134,2
a4fb17dffdaf,1,3706.609479992848,1
05974f8c1b05,0,7574.222557479014,3
a6e853bf1fe2,1,2722.667951549148,0
f5302d1970a8,0,24227.536352867894,3
3edbbeeaaf46,1,1682.4500551167578,0
ac382cdf9d56,0,5431.436579351238,1
6b119c1cf29a,1,2844.821885319284,2
b493a4bb3c43,0,2977.2317728045155,1
576e50a03079,1,2182.242747173321,1
95c1768782fa,0,13300.913743400935,3
f751a8842580,0,5745.495961135852,2
bbd9a4e43922,1,4413.395181792272,2
3a5ce17d8cee,0,4722.97835112398,2
27548af6dbc3,0,2930.6990641299853,2
f27412197e27,1,16433.403345190785,3
7a44e8e147b8,0,6323.526480235634,2
3aba56444559,1,11219.985193959435,2
d82ac5ae8690,0,1109.5002608149553,1
7235351f2b99,1,2536.2501752722433,1
632a34453263,0,1342.3219561508567,0
99e022e51f6f,0,3586.834320480743,2
366095eab12d,0,2885.077155382443,2
dcdfbf524438,0,5933.247867084218,1
49dd74e44214,0,29480.601936249128,3
52e641bade06,0,14626.050580998306,3
c5b8ff7a70d7,0,1860.1071785574243,1
7fe191da477b,1,3345.389793266764,2
c01105dc309f,1,22535.50297384228,3
45e4185c783a,0,7222.278881040465,3
65adc1da1865,1,19287.270533870233,3
4fedfaf6e23e,0,3229.9316835468576,2
19dcf7f62a8a,0,11732.228002829714,2
2204c0afafcf,1,1339.5489326762893,1
5a6c716aaf3e,0,4960.9164983405435,2
280f530c66e7,0,1249.4322979803962,0
d774e3b5c1ee,0,18388.676404208403,3
b993140a36ad,0,1154.3835375168785,0
2bb59fbb5119,1,2957.844295681721,1
d60b32bdc5f9,1,1365.0454094139677,1
752d49ba21fb,1,4351.25292045336,1
2c66a971e513,0,6599.095234915403,2
731fa161518b,0,3575.2548148060446,2
1482dfada9b4,0,6107.6929984106,2
29eb9763a6be,0,14485.109302090563,3
456b798f4f4b,1,7603.345889909838,2
f55c60d815d9,0,2872.6441242471005,2
4e631900f9b8,0,1010.3250835528212,1
9cf422f4f75b,1,1721.4143869351888,2
22537aa555b0,0,5609.255337731447,2
8e5dafe19a99,0,289.868507724964,0
865c651e3c7e,1,757.7725092325339,0
c462f7ab8697,0,15847.334258116196,3
8c563a6c8816,0,2808.672076492599,0
f329c36a2a4b,0,8054.244440768663,2
4380a444ebe0,0,6939.0175814827935,2
e844581b5083,0,1197.1326537630314,1
8592217f8410,0,10039.45904729978,2
703f7526b918,0,1112.6905085635656,0
c700b88d3fa7,0,4211.310260808699,2
1ebf4023f7c5,0,9469.9802327239,2
4836ce5011f1,0,7444.015144294951,2
0f1f88830432,1,16031.998776470482,3
728a8e057742,0,4112.801080152294,2
9d84e1112fe3,0,6063.232507861032,3
f74988d35a4f,0,3030.2916242381198,0
df8602aaba2b,1,2231.1468712684214,1
bd56f5cc876f,0,2142.999293142817,0
a78fde477dee,0,1703.4189729084028,1
e2befd6d5c85,0,1778.6847991881014,1
89a1cc4bf562,0,1018.6849419660664,1
30cf4af289d8,1,3927.4319024822325,2
958efc9c0d9c,0,9260.933764281368,2
7c87b6431cc0,1,778.3453754619809,0
36f46c8fc343,0,4397.562890154805,1
5f622b263c63,0,6797.746914149267,3
578c2431e683,1,4628.308241793251,2
cb6ed1511c4d,1,2741.107292986177,0
b943507c9af6,0,1514.6048177946268,1
cc37a34aae84,1,3199.890430421272,2
d51d23ab4270,0,3101.7867696256603,0
c248972f567e,1,5141.339008559976,2
9b4970a42cbe,0,25710.730839474345,3
b123bf75eb5f,0,1116.2835565725252,1
74bdd1c3c052,0,2402.7047408033955,0
8905c993beb4,0,5587.136148413235,3
992e72a3fd39,0,3428.172526282305,0
2e8a765b6552,0,9406.195393326767,2
6e7a6ffcc98b,0,2426.8980141460415,2
ae2060adfd38,0,4843.692245580358,2
15c3f7746795,0,14180.499163561479,3
5cb77c8a411e,1,4167.858471018886,1
a56eafe216f9,0,2018.9360561968856,1
5321b2c699fc,0,1039.336219180507,0
bb451a10b9d3,0,4865.864132099378,2
ff7fe907355d,0,5063.488505084026,2
0bb28d8c661e,0,2587.2573248394656,1
6ac5be17f0dd,0,1477.7819746662433,0
05dcf9c2a546,0,21993.720471717275,3
53c6f3dbfe9a,0,3257.8756626479494,1
628ec10225b1,0,1881.3267609168731,1
971d32ea484b,0,1716.001391435466,1
c63704636e9a,1,1453.8117983629145,0
373cb141f1c5,0,1675.1774513796356,1
58ffb07a1820,0,4787.19179175881,1
1e2eac58fc47,1,18389.439137521687,3
63f0e630ab79,0,9128.910650324035,2
7b9d9e835dc5,0,7427.3527466355945,3
c2263fc9bb55,1,6048.1992068940235,1
8f48d8eb32af,1,4648.787574060282,2
f7190d100e14,1,3347.3334727518136,1
8d2b274f3b07,1,3152.902481786092,1
d406893693ea,1,1667.913151056635,0
c41c1b12c0da,1,7411.374423824847,2
53fbb5f4e4d0,0,22087.440358376967,3
8863ee03b7a3,0,9371.537161348184,2
3c98ccff58b1,0,2779.392157330762,2
82022eea691e,0,5599.964291695172,2
dab2f9a7e249,0,3353.4658635010214,0
135b1fddca1b,1,10738.804501946524,2
cf5283d95cdd,0,13307.188094500163,3
321ab109cf83,0,2703.8212474069187,2
8beb88b1f58d,1,10636.515544642956,3
bb577e4929b6,0,2624.5019244689406,2
fea09c59c12b,1,763.3830517074558,0
745f30e2d23f,1,2596.3715941891733,2
a40bb8172861,0,2638.629645605735,1
78b8282df730,0,2116.8926209621536,2
01bdc8ceee55,0,2229.7426857753912,0
3dbf77746f00,1,4241.745014840466,2
f9b05f990543,0,4173.678476374688,2
26ffbe0bd2b7,0,1987.4716190180832,1
d0262e42acfb,1,5327.661531159846,1
68163cf544aa,1,836.4480823919993,0
bac4946c4316,1,3474.181333581129,2
886fe7b76ef4,0,2489.727694579817,1
8655b1a8835c,1,2426.9268192171157,0
0d2599b9830f,0,1648.0890770277804,1
9edf23db4d54,1,3445.889880200083,1
30fe604a2672,1,9857.132650856609,3
0398a3fa6ff2,0,4657.090611084763,2
283265ac14ec,0,789.4979235882766,1
d41233482d5e,0,16342.829642863528,3
d63884e2df5e,1,3009.7026322342967,2
927259fb4726,0,4456.736559097335,2
7a8f18cf23da,0,5186.818067653846,2
3132590b2bb2,0,5983.605794462754,3
3b912daf77ef,1,3282.4752550689213,2
eb918e484ecb,0,2697.886972531355,2
2547d2c9e040,0,16769.261883196454,3
83aec873f29c,1,1663.5656795557563,0
905435461398,0,13556.622585351695,3
9a05e14a4587,0,20608.502795563567,3
dc76823882ac,0,2086.994033416523,2
88f073367f33,0,5388.626107628498,2
a8b43a17cb1e,0,1286.7024234490325,1
4c06cfb8862d,0,4904.481203636318,2
b0a10f5813ca,0,8105.640533653919,3
cf26ccf5f6f4,0,23774.942548509138,3
6a068a51efe6,1,11124.25466202457,2
eb0ad3ab031a,0,26725.935471825436,3
12078e6f6a2b,0,11277.909295603096,3
25bda4bbb3d8,0,17087.84049728029,3
4ace452d7669,0,1323.176428289896,0
d85790c9d9fa,1,1993.6774697608532,1
e9ef2a5cf4cd,0,1403.9843284536896,0
a17dfdd0d022,1,2234.133526567016,1
3ea8857c6931,0,3330.2356660436067,2
89a300a14749,0,6825.705773806261,3
b175d23de53b,1,3817.9442285591367,1
6e9a53ef60d4,0,1527.77592536381,1
2f8226dacf78,0,390.9692172010349,1
7f7d9459f627,0,2196.9027078271247,1
adcef6da45c7,0,4518.301865186501,2
6177a3125710,1,1953.472382404983,2
aa23d1ece620,0,4073.8524067553963,1
cfd85f0c3869,0,3741.1589758514024,2
c463de212cb5,1,22491.956814234334,3
2b568e6b1e67,1,4852.59709745844,1
1ae29994dcab,0,3689.8932070138167,1
b019cbbb6229,1,1138.5516972215935,0
c8e374ab3d45,0,7229.59768373398,3
1098b7dc481d,0,3832.0245499069365,0
63b791b8da0c,1,10432.757074065048,2
6fc83fd5dbcb,0,13151.43649264353,3
cb83ed60beaf,0,1922.7819741010283,1
18dca841c203,1,6066.394510500888,3
41cf676d1384,1,5026.475919734028,3
4bb6adb20a42,0,1206.2784776718113,0
abfb2f8b7245,0,3610.977512307464,0
69d6f826c079,0,1546.7036272842886,1
6d6fd5eaa7c1,0,23839.360814259526,3
36864a3c9c57,1,12927.240155481999,3
2a9728282a06,0,7005.211905798055,3
be6ce569e15a,0,10970.187740010339,3
7c4368d3e462,0,2541.5801490943713,1
8d084509406a,0,19192.661915011857,3
ca5af5fc4afd,0,1571.884862497883,1
74cf2684d50b,0,1153.235859472778,1
3b00e50a8990,0,24465.326887339907,3
6415965c0f96,0,1947.4468075174932,1
ad59abd69bd4,0,513.8591654871631,0
71caacc28629,1,2462.7464924301494,0
f8e9ea8420a0,0,1056.8000160465906,0
4d9f076ab62f,0,5266.591460733659,2
c43ba9eda452,1,5546.968724419543,3
5027b78bb90d,1,10776.060939375573,2
53d0dc10e02b,1,1367.7334786228398,1
f345583dc6dc,0,2830.012451404414,2
f1ab80e48c6f,1,5042.477278321464,1
4139b1ea8f59,1,9881.098770316981,3
3639038d77ed,1,870.1193505993865,0
745a38eb3663,0,3951.1414119312794,2
64a0af27cc50,0,7796.777642747957,2
710922f96038,0,5247.178192569428,2
c718fbbd48d3,1,6463.865398807778,2
5566667ae4d0,0,1544.1439703263795,0
f8a7af462110,0,8487.305530622829,3
a8738fab74ca,0,3607.4463025439327,1
58fc25c2bf34,1,4228.374384229382,2
a7704a427ded,0,1083.7983893401886,0
bdc7c779fccb,0,2466.9393131645697,2
1c429d0c7f77,0,1927.6419391247641,0
4bd1ccc432a4,1,2382.7897186416094,1
e7ae5d509518,0,7935.330986540976,2
c465c95999fd,0,11555.081122800517,3
1b148eef7d08,0,1865.8304391818754,2
955e03f33bd8,0,3076.0239569977243,2
59108b1f0677,1,8341.75834563403,3
61b9b2d60401,0,11511.867756190248,3
c03ab22bc7ad,1,10424.90875842888,3
8313cfc62a80,1,8114.602339082252,2
1a11597ecd66,0,4888.047658656674,0
a15b2f0a789a,1,2504.3214002787026,2
7f9dac08153c,0,6379.50447921801,2
0c75e79710f1,0,14297.218486778322,3
665c9219237a,0,6076.736740663315,3
20d7f02c043d,1,10136.2614089659,3
50b3304c3e80,0,1595.3282669257815,0
83523c421df0,0,13685.423508991513,3
2ba43d9a4c3a,0,4760.935481635517,2
62ba14a5aebe,0,602.1937025762337,0
810a14edc1cc,0,2070.438052117301,0
c224a9f50a0e,0,8133.557738670585,2
920923ac3352,0,1100.6526887539035,0
ea41f98d7d60,1,7202.540510747355,3
7e8078639b30,0,962.2113588195176,1
5473d24ed0d2,0,4476.204424454126,1
edf2d0e7e45e,0,11073.510062111,3
ec98fbd081ba,1,18857.827900253887,3
e141e6d520b5,0,658.9506300721464,0
af57ae48709b,0,1312.7066563641665,1
094218942262,1,11375.840729049332,3
d797ab338afa,0,4030.199766332962,2
8f20a8b30b04,0,2520.4228479031194,1
5f55e661e6ac,1,8064.323687449684,2
7b8443bda29c,0,9347.577864809211,2
ed91a08f8423,0,976.824324165132,1
9806eaf68a44,1,1859.7434182818754,1
268361288a3f,0,2099.159030822162,0
624ee7b200bf,0,2893.732185963513,2
2b9fc853af2a,1,6032.412724204901,1
df63d0253518,0,2964.241516361497,2
80f998292cae,0,3476.6076835691374,2
f99126e3c019,1,1524.9348498739823,1
b3f433086e3b,0,8410.309497624376,3
d45f040a3a83,0,4703.702656801285,2
02bbc8e6ba99,0,13683.248996071552,3
18febf223fef,0,1154.0958029589026,1
430cac89666e,0,402.6387582383037,0
ef37e30d0444,0,8896.876497777735,2
959b37b76f92,0,23131.5858898458,3
baddf2e73eae,0,6230.763748520038,2
534d9244b3fb,0,1732.8939532483055,1
facd2ab80bca,1,3800.6307718119815,1
0c00c676ee11,0,4145.614223276032,1
658f50099014,1,2932.5123777534586,0
784ec5f9c748,1,2469.184248788102,0
0608d899bbc4,0,1876.6082829326742,1
f449bc367c57,1,6539.340206036347,2
03e4fe231c23,0,16953.96637819385,3
7f478b7c7817,1,5421.625088733789,2
dbbc52a1d7b6,0,15085.561082528882,3
b2e9e9121f13,1,5023.7887739960115,2
3d06189698e7,0,5449.563203211483,3
c080a7bcc16c,0,2758.457031747095,2
1901ba6dbc4f,1,4218.223138618137,2
4082c654ff6e,1,1261.3761077302238,0
af02ba03dfca,0,10724.16822051647,3
87b2a4932eb4,0,486.2177835753273,0
c130bdd5b362,0,31070.67667409328,3
292aaf723681,0,12573.712651480077,3
d2457d46300c,0,1475.2371656517096,1
56f8657f83fd,1,1090.5218298148704,0
fa77419dfc9b,0,16157.870288543036,3
95be056b0e00,1,481.75834204598056,0
0eab7c19bef8,0,3932.681439138047,1
e4fbea56760f,1,5463.801481976644,2
6bcbb6fc05cf,0,4480.395128285099,2
bfa023f4832f,0,2251.528872066228,2
e02610653fe2,0,4833.729232171625,3
ebde2b1b2881,0,9632.588693069327,2
37932c03fd71,1,3797.6120401707676,1
9909f2ab14e3,0,10296.640426920587,3
2849381f130a,0,14275.281768165265,3
63a5104165f4,0,2713.5212293262134,2
76483155aa74,0,2688.3558491460053,0
d1854ceb5620,1,4045.00686671695,3
c5f545149583,1,4291.1386337810145,2
132aef2717f6,0,6392.442891829145,2
c966da7fda95,0,1290.1762372786413,1
42dd68291d7b,0,9587.30947707155,3
e37d14e4d5f9,0,2321.39112089386,0
51a6559435fe,1,2045.8701100647072,1
4832827c5edb,1,3260.9824473877125,0
81bed5e00139,0,1649.2160362798197,1
e022aa6e181b,0,842.5114969800564,1
52d9b39428bf,1,8743.048074471528,2
c913b7fedb1b,0,1886.7977146871453,0
93738fcc2f39,0,3711.082055954053,2
aa02fb80a27f,0,8164.011079971756,3
d74fae206c30,0,754.8073006700888,0
6b1324d6d38d,0,13459.33400137206,2
5ba40d7d1e1a,0,8405.767947817403,3
4c2c0abfa965,0,11977.115348915178,3
0d5c626a2860,0,8816.504200813362,3
66ea609d81a6,0,4590.023527531824,2
3141146b8926,0,2757.8824613754923,2
d7fc378a8230,1,2260.866662911614,1
a439e2502b66,1,5103.649282567093,1
5dff2190f94a,0,8024.283198809885,3
fd5c178e2546,0,5797.637477274812,1
bcbf3aa9657b,1,13817.451246663444,2
0468fb506376,0,7338.84641753453,3
31150ed9f59f,0,18932.182322480065,3
f9c4757a22b9,0,2413.1443190602263,0
12ed81976f62,0,2467.209219195501,0
dcbd339d04ce,0,665.300001149375,0
2baf413d7be3,1,10388.398778618228,3
ca68ae82e11a,0,20407.13180731241,3
3ce574efb8a3,1,2018.54175138655,0
ff442695ca83,1,1339.523074676363,0
3a5948e4c152,0,11630.45763784474,2
8140ad96c64f,1,1605.755432084412,1
e9d600f85304,0,27789.521676159835,3
e7631d6abcf3,1,9881.737864883095,2
793c6505ae69,0,1903.9980737570754,0
871309f3f2e4,0,2781.2902850296864,1
2d5356d4c8c2,1,7780.412474918759,2
16f4cf28350f,0,10509.887926310992,3
08673fd79377,1,2465.5773178687436,2
b89e5b6a4e00,1,11687.334538509787,3
1a1c7fbec604,0,1272.2801953999146,1
afdb1911ea4a,0,714.9415780130987,0
17b77911df9a,0,1109.0447541521296,0
0664d94cfe90,0,2317.5635840962636,2
b5c23aefb2e3,0,2317.78463187289,1
8b816302c1ea,1,4943.183561522391,1
f7e841905d16,0,573.4892913344025,0
eb93066fee63,1,573.2707720491378,0
e1d549c40a8c,1,2060.363421192127,2
af053530b9f7,0,4666.069119562346,2
802f62c66ff4,0,3137.1351969043685,2
637b79c1afe4,1,29931.67360483995,3
5a619ecd75bc,0,2204.962711384111,0
5d24babc9316,0,512.5686592000702,1
8d64dfa01fce,0,1700.6167376209082,0
097e3267634e,0,11284.360626098052,3
6cc29c648435,0,1866.34327705838,1
8ab22571788b,1,13542.062897283304,3
f5dba67ef694,0,9848.937744475668,3
bf9e77a4399b,1,5590.819774182188,2
add5b04c57b2,0,23059.033277250197,3
3d1d651c8559,1,2597.802674737173,2
a0d2ef394dfc,0,2577.9365944889983,1
8c96d7cabb94,1,7022.0635956777805,2
0f209824dfcb,0,15210.71660837202,3
51c15dda0834,0,1088.6586919268723,0
6c20a467a579,0,614.8649766874821,0
5581f3a05e66,0,2686.33073470453,1
0bdcc3d13a79,0,1570.6274227456697,1
3d0ba03b4602,0,27027.970147358865,3
76a58cdb4661,0,945.5863835323178,0
5d2259387a0a,0,8449.207181102702,2
dddaf6de18a2,0,6965.465634062993,3
a1bfa1f87df3,1,1318.575992462168,0
1085eaf9f9bd,1,3881.1603313656133,2
de3e40a3daaa,1,6043.086301180186,2
a7992a0e91d9,0,2627.3027931970637,0
9ab5fbb515bc,0,12608.977229797665,3
501d09e40a6c,1,3314.3884926554633,2
79aef82c58fe,1,4046.328548939796,2
b7d176ad390d,1,6022.2124161767215,2
adcd8cc5d550,0,2715.263792905958,1
87862c82b3a3,0,735.6303132360737,1
acaaed3f0aad,1,4104.198178056727,2
ea926094a473,0,4173.179301393469,2
e7a25695d24d,1,9545.325505941735,3
4caee7d013d1,1,1566.9378689114976,0
fb36c299a6b9,1,4677.119085895538,1
5e42aaa8fd70,0,2490.573728680969,1
3e2e8f5862e2,0,3633.9388940480926,0
51f5187becf0,1,2471.9467153583696,1
2525e9e56f7f,1,4100.926551960361,0
0fc331379d35,1,1931.2825993448914,0
e13ba56e5c77,0,2485.0306392760563,0
a497ba0e6536,0,2047.024784236089,1
8420d2c6582c,0,5300.837526482204,2
c7c140f84106,0,818.3738320301255,1
30da82167910,0,8141.514680525076,2
2febe105fdfb,0,701.402840879048,0
2b73c0ec0d4c,0,3320.4186028019108,1
2d2830b235c5,0,20466.865263342537,3
fe349e16dc55,0,271.3165284642565,0
eb8d664bee8c,1,3896.680831762911,1
cb64e92553ec,1,19592.838566798782,3
74b06814ba94,0,6920.997151581776,3
e3f45bdca5f6,0,604.4321385491942,0
9d608d07d1cb,0,749.5023118378832,0
fb21688f154a,0,4044.527925841679,2
02044532b490,0,7909.927525659219,3
c9eb9dd958b3,0,8276.989463883183,3
6f3506b52acb,0,1019.4624886468744,0
00d9e7ca4fbc,0,800.1096858285283,0
5b8457b4c519,0,12001.407324419959,3
3e951214668d,1,13219.438322866892,3
5f7b4e13be9b,1,3128.3815002801384,2
e5ff738daf5a,0,5295.931768422874,3
4219d3f901f9,0,5380.031505232992,3
69823fd4483d,0,2574.9426978146275,1
f9419be0ccf2,0,1832.449950845284,2
b097dd863cb9,0,3091.5034408586994,0
1d6e3f06c909,0,567.7124016407457,1
a130d3654348,1,5880.944886257134,1
9425b1789aad,1,2033.5382108680624,0
da2fbca51398,1,8457.410026573569,3
cf63e761e61b,0,2832.227221016393,2
c8cd06038709,0,8008.290544151071,2
0a60fa9e5d27,1,7081.487347297235,2
7bc0a6a0cb8e,0,1931.1671909272009,1
0d8498ff8e0e,1,1823.203755505789,1
0cc201ce0498,0,1660.418599170404,1
7449dc69e30e,1,848.7004564361552,1
2cc1236353fc,0,2253.788009016065,1
ba290e1339d5,0,1749.7046417351303,0
be74b7bcfc1f,1,19231.890113527224,3
2b1aef3c92a0,0,21027.41395420711,3
afe4719bb70b,0,7703.802007579137,2
5407ab46a278,1,2154.641634869967,1
592742bee8e9,0,10795.487616290726,3
5d26ade24523,0,9537.988572468998,3
4beb44498582,1,9208.972284516998,2
69423c73fab2,0,2117.882356433339,1
dd91dd5e6ae3,1,1590.61488572652,0
0e8468586319,1,3093.3144212786938,1
07048c5b2f45,0,5475.320912896137,2
d5762a9a6eea,1,3192.329188648478,0
30ecdb8dba46,0,12879.506627818775,3
e19d8105e66e,1,1997.4106662707802,0
6354c4b05f80,0,1544.940520846177,0
a764f129891c,0,722.2741421749607,0
4d78b60d61f6,1,2402.465710763694,2
d3b145640214,1,3721.9402655813137,2
89d3eecdaa81,0,368.25905069231374,0
1301c761a065,0,10348.797028356052,3
0a3da9388ada,0,2338.4181633149883,1
e782e2b65a31,1,6190.417284234165,3
481bbcec70af,0,10047.08800031394,2
e9ad9dcf857f,0,9684.406687870516,3
b6483a9d9f96,0,11960.723465606505,3
b331cd08fe2f,0,5243.276432719519,1
442338a8a635,0,674.8141385847017,0
ef5fcc27b41a,1,3384.379533442435,1
9fdd25a74ab8,1,10152.614057780607,2
488699373993,0,1207.0522178127765,0
b53d1308fee9,0,1202.9470421213687,0
3982db58b6f3,0,1113.1417574625177,0
1cf7a0b0a740,0,366.3892354697416,0
384f73249c35,1,8475.15150315182,2
75ba4b9c9598,0,3728.2939099897044,2
ea00af1c94fb,0,11074.921315068512,2
ba37e6614050,0,3795.2568827561186,2
39e46dd5fed1,0,3277.8430639125,1
b19941e94ce5,0,1788.3362310782818,1
b63d729c9f26,0,2763.085825178514,1
de0c7947559c,0,6039.398376619616,3
1b04801f0c5e,1,874.9006325309418,0
66a529327709,0,20542.689087637544,3
6601e4dd557f,0,8353.196790814007,2
da64120535a4,0,25975.497412645433,3
c6eb76948dd2,0,4930.8918758462705,2
c3e9dac6982a,1,6270.614932902582,2
b7346ef0b0dc,0,1284.2789931951872,0
704fda3a2733,0,3587.752087669035,2
919ef697affa,0,5297.229445520723,2
db3b5c385486,0,1022.7586674159528,0
a7539c54245f,1,12432.15633353431,3
eea4fb899029,0,3188.736697102292,2
237b2fa017dc,0,2052.687177580408,1
44cf22109a56,0,3893.5955144745867,1
79b18e0b9b84,1,2613.4486514667014,2
bd1b7c55d2d7,0,3574.0287692462593,2
b97b046d59b1,0,23877.42915591263,3
6bba0ce3f690,1,4039.244532697701,1
2e5e5043706e,0,7171.5988853345725,2
2fc85c9ba1ec,0,3096.7474800437863,1
55befd61815e,0,10706.584507745252,2
c444211fbc0a,1,24509.414104153504,3
0156225de9f2,1,7040.080776295496,3
b6c4ba0c1f83,0,5618.352103198317,2
80acc4b23cac,0,1335.3259653057792,1
214d28da862a,0,6693.885852381561,2
77b40a53c1b4,1,1912.505677603511,1
f37d7c1a7b65,0,2601.3480535605736,0
484dbea5fd29,0,1152.7557142608518,1
0b3142fe41c2,0,2784.632460206671,1
1cb0fbd00476,0,2792.7286986406643,2
707bca3fc8ac,0,5410.309348527046,3
132451a63920,1,4545.065597226945,2
0ee8b561b702,0,7752.350378137493,3
3dbdb4348705,1,1445.2469809783067,0
95b119b447a1,0,11739.007229721488,3
64092a0c554c,1,6662.07454281479,2
0333bfa6bb0d,0,8553.565908513592,3
e715d21cd049,0,2002.5935669458195,1
f45297bffd95,0,4472.573344060626,1
c3d0a317beec,1,2054.142709278098,1
b262c2d3dc4c,0,8496.120819500542,3
431bb2c471f4,0,1056.661001003195,0
a4a1537b39c3,0,4987.787060374688,1
f54c53fb7217,0,4050.1497644040005,1
020aac2aa32b,1,4364.158583756426,2
ff47379ca8b7,0,4893.873197573711,1
32c6dc6da90d,0,697.1199970504796,0
7f0af25852e8,1,1948.9725802122914,1
ab39b27806f2,0,857.8492981315285,1
e3e6e20e2554,0,1485.0535241111686,0
fabd773e1dea,0,425.80786103701126,0
60d2f8a1ce53,1,3731.6676751460445,2
9aa068205ccd,0,5652.655198121229,2
79ba88fd33a9,1,7546.885264485079,3
f5db3c17d6bb,0,519.2769346859637,0
af3f441fa45c,0,1366.7096250370219,1
edc3249a28f4,0,830.2377917491491,1
f688c0ad8b79,1,10481.316566541453,2
3c07f96907c6,0,410.0651161149831,0
1cefa4d54987,0,3464.2672800724486,1
1159375c3ada,1,23680.218036728507,3
d6414cf842ea,0,21244.688500241184,3
de072dec228a,0,14573.9167365487,3
4b97f1a939ea,0,9118.876184759198,3
374e397455f6,0,914.3358663724513,0
db66683b55ad,1,8380.330184266115,2
5df336a15732,1,1921.6034956424328,1
3a6781b91d4a,0,714.4936022942055,0
68b47fe7fbcb,0,1428.6021698762947,2
9013ca205628,0,1673.6314334271137,1
3085dd1afd51,1,4346.404554087508,1
fefd9387394a,0,3472.380651706212,2
bd0880cfe1ea,0,2451.0333120385376,1
2ee3eab88ac1,0,908.7513328116978,1
b1d5a387539b,0,273.9318988435408,0
abcc47ad58ba,1,6982.950241704952,2
ce8916be415c,0,6338.2744651330195,3
93043b717015,0,8838.704164616069,3
aa26de5ad70f,1,4375.110417089462,2
ab9d08add8bc,0,4496.982408422321,1
06f29a8ddb64,0,15392.52864066057,3
8a05016e62b7,0,3999.7204152154163,0
8c3d067365af,0,1095.768410918909,0
4a0ebf3ff27a,0,6906.021156116781,2
9cbd2829a942,1,22878.39807531295,3
32501413001f,0,404.93752347903205,0
0a9bd565f71c,0,3192.6243315084407,1
25c6f6c8153a,1,418.1305474257215,0
a3d7693b457f,0,2069.2626079385464,1
e699291ae0cd,0,6113.410337950569,3
106b7b9d60d8,0,7994.694287363242,3
23dda25110fb,1,7815.084279649586,2
1a4b306f79ba,0,11380.690136410381,3
149fe6de9fb8,1,3646.8954297956466,2
26651498f208,0,3745.0055802665765,1
7ad0fef784de,1,2347.3752740577156,2
1c60524fa001,0,2431.320816290937,1
b5aec15ab65e,0,3365.7355377851773,2
efce5cc13941,0,515.028050007623,0
a5c37a3878c6,0,3626.8015423377315,1
54d998927446,0,3069.606558789954,2
753e258fea27,0,1979.5722830133843,0
45ad4fc5a020,0,10197.098044256581,3
4001f413064f,1,782.9140144643344,0
e7307b60c23a,1,3227.91120739488,0
2935da3c257e,0,16494.069983522448,3
695b4d13e291,1,8162.601212519524,3
4f7579b7ecac,1,5156.6056164516085,3
36ca1d4fe212,1,5165.640069835326,2
b772ede80a92,0,726.1557052734503,0
7733df25ce9f,1,8636.927914784874,3
a38fd97658f5,0,5241.813540435152,2
8767f1eb7acd,0,779.7282090222781,0
b317fe8c6456,0,2066.053018660739,1
fb2b6cb8719a,0,27853.601585270884,3
8a40d782f49e,0,4713.530694970686,2
eb578a7e7b11,0,1492.9604930373803,1
ed8039de18c3,0,20434.389638580586,3
726fbf1f8a6e,1,4302.404069136559,2
a84fabb545c8,0,1553.1021837687233,0
f977ef0c0e96,0,3342.3944087286222,2
4d70e1cd7e3f,0,16840.169792644985,3
7dfe543bcb21,1,1880.561398042033,2
d7972d7f7566,1,5751.128196229333,2
c8db1be04d94,0,2499.3359968948703,2
3bffccb7d3a2,0,2809.561269790456,2
4c7dc3edec3f,0,3929.261136161938,1
9a476ca5555f,0,4254.5639885363735,1
dbdc50d510fc,0,5601.53079570878,2
05beba266a61,1,4944.606438985194,1
3f0fbde0c74c,1,8669.03182395775,3
5f9ac20eb6cf,0,6693.468092092016,3
5160887241d3,0,9712.840183777986,2
4b1a3ffcc59c,0,3438.3658118350536,1
48843c377035,1,11316.470159312992,3
0339188c0420,0,9157.66726471535,3
edb941ea7355,0,22428.273551627313,3
4810cafe3db2,0,4643.131035088657,2
fe26df6383af,0,22244.501692406957,3
e0c31e66b664,1,7364.31074091127,2
d222e4ec7d3f,0,4970.432414009304,2
b98c15db6ba9,0,2429.7500046489386,0
4e4b70709a1f,0,1934.6712784059812,1
50523a7f85da,0,1070.4017888672663,0
5340e3712f8f,1,3424.7814880149963,1
396e54b701a1,0,1104.2728401681957,0
5fe512f6228d,0,1908.031217738728,0
fb7f0d430f9c,0,1521.0113452852854,1
44afb175dc24,1,8709.675141994445,2
47fc8d334d4a,1,4130.618204965265,2
2b7e1577dbff,0,2960.650148273126,0
35e4704d1f55,0,5579.6282275092035,2
e8fdda95e6ac,1,3384.773663569775,1
e0ce23b21a4c,1,2412.742761642112,2
ac1010695826,1,4037.753183139874,2
313fc08235d1,0,2001.4538124151181,2
dd2e98190122,0,1645.5691174288822,0
33ffd1f24a37,0,3796.931319996474,3
01cce9ddde5c,1,1228.5378846302513,0
df0088fda609,1,2843.06829280775,2
d2036da37c55,0,3530.745482833515,2
23a5271a98e1,0,5225.588945504817,2
0f1c1ed2e89a,0,3732.676939813534,2
528aa2111fbc,0,19405.70062159222,3
72bb2c418d6e,0,970.0362930062491,0
91cb58a5b650,0,6753.0910167293705,2
9ad426a1f1c7,0,1067.4470018151794,0
e69d8fab332b,0,27309.116502958223,3
286342d05520,0,519.4535072537877,0
73ce51eec660,1,3074.784446612246,1
c13de120dc9c,0,809.9504050748283,1
7a60800a367c,0,2478.531056543649,2
dc9bd8c803b7,1,1478.2354405962828,0
f03805cc4743,0,1036.5904490153266,1
03b5a086c04b,0,2012.2085935032167,1
f2bef2869ee9,0,8667.70102568546,3
1347e7432414,1,4218.723073433968,2
1ac5a534ed40,1,2272.958614484664,1
a8bff7c0e1e3,0,4063.1426834205995,1
2bccd95e00ee,1,5015.479364668674,2
fe256823af33,1,975.953741715724,1
c0e12b151fc9,0,1801.6384852392682,0
a8f36c8223f3,1,16257.561250557324,3
e3d75ed0e2a3,1,5743.389126915936,2
4fb8266e27a5,0,1410.2115658004273,0
2125ad3d7317,1,7128.121335331706,3
bc82d2ac5c25,0,15846.508662618753,3
3196c7c4b2d7,0,6544.025069933801,2
b83f51636c23,0,2955.952937898221,0
1ad33781fc6e,1,3110.9581111048133,1
71c33da90ed5,0,331.5089386709519,0
4b47f0384d78,0,6878.145460315311,2
afdf245e6a67,0,519.6779934960716,0
a82f72573860,1,12751.706617552209,2
2ec32c8fd510,0,5139.902174328144,3
7d0796e59dbb,0,797.7080218692819,0
766f4f1b0d1c,0,516.1217771094181,0
bbdcd49990c4,1,971.8102347973544,0
7f0f532d2ed4,1,7104.607657377908,2
cca9fe636600,0,1010.2037229685916,1
26a67929b316,0,3510.0069372733674,1
33f7f1ac785a,0,2982.926261332634,0
ed0085c505df,1,7474.701096850724,2
da1b552011c6,1,12152.811491052944,3
6f2193a96d7f,0,2426.0594781949726,1
262b65319395,1,7337.350350540174,2
de91a8d9c779,1,2140.2831731342944,1
3cd331ca9ad4,0,3634.6158202893635,2
1df5e279f72c,0,13725.228435700395,3
512ca692f099,0,1595.6998239386883,1
5afcdd971c07,0,2843.1249405487024,2
da947217d432,0,6262.781562377694,3
d3834461bc35,0,864.6450080145489,1
b7368875f7b9,0,12712.43563413431,3
9f10b694fa9d,1,3001.3890712760335,1
38f768b5648a,0,6608.6105260588365,3
d0812f3a415d,0,8296.249939217152,3
649c6bebd752,0,1157.3766485426788,0
3fd59cc1cce8,1,13807.11846339877,3
73ed8194ad69,0,2878.0387184069646,2
9db964bde337,0,1664.9222953382364,1
9fe02d34a025,0,19242.18817532468,3
2d05efb4431f,1,12454.856915304988,2
38922630931c,0,1617.9903841523414,1
37355a2d8933,0,15360.665224679944,3
a352bf3d00fe,0,5397.885911808451,3
72792d739946,0,1474.6929008308014,0
7319f3459544,0,2850.390139687939,1
bb8f990aea6b,0,12229.169597883129,2
e0892a3ad71c,1,10148.232496149225,2
23b6192a1c2c,0,1539.7710445972762,0
cf972619206f,1,23164.33513911151,3
dae04cc5ccc5,1,4385.007891866044,2
cab2cbcb8acb,0,1039.2762220606073,0
3e1854877efd,0,9444.62525865488,3
9ed2ce8103ca,0,2570.061261812378,1
0487bb2a185c,0,1411.971536795122,0
dd69090e2a50,1,3031.0018353865225,2
b6ae00590ee4,0,13876.43526607064,3
3ed42168a6e9,0,1191.5831126901694,0
707b3dac9f49,0,1140.0301062205679,0
702c076c29ff,0,3044.6882589581173,0
1d5f0c049507,0,3550.760936324236,2
3e61125ada30,0,6214.854056563667,2
f37a1f96e2e9,0,724.1626012061517,0
97471b8e8d7d,1,1438.163023500009,0
a3f57e637c20,0,7475.239742980174,3
e926a6f6b36f,0,12435.404458597844,3
6fef5a9c0d0c,0,9924.321764432127,2
e38b2a93ad88,0,3154.093506408001,1
4527bac70fc5,0,10217.098715415877,3
56eab95e4d37,1,778.6391106358498,0
c69f653c8f30,0,7018.309303415331,3
960a200626fa,1,8917.237959438693,2
b1a4131eab8e,1,3018.425639495315,2
a5a1336a886a,1,4160.20500733817,2
912802564736,1,6520.438191477844,2
a7ec023a16cc,1,1808.5173636363863,2
6c60cc7cad8d,0,3649.2173563222204,0
4adee92f964d,0,413.08579637850977,0
31e6b2b782c3,1,4193.70885104135,2
e1265d3f6311,0,2476.759648055765,0
7e79d6c82ad0,0,1196.147455353206,1
70ff90d81f87,0,2952.7835618919025,0
7c8d47b8c110,1,3181.5932933428994,2
548e3a4f0836,1,2955.4036965773275,2
88bcd862cbb2,0,1542.683855686643,1
0edc9d23007a,1,5508.435606501693,2
cccab5be1168,0,1969.8775324654264,1
da3a17568455,1,3748.9316211654536,2
ab81c9d9acf6,0,4956.128709826323,1
4cf000621925,0,16016.789691016565,3
3cab6f8684cd,0,11173.786721254297,3
b6cac10df42d,0,3387.7405225229995,0
8a89abeff220,0,2755.7332489635046,2
1fdaf98c99c5,0,1895.2638730972856,0
e2235a0f61da,0,14886.808202994202,3
c0581dc73f56,0,22082.301906349792,3
1392069c2f7a,1,10038.366322063055,3
aafc2fd21112,0,2817.8334113063306,1
1f187ad8a3a8,1,3936.8493252870444,1
c6079ef7f8c7,0,4674.409185416591,1
a95ac676f4b1,0,13088.689921551746,3
f958a1589869,0,1189.5578912770625,0
af8817cc6613,0,3732.6234172312716,0
285ee57cca1c,0,2172.4184239540414,0
ad8adc7cf5c7,1,3624.670699466343,0
69f5cb2705d5,1,5887.267030625169,2
21b5d11d5646,0,1642.471754991506,0
eaa1ea84c122,0,1666.4624416962251,0
652038f3dd4a,0,399.7931144635831,1
6ba41361cbcb,0,12760.693411160968,3
f4f11b7de89c,1,1458.570025819252,1
460e8cc35035,1,433.2658083308341,0
0cb440207eac,0,650.442190977188,0
74067e9af921,0,25322.188961697295,3
80e476088519,0,683.031333254655,0
4fd869671ca2,1,3496.424237448857,2
2994774f42ce,1,1500.0396514655627,1
b23c568025c1,0,1745.233833800235,1
6c81d2e87035,0,842.1669035915611,0
e7ee2aa289ad,0,6583.296100978988,2
fb851bc594a4,1,1615.3416454802793,0
79424a769b44,0,4908.7795360635055,2
923234def514,0,12377.227538735744,3
b40a8d1b9c30,1,2548.5303612073994,2
cc9a9b6fe0e1,0,8357.128840243226,2
df2f56c7c4e4,0,448.2775339149237,0
deb6a10b182c,0,1763.498160333386,1
85b48ecc906f,1,1888.384262258259,1
41944ca78a8c,0,7111.415353047788,2
80b44abf26df,1,2258.9880115677934,1
0bef171e6a72,0,583.1334753475905,1
7421078d8ecd,1,408.01613668987545,0
b114094b3427,0,4889.948273376903,2
a8d3f75787fd,0,12314.752649270036,2
f602f49ec7f6,0,12493.540719996452,3
ba7d2ee8840c,0,4713.644950690668,2
058d41e4d92a,0,1542.2463715349768,1
0ffbc2046edd,1,4413.969752036774,2
f0197aec0b17,0,4685.197246000922,1
babb114ef908,0,2479.551150590975,1
9280d53f7d13,0,1860.293234175265,0
b2346e1177f0,0,2675.499358647879,2
c5ee881291cf,1,14483.789836450718,3
5a2672cc0064,0,3948.770237349421,1
055e2bc4de43,1,4737.628371854951,2
95f6d219a28c,0,10193.082940377653,3
77b915d9b6ea,0,1371.8693003322367,1
c18342522dce,1,1140.9518506651727,0
4d83bf4bbbbf,0,2070.4705226729197,1
0186b7a1b279,1,3022.3789776735653,2
95869d85ae0b,0,600.0579705968689,0
12d5070f0d04,0,8711.790842909837,3
72e1d97c3874,1,6192.215208135528,2
4bf598c125d9,0,6438.573706435438,2
a47a008ec314,0,9465.276353743813,3
4b8234347c7f,1,20331.339358121117,3
d7e7edf87cab,0,19269.455034797054,3
1b674a43ff57,0,1695.6837102391232,1
51f895d5dfd0,1,11025.845802980779,2
4cd2bde258a1,1,2881.466833544382,2
fcf20aab7895,0,2041.16113054965,1
da938047c311,0,1120.9474404710866,0
228ca50493e5,0,4340.719004523608,1
3affeb70b891,1,2060.0594585519307,0
dcbada09f367,1,1810.3630677847452,0
7aa7c8f6a592,1,1616.3741972378725,0
ab0c6393cb1d,1,6481.3198984410865,2
dfec9e3d0ee8,1,8267.087309385033,2
c9f8760a8516,0,978.8581932354632,1
b532fda9d2e5,0,3509.85216610103,2
abb125273b56,0,516.927402072569,0
206d7128505c,0,4217.708021999218,2
fd336c81ece6,1,13084.327004896617,2
5c6bb075cc72,0,3195.299860560925,2
cb78c2d02179,0,8647.855553803338,3
882014159874,0,2088.9855578341144,0
1661bbaa8755,0,3298.5237431161154,0
345bec8e5dee,0,4480.251667682705,2
56f2602565d7,0,1858.29363708674,1
e0f185440c64,1,5581.613639132918,2
ee903a2ea6a3,1,2418.268921279535,1
8cf3e4b209f9,0,614.4957165030819,0
154a0dfd5b99,0,8812.149629828149,3
421b011ec835,1,7965.244773700368,2
84b3b5199151,1,14695.87252052065,3
89842375854f,0,1511.4285555284814,1
87f837fbca24,1,9813.06218372676,3
b7a34ca7d8e7,0,8591.481641016904,3
ba79b03dd674,0,4605.647420772466,2
b2d791382f54,1,11735.648453896201,3
f086aa164266,1,4229.935457475868,2
13ecd4d57ecb,0,13045.653950913593,3
f45f2a2b19f4,0,1756.6015115231526,0
1952697187e3,0,1002.0915954784184,1
5948bcc596c4,0,4152.102243340276,1
def7f2e0cbcb,1,1028.5332691654123,0
1f2e60a58a92,0,1849.3946823317488,2
75b11d56009b,0,16251.799838303808,3
11ad849af5b8,0,938.9736964971355,0
8cd597ccec92,1,3167.0290411918936,2
14645792c3e9,0,12095.875213992345,3
939917fdbd42,1,4687.887987250688,2
7d5965cfaf3d,0,5605.890444704295,2
a8aa0c942264,0,7426.746141113,3
65e71cafe1da,0,11991.824594722739,3
c600879e85ca,0,19902.40295018673,3
72f647ceeb14,0,3049.2015971175388,1
5617686ed8f1,0,1132.5942057728494,0
89d6e6c6138c,0,6757.390707322355,2
d213e344d998,0,9462.178758560813,3
6e1060de9638,0,1965.010415025807,1
1484d9e7c3f7,0,861.6147406283626,1
66b0b8798587,0,17698.48122556679,3
b72fcb6baeca,1,8012.91817802291,2
161d09a2ca09,0,14523.656848973911,3
56fba677d327,1,6303.531707988035,2
b4aa6d538a5e,0,3784.373488220803,0
2db953dad51a,1,1893.0709671737857,0
b62265fb6789,1,4861.077303853804,2
fddcff46f9e3,0,25507.22166922651,3
7fc75d291037,0,1641.3527562607421,1
23aadd96192c,1,2646.7768613487447,2
7047505b7093,0,2787.1340538173467,1
4cbc124554fe,0,6759.54631047503,2
80c64830a845,0,6675.914272457061,3
64e290f44080,0,8518.810342581204,3
2fb7f46b9418,0,738.0715487681468,1
01d785422318,1,581.5701828827125,0
b77b7baba3c7,0,7909.836921371741,2
4670f459422c,0,18050.248194871205,3
6c1287f39960,0,5066.945184073371,3
d58d8f1d191e,0,2094.542093836165,1
7ad442f41e61,1,2437.537313289532,0
d3f811ec9662,1,1122.0345892786959,0
5403840f22ad,0,1250.9601412496315,0
37fd7a188143,0,216.11619551299174,0
1a888b4468a8,0,1966.592220078378,1
0b36d4c29653,0,3458.219962501026,2
44df70b557e8,0,2895.837568188644,0
36e378ffb608,0,11948.26769611002,2
9ef49d841757,0,1109.1571780885938,0
ea13dbb247ab,0,21038.740819682636,3
3569d3af889e,1,1293.9988380951454,0
70d165a08f6e,0,2875.1633807307894,1
fcdeb034b3a0,0,23407.400650083866,3
3b6c05be683d,0,2410.829299718058,0
b46e62df2a40,0,2090.66897376664,1
71a146db4e14,0,4742.711606502189,2
f8e0dafe95f1,1,15312.019389634468,3
ea26791594fe,0,22177.551756547164,3
3c54f7dded4e,0,6798.324379005153,2
22d14947b8ab,1,14017.60249776033,2
6c7fceb53e54,0,2874.2314209757333,1
72eda3c1b350,0,2518.9190225377797,1
976ec5d45e6e,0,10039.919627066403,3
e8c3a4662e08,0,5042.531777809647,1
a9a417f9c546,0,1387.9598542096614,1
70542c38148b,0,1226.1942218060983,1
4f17253840bb,0,1614.9570518342564,0
767d70257bd4,0,1496.98844043055,0
5cbc7a3ef8f5,1,10496.138145813991,3
b423a12ab344,1,4035.7165690702373,0
85ad6227ba03,0,9558.162382926566,3
140a30f12404,0,9179.417830473409,2
9dda9ce44ba4,0,1447.777890775856,0
6d45e87f62c6,0,392.4035099056557,0
fbe867c09904,1,3296.2407059226316,1
6c7c11f76913,1,8951.718885404585,2
5b068a66b4de,1,1277.5323334533052,0
d6fca1401c41,1,775.5845442926067,0
22b3a857159d,0,4645.715767756148,2
df07db23f906,1,1795.1227007556204,1
7d85f1790665,1,4132.787505999064,2
a00fd44395ff,0,14524.995449777154,3
a4244036b7ec,0,1170.9010351989327,0
b6758c52cdc0,1,3404.354644611242,0
3f95f9ea6f2d,1,1114.8899809019165,0
f808b5ac2817,0,9874.326722236754,3
c9e175a4d4ec,1,5870.596792485066,2
644677f44e02,0,12410.462572657016,3
4444fd749008,0,2191.9517583036595,0
15faff4958ee,1,9940.745239885435,3
72987f6c75df,0,8074.087170933668,2
8c09f333e51f,1,2068.7369895728916,1
b673642e3dc8,0,1006.4991481421035,1
c9674b2befbe,1,21831.685090309173,3
d2ce34e30118,1,4270.543601370081,2
8d8216113aed,0,32273.02082928291,3
ec7fc24324d5,0,3278.5117716236055,2
fec9ca5f317e,0,1672.3724099627366,0
926951d4265a,0,1513.292084742778,1
c1e21fc40b30,0,511.05028794787574,0
388d3fceaecf,0,1454.5088069114902,1
ea14f3074eea,0,18838.089785431774,3
41298e7df73e,1,1474.1622896475144,0
e1de3a779e3b,1,4698.601947967797,2
82140ffaf218,0,1800.7552556602084,2
809235f45894,0,11472.739419093747,3
069aedfdb2f8,0,978.1259879195024,0
9205a1b8fc36,1,1251.3558798293577,0
5c80b0113382,0,842.3294010608979,0
084aaeda70db,0,7378.970934758564,3
3105dd7559d3,1,7861.90868281705,2
720dde3aeae3,0,1784.03981670572,1
035bf603611d,1,8577.580525429948,2
f06b3edde19b,1,2847.2214172851054,2
bd123c472dfb,0,1701.0330415944734,2
f700231f8102,1,3588.4226063688407,1
2daa00d65392,1,4901.3388175311875,2
99c267305e28,0,1079.5599231379297,1
b685c4118d6f,1,6556.709674411758,2
d13ad8613fe1,0,16424.910333566593,3
390a56024258,0,2358.2259389982023,1
81cdd0170391,1,10926.055054084041,3
c0e64e15d0a9,0,6255.552793292038,1
6118ceb5aecb,0,1857.34153183234,1
7e2559163a31,0,20647.534547897674,3
5b3e3a299e64,0,1731.8113170675008,0
ff10b5dd6433,0,1776.6697868361662,0
ca8c3852b282,0,2694.813138582129,2
a10b57083d86,1,3096.03288695195,2
8da2b48697a0,1,1203.0573500133773,0
e1b4c7bf7cb7,0,1985.3520567182088,1
9b2be0dc1f05,1,9876.371702582972,3
8569a5a01ed6,0,1107.6025429279002,1
f03a2ea90206,1,4981.007003236458,2
a8bf414e2365,0,28360.29154991846,3
0e8af946c2c8,1,11131.388384209744,3
a51e1e5a219e,1,1701.762215538188,0
1bb25589355f,1,5944.3319123745805,1
1a2e66576e57,0,472.0343589000507,0
a501f392b75b,0,2796.963136139551,0
bd53be620ff6,1,3796.498067481664,2
8369d289ded6,0,1359.9234958599372,1
b688ecc82bc4,0,777.7345956679776,0
89def6c219d6,0,554.6645721236283,0
7d8001a4a173,1,12930.155055885829,3
c56df7de5f0a,0,1748.8626846410682,1
0dd69dcc45bf,0,777.334380306371,0
1bd3b9757466,0,1665.2631790333774,0
bde9afaeda21,0,7577.58727441179,2
25751a31e3d2,1,4036.0206989631547,2
92095bf7c2df,0,7030.175217961277,2
8909e63d0d99,0,1779.6085538601674,1
0974ff073aa4,1,2210.1289497711764,2
59259601274b,0,7811.147299673069,3
335577d14d2d,0,24143.37158708527,3
bfd8bb2d30f3,0,5787.975749340075,2
2acba53e8fac,0,1769.5294859013502,1
2e2f291ce24c,0,4084.047575854181,2
1aa016c4d210,0,10996.097044965209,3
8135ec7bf7a2,0,15483.3854492313,3
f36b824782dc,0,1032.5874838034194,1
1cf674815416,0,26373.885606261694,3
da4c95807ff0,1,5964.245480952129,2
e0afa5aa1a9c,0,544.5379900345902,1
1a0fe6b3516f,1,6062.700979951245,2
b88422657d12,0,10593.389011510753,3
3fe06d820bbf,0,2518.4457149132895,0
ca77e090f0f9,1,12905.834528511225,3
4dbef333b01c,1,3622.9454614292918,0
96f7455b8383,0,1658.5699113905137,1
c0e12712b205,1,1217.7211012832704,0
7b3a039b8c3c,0,7276.26765211767,3
53c1a613fe5d,0,5606.751680860377,1
b5d253fbd7e3,0,2657.3330179478676,1
caeb6b6fc84c,0,3928.5969088105776,2
1598d32f795f,0,3365.617414787818,2
3ffe6a484aeb,0,1395.5830369826722,1
9e47f7a0d082,0,2801.3071151282925,2
c985fda464ec,1,5322.613611774728,2
dddbf3462549,0,1169.40074252504,1
1909fdd9c928,1,5279.303123228007,2
70e232b2fc55,1,5490.628115017148,2
4bf17cc67ab7,1,4169.653824258337,1
1fb96f7c851f,1,3230.492631433584,2
5bc88d028bec,0,1350.9953424832365,0
f77fba8c0943,1,10099.455843460346,2
0d58fa13fc54,1,1754.7963359149335,0
45098d3b6ab1,0,1523.9249480411004,1
6e54e956323a,0,3955.3923854610075,1
e7cf3473a6f4,1,13324.050987527899,3
9d50ba743b59,0,1388.251131680194,0
33d2b3a7dea1,0,2676.3655339244697,1
f9c693e989c8,0,867.512070860344,1
8dd8766e0b95,0,1432.9593685819946,1
d2b3aced3089,0,3521.8247885555684,1
1fccb021518a,0,505.74319448924894,0
95a9935c410e,0,8796.879692871426,3
39fc821d8295,0,16458.353755511802,3
0ad2f7d7d4cd,0,11167.57554838634,2
79d135e158e3,0,1152.438527145529,1
a1ea4d3d6a14,0,2727.1372012160723,2
c6988fc8707d,0,29582.299495837797,3
a30c12c3f4f7,0,2127.244670177033,1
9b5887975c86,0,2875.6990873634877,2
4ed03837a217,0,11698.085916817872,3
af77a4e85e3e,0,3874.9722700333514,1
2001aba9d085,1,8109.1509857079245,3
a21d3395055b,0,4149.7172717825415,2
3bea412976da,0,15067.54276412535,3
8402e80f85c6,0,13741.735696199514,3
1aa9b7d9483e,0,5416.318674075516,2
32d84677192a,0,15358.084590709424,3
67c6d107f57f,0,2107.7401284775333,1
df0ca34a29d6,0,1735.542680155825,0
ef339b4b6ac5,0,3014.3453067620912,2
76cc7acd5870,1,4028.0715358565367,2
54658f0d4ccd,1,1567.243208886596,1
e0ca60507c6f,1,11562.086710498677,3
94c99ed945c7,0,13829.943880196497,3
b625985a9d4b,0,1677.9978239730767,0
930a60606be3,0,1846.683545659174,1
a897abfd47d4,1,10066.583285516846,2
0657fb93a9d9,0,7511.170785659276,3
d6e6d187c779,0,1467.2930590051906,1
b835de822065,0,472.3769852783598,0
2340c87c2b44,0,793.9075279174881,1
c7a2140c4fdf,1,5171.9942298626975,2
97226bf95059,0,4349.6969874004135,2
1598f5fa0558,0,4489.844898205287,2
732afa61a97f,0,19140.40984173907,3
1ea563e2393a,0,1207.876822685596,0
3566e960fae7,0,3467.675746313167,2
2bb40c4a32a1,0,3399.8545735981097,2
ebd60055748d,1,13774.143121326786,3
e118bf3be43d,1,3419.471284633647,0
ac8239966ab7,0,1074.168627663671,0
e74d37f121cf,0,6595.39787377237,2
20002a3e9252,0,22428.32728567192,3
68502b1ec662,0,12925.742549251481,3
3c5d040ac17d,0,10081.738955066026,3
e500f2b1c807,1,772.9538398937939,0
8f3f8060aa83,1,2675.52325011715,0
f5a62c54e0e0,1,9474.292071916405,2
b38afffc462e,1,749.9109530936407,0
848bc4870d4e,1,888.6255074566178,0
af893a3cdd05,0,3948.6342606431226,2
9039ad221a2e,0,4810.21796657159,2
fec2c45295a8,1,2810.993675174438,2
f065d8c028b1,0,1194.3372916711019,0
4a843208320c,0,17279.222921435616,3
11bf984c23a3,1,3437.3090428970595,1
7cc33ab348a0,0,13784.197034762712,3
1e589b3552bb,0,1950.7048221536695,1
10462698d39f,0,10300.793417558314,3
5fb81193e95b,0,944.5803942826005,0
82e38f1b1997,0,4120.671425919868,2
f4804325ed2a,0,5770.279916281589,2
2b51a3145f7f,0,5754.62916515796,3
c501d19dcdba,0,1100.8019016304486,1
7ba06d653060,1,3407.547759516609,2
2ca322968a4f,1,7503.648741251295,2
89783d9efccb,0,1960.7330518422857,0
429e4f200cc8,1,4099.552698937454,3
93a0f10e894a,0,9654.059918140427,3
267d4552926a,0,828.8748271464657,0
b7bfd23c5069,0,3846.5625846990156,2
b8d0db218e15,0,4133.846531398026,2
d81976d3fbf0,0,1853.0674891124922,0
cd33f3bc8c8c,0,7274.8750072279445,2
6c1912f1702e,0,5520.311261021115,3
b3738c2a58ce,0,9561.871331235972,3
ff37aae1be40,0,6089.862680988364,1
a1fe7d78cc37,0,445.5860022923831,1
b622c9f1435b,1,7038.149861115209,2
5d3938fe46bd,0,2175.247385093392,2
68ef1ebd7785,1,16539.934857946486,3
5b222985b6d9,0,5523.889547592395,2
74d02df438ce,0,1286.8605052890566,1
0bc92f61b57a,1,550.1261374939571,0
53e6714c305c,0,2368.228018159194,0
e1bca1c881e5,0,2321.581655728182,1
bce607d6bbfa,1,6991.78083321976,2
2e21422954f9,0,5874.014323368969,2
d73261358556,0,11515.063256020423,3
694d0bdb7318,1,7256.278043790936,3
a9e62d3be01b,0,3272.8046400656835,1
cff07f991200,0,8070.171111318912,3
e7e1a279c642,0,4924.582426515984,3
0ad0176a6133,0,3240.5352140769623,2
f58cb624806d,0,4657.590938838565,2
47206460db31,0,1780.3957166443531,1
2b1669adbafe,0,1987.9041445903417,2
a0e64950bd1a,0,10397.729660600116,2
7900514d49d7,1,2251.9883906885143,0
e6dd3d1f58aa,1,5148.092919396002,1
9868ad00ed87,1,8300.593029068274,3
5f697e8fd204,0,992.5838206304738,0
98aab0e6f79d,0,2637.5721723900197,0
977223062fa1,0,25563.07067509964,3
6211bf7f41cd,0,1790.78417078853,1
6a9cdff24a71,1,6185.212044609633,2
63669189bdac,1,4546.028521724681,1
4c656857fa68,0,5272.227245351865,1
49617a108bc0,0,1999.7338276528758,0
b0dbf171a8fa,1,7101.611724648591,2
5d64eba7d331,1,2314.4937133664466,2
82ee992be8e5,0,2990.2058440916144,1
c6a240f97bbb,0,2820.4735747824393,2
96f44a3fd048,1,767.5591310371533,0
c8c74866b160,0,6240.950606788278,3
b5f98bf2c1fa,0,1780.1654650878577,0
1dbaf0b3e3cc,0,940.9976802321676,0
0be4f3a8a211,0,8718.292683834214,2
4897b7ebe53b,0,6594.084749036038,2
78d834aef6f7,0,22268.140159213355,3
a549ebac3a4d,1,9587.391079127217,3
f746136b5b1c,0,1721.3024403782265,1
982bfab20e8c,0,2026.1461311492644,1
72d6fd7bbbb1,1,6835.044376936827,3
b2387ee05f24,0,4933.035483136131,3
5fbbe50dfdb4,1,3407.13133543755,1
05bdcddc0b43,1,3820.1567489957642,1
86bd7ee03de3,1,3467.367943120466,0
04b55fe707ac,0,1440.2712379383015,0
d48f432f1991,1,8514.405162813096,2
38bf8f488dab,0,1510.075411044205,0
d915d7c81a32,0,1217.7821894694084,0
a4c49c02d090,1,17382.7703852746,3
f45142e9006d,1,4586.321682219729,2
5e4dedfd0c9f,1,9377.313576568022,3
dd6ebdf4cc07,0,17191.832712272302,3
a6f95e6cf9f0,0,2569.2124903045687,2
c02181a2dc64,0,1890.3287106168561,1
a8bb88ab94db,0,3221.5724756904815,0
3b3ce1a83b3b,1,1338.2291708914097,0
d8c876456b8a,0,2970.1796725095096,1
edd19af9d30f,0,8669.132100846517,3
d57ac8c6d25a,1,1083.8458060275093,0
d0682845e7c8,1,4340.932744821655,1
1f9a363b464f,0,7279.752636174874,3
f8fb73a467fe,0,3931.5566427984313,1
4316a28ff58f,0,5609.589594181275,2
ff8dd41304ab,0,2044.4100132019803,0
a0254d240e6c,1,1486.7854929482364,0
d623e1769d83,1,2277.3149750504076,2
ad426f0bf850,0,701.4169127749739,0
a21db393af9f,0,412.95713658150703,1
5c90eace1394,0,2847.0674711032984,2
56e97c45cdfb,1,16483.28047798358,3
4b4e49fa478c,0,1793.3613437258355,1
e3e592d7a0b7,0,11286.679854954367,3
feddadd48f99,1,3909.9234963395734,2
835cd09f0a20,1,644.5043519856525,0
ee269cd36337,0,1704.8765284618055,1
688cc5231055,1,20833.810199141,3
d0a39e8846c3,1,1748.6192370525766,0
816469d9d5ed,0,24116.509534496116,3
fafb7245fcad,0,846.4072933821286,0
8f5d2246c429,0,2039.566365602732,0
4349059e37b7,0,960.6283792831385,0
debe5472dc24,0,3106.872540651725,1
23e8ea001f65,1,3006.750882726645,2
f7669b31e971,0,1835.4082468654283,0
aea6a8bd199c,0,11861.775855767579,3
a02f64c7a05d,1,2750.4173430404253,2
05fbe1d4c0ba,0,5425.076447857236,1
8caad0de80dc,0,5785.1129451802835,1
c0af38f8ea60,1,9093.143577787247,2
7cd0499cac09,0,729.9051636216299,0
aa99d1a9e017,1,8882.360810779246,3
58b36a266798,1,3951.4613727968103,1
9ddbb1d6f017,0,6291.930176900246,3
30e1b8fce880,1,1415.4028779296207,0
2af35c3b9f48,0,3057.65802038454,2
1549485f2578,0,2218.842265356893,1
3d2fa8182463,0,1424.897030814848,0
b6e686ad87bc,0,1474.649615514228,0
9124011db25e,0,17586.826965486853,3
ed129dcb5149,1,21663.737487869035,3
6c9fc84cc3bf,1,766.8858023780741,0
57048b31508d,0,860.6374884053853,0
cdaf4cb9f905,0,9173.339034556217,3
2467694cc51b,0,1395.519312672808,1
4b593f67ad16,1,18510.215757099777,3
2020902e5d43,0,5123.822381321482,1
71ecd368491e,0,5860.0082042653785,2
d7d817b0739d,0,2336.387984641859,0
540378ba6b07,0,2304.101131020504,2
95365f273331,0,8503.082882936624,3
ca222ff89507,0,12065.253341396316,3
3daee551e0a8,0,2395.8120656981523,0
c18148775028,0,5053.115676779776,2
8138cf599598,0,1190.32374435613,1
6f7c2028dd79,1,1999.8406305439455,0
e5bfe68b40bd,0,3369.9898332359808,2
d69aae0c6f07,0,2024.2105563852144,2
4b7cf7d0c454,0,5666.920103012533,2
1f2d16aeab47,1,9373.10863661129,2
abb67875de18,1,3058.1100397837963,1
a6a08440b53b,0,1902.5573927964751,1
c7abfb7f5b7c,1,4737.52528183044,2
0b2f3bfa76ea,0,3036.990788082907,0
ace206cb0abc,0,24291.42063546767,3
6abbd1e76d4d,0,11616.937893237737,3
8fa4d48aa05c,1,6543.359432355771,2
345ebf1f4f52,0,3140.8280996269445,1
18ee1ecff559,1,7345.257151899674,2
4e6d31d8574b,0,1344.5430916465446,0
8a5bc797db43,1,12762.480296788677,3
eec3aff3ee85,1,1372.8213875310569,0
48d2e4b41604,0,2016.8293342021443,1
aae7c52e038d,0,2965.479772454083,0
f0085cd4b044,0,997.5636833841455,1
735869c1966e,0,638.9162301014127,0
bc5ea0216559,1,23305.814801271812,3
0c2d9e725be1,0,260.4242466775204,0
a63f705d1d7c,0,1790.3975050379183,0
3b7d189aeb94,0,5127.348121829377,2
653acc9631ea,1,11296.579060117208,3
f8fea02b4caf,0,7086.441389498657,2
8390baaef581,0,1279.8003525016372,1
934fc5cbfa9c,0,6396.3697239750245,3
c327086b3029,1,3713.848307477972,1
a74f7e2786c9,0,9863.204264434104,3
30f4141ca1ec,0,871.0503941984903,0
5d39560e8218,0,1495.0696731148869,0
4fcf5cb631f7,0,4077.111547440102,2
d876edab99b4,0,9098.95398373643,3
cf719250ed9f,0,3792.9309598683053,2
aaa9af37e4ab,0,7721.364583803349,2
f8f35853a5a4,1,3368.9081612863174,1
7980621a74d8,1,12023.023535159511,3
d620ad1af776,0,7194.234621751331,3
13d0299ff8ce,0,6353.520479875633,2
9f5a22c5c3f5,0,10645.905079048887,3
e83c086a7e50,1,10344.691359352899,3
7b52e82932ac,0,5805.258609449559,2
465444065d5b,1,5154.241375783583,2
447c9537bade,0,3860.7118694597666,1
04722de0250e,0,1916.8739256944884,0
cdf0180a1a5e,1,15426.61891535899,3
db78ada978dc,0,14830.357750652927,3
a00281d8a176,0,1930.4779624505288,1
b587e3f2c4e2,0,8681.02662610361,2
0b63b04bd27e,0,10747.85717237531,3
f0bf3e87feac,0,2669.668594428975,1
2044365bfb5a,1,8190.619504348927,3
2a507d99c1f8,0,1513.2020378081338,0
d105df348812,0,12881.778647458614,3
cd1251e244f0,0,2788.3378940950965,1
ecc48531755b,0,10507.686368339802,3
294850c33d0a,0,979.7631557760925,1
a051a439d55c,0,6923.332777919966,2
d7bb871aaa64,0,2996.1827786583303,1
3bba54e1183e,0,4858.651826477627,1
4265a6f3ea7e,1,758.0739747006793,1
ac71de415023,0,6867.673817667114,2
1a7168507382,0,660.756629213057,1
96240ca0baa6,1,2432.1241724207284,2
11de7bf75fad,0,8355.50994070473,3
333c1c810266,0,1028.7708827978422,0
a4e58b86c3c0,1,4829.885830053777,1
8b0f0b8a0952,1,4010.567209170753,1
fd689b243581,1,5396.463616926691,1
47cd6b074096,1,2737.2470197603375,0
cc220a0336fd,0,11854.253710973597,3
b9f089c99384,0,1685.5549957533863,1
a11b70942bb4,0,10628.464923908676,3
e5c36d27aec0,0,1029.7703014253927,1
79f7c9880e5d,0,1424.6139053952154,0
e3b680246a42,1,10274.778175659047,2
acb888d3d408,0,514.0062028785243,0
80eb8952543a,1,3741.767559572467,1
34f327e56b66,0,4458.365673731493,1
ea7dbc04eea1,0,7641.0722553996775,3
53b2c0a64a4a,1,1616.1047003016772,0
4d8cea812eab,1,4689.228320599476,2
17bfb57c1e7c,0,860.989742557381,0
bfef4a46bb4c,0,1000.15118825025,1
3a37c39940a5,0,734.7086698308037,0
e99d4f52f8dd,0,6229.487778015019,2
48885609e5cf,0,1435.9442980254294,0
9545c93377dc,0,14582.689215674525,3
b7de13363112,0,1860.106895516922,1
fbbdcd6cee19,1,9362.1487932152,2
58c724b9179e,0,3213.6663931921908,2
a123dfd1c06f,0,13877.428873905199,3
b13823878801,0,4935.792605073592,2
9abe920e46db,1,1282.7274126307352,0
9729b9505a7b,0,8672.611995361382,3
0f636dec6cfa,1,7392.246138387103,2
2d4778fe0b3d,0,5818.146812239134,2
f4571bba39cc,1,1240.4169025871686,0
5b00dd80ea7a,0,2967.0291565187285,1
e26b6ff46564,0,21011.721500234977,3
32185fef64ea,0,3496.2463603366973,1
3e0d59a2c22b,0,17381.85267992352,3
5bfcb2e31630,1,1704.1733587664783,0
07a375315c57,1,2929.703401955103,1
83df373d4e37,1,6383.447291219808,1
ac9d8e730c34,0,4316.999653646832,1
6718ed16fae2,0,1533.365731468095,1
4280dbeb3f2f,1,1624.3724254453336,1
10d54fd1748a,0,869.7348714825447,0
9f570fc4e8bb,1,1079.224309808059,0
f2ddd89db72e,0,2343.4653907408674,0
c781f4051d5f,1,1901.1185677340968,0
c6b08cdc854c,0,4724.419888831241,2
27e8b32890da,0,7451.441244057499,3
1cb911327f55,0,5134.382088163344,1
dbb3fe977b90,0,4856.797633862322,2
643092faf2c7,1,22732.33878546015,3
ed146a22e433,0,10196.707343509623,3
3f0b92bdb35f,1,1929.849527280674,2
3e517a98e400,0,629.3933121270247,0
76e103f48517,0,2037.8287859967197,0
b09a31b73f46,1,394.27945289304677,0
50b6670fe6dc,1,3334.289524444867,2
75d20aa51a12,0,6802.5323406197695,3
2f33d7026725,1,6527.842949943004,2
20852e483d84,0,21336.46516004929,3
2b375a4d5216,1,4753.21082003852,3
0ab9b36b6c4d,0,6423.683334381333,3
82e4115f2993,0,2707.9668198896497,0
89fdd3f809ba,0,8430.876975774394,3
d1a9f86fc443,1,2394.8571072775985,0
50523e5e0750,1,3202.826672547057,1
4cd9b8154bca,0,1067.0769731677758,1
ff0b01076fc1,0,1796.0052210870554,1
c4937e82e915,1,2360.634886459907,1
1136b90c649f,0,18921.879925886264,3
544eb0b66d72,0,3004.4744884694533,1
e811009b80b9,0,1048.4033056828587,0
5719721d2e55,0,6151.041536390082,1
4b225fa7039a,1,4980.111403080236,2
7e960ff82833,0,24251.57903926135,3
ebcf16b6836b,0,19403.69069059554,3
8be8dc4334b6,1,2786.840963923258,1
c5ab47b6a238,0,6473.864626278218,2
8a2e8b554eea,0,2391.369691882806,0
2a69bf4bd1c7,0,836.8492333103225,0
30170db0bb84,1,2774.540213418905,1
c7fa1a63c727,1,9859.935073831435,3
6013da37d0d3,1,10591.017303083645,3
0b136fa8e106,1,5077.251150042935,2
c856da613fd2,1,3876.6668449623608,1
b045bd89f2ff,0,2580.684092617641,2
1b597238c681,1,6857.158394042689,2
3ce9d6e74740,0,8863.42522413317,3
5780fc633f99,0,9278.347432330396,3
ccac190eca87,1,5395.117997573915,1
f23b6608b95e,0,3735.3242040352684,0
b9075bea0665,1,1899.4401677341532,1
6e499bef09ff,1,3284.4352119333926,1
a00ba8d74410,1,704.5542072405517,0
d8291ebb817c,0,964.0221257143797,0
2f69a12ddd52,0,7651.900154186291,3
9e4032c83568,0,9008.737345983945,3
acb9fb0782af,0,3267.6717854748945,2
9d0f280536b8,0,7142.0891973077705,2
f42fbe7bb05c,0,16552.14928278653,3
5deb39dcb345,0,672.6262661044458,0
41b7c839599c,1,4898.043354403854,2
8969e0832d92,0,3661.0075730648527,2
608eda4979f7,0,613.6719448369047,1
a9c89d00396d,0,4608.088242962593,3
7327e9008214,0,20781.798137154798,3
f5df4a65f703,0,18084.58560448246,3
184b2fdc4a53,0,2113.527903246164,1
ea10a48056e0,1,3242.7329356091414,2
1713f88a7475,1,1493.9040138292855,0
096f9c5c5be1,0,2984.8870897831507,0
62ae0ca8dd2b,0,1191.8788291960318,0
c9f3e92fa712,0,524.9770534136622,0
3c02aef7e41e,0,1632.8671539557354,0
a9fedd1e6e5d,1,2400.885749032197,1
69d34898f57b,0,13281.216065675806,3
6af6889e7e1d,0,6912.055542545359,2
b0c7f83b78f9,0,1498.1263182427858,1
497c007e798f,1,12678.96101764003,3
45ff94587249,0,6536.945528726754,2
77642a5354d8,1,1715.831277082376,0
f15523448db4,0,17773.065969378076,3
b8521144f8d7,0,949.4820936997763,0
c5b2c4398967,0,11023.872701113303,3
a2d5a5839224,0,3676.387776846288,2
677b154ccb84,0,10095.34794808704,2
db4c5424d610,0,3737.6388757907075,1
0ac4ca6e5be3,1,20546.753173207817,3
977e78f19d64,0,8497.259453068695,2
f0822457bf89,0,4477.7689548931,2
7e763440c2e3,0,8611.4581952158,3
bea1fd213474,0,2081.9659485425195,0
77c592ee2a20,0,2729.5549475713738,2
e6f27b052f14,0,7683.435331013621,2
09a4be8e4090,1,11909.71581845752,3
7766ce51cfa0,0,1982.183809531707,1
e765d32d7c75,1,2166.3918822406827,0
60f4fcbf0eaf,0,5032.53806049849,2
d0f794b2ad7f,1,7370.797931941927,2
5f9ecd135b0f,1,3111.820091378607,1
b710dcaa1cbf,0,1876.2732618355083,0
8fca2dc0ee87,0,7532.16759648084,3
6b1b62dd3b04,0,3354.6703112947707,0
af3e4ee33a74,0,13644.566257150618,3
d5a0860c503b,1,1660.3328701937583,0
c4132a48cea8,0,10475.528360726183,3
2439b1488684,0,8186.607267618306,2
680b9ea2bf66,1,3985.8793989285346,2
f1e9d52a4f4a,1,1991.1647147809076,0
fdf5ec431fe2,0,692.3609571978874,1
fbc66a554fe0,0,6285.168311101479,2
f9f0561fa29e,0,1577.689462429022,1
5bbe9be1d8a1,0,5153.803312532858,3
9d0ce7ae0e9e,1,4636.659643755142,1
baa803419d1d,0,1779.8775604363284,0
09ee054a9d7c,0,2467.804280587097,0
7e1d526de82e,0,8905.17399013527,2
8786edc488f1,1,6846.962728607732,2
258f08d7c667,1,1204.976859867734,0
fe38992e8678,0,2343.629571059816,0
d56a3e68697f,0,6875.5691939201515,2
1a9c4982ad4b,1,5342.013445202074,2
b080f46d88dd,1,1153.8999397829473,0
f1b295daa89d,0,3254.6201702516114,1
a6fc811e3df6,0,1496.2714560793809,0
11850f77e50d,1,3985.3563654782297,1
5d53844df0fe,1,11720.196941476632,2
a7d177009bd1,0,1461.364952573736,1
bed4c016b444,0,1173.4609635331483,0
199584f751fd,0,7969.525166872361,3
01202ee1cb00,0,1508.268821857649,0
f1c1dcac59b1,0,774.4313692205246,0
95168f60d438,1,5038.2203204919015,2
4ee37f457671,0,1206.9716743127574,1
b40bc1308d42,0,2688.841164745159,2
c01430162b6d,1,16405.683751375152,3
f52b35f7af56,0,3694.281962565619,2
86b3f2c72386,0,1652.94825716874,0
15eff64f7516,0,1920.9031127513638,0
0698654e7b7c,1,2224.6506300753244,1
32a585ce36ae,0,3430.189817884236,0
2b1cdd4039b2,1,2383.1388451160133,2
61c6b040c76f,0,9212.640538403959,3
f3e940af8e69,1,769.5017286898878,0
1e326b59351d,0,876.2077004529235,0
eb033a8f8f2a,1,2069.1416979227374,0
d23132f2b616,0,6144.145940842788,2
9ce642e8d48a,0,4629.415355919263,2
350b1b43bda1,0,5717.36334816173,1
9b6659e32b2f,0,2386.767972194626,1
209ffca5d3b0,0,2652.3583084410234,1
c5ee0cf374b2,0,1232.229677581861,1
dcdfe2bf19cf,0,3408.6766398951813,2
ef53ea85ae1e,1,4310.202811734313,1
6e44a01fdf07,0,2178.304894221127,0
7bae9f648b7b,0,1330.2223204205013,1
df17638c4e54,1,7478.578104334897,3
bd9326813376,1,760.5367061177003,0
23fe6fc82d6e,0,3597.942320951552,2
72d89a3c79ac,0,5635.526742760965,2
455b7c5805ea,1,3043.515523809939,1
4f96f36fd31b,1,6904.40825537809,2
00d976282c98,0,1259.0751327831695,1
7e08bd4e3e42,0,4136.839356221686,2
1d2481ce7dad,1,2119.12793883556,1
13cc77791531,0,6691.962544666964,2
c9f86ac2cc7e,1,7087.50999184824,2
93dd510b8941,0,3198.7455320457766,2
756ffa4c902b,0,1792.7593878957773,1
8d58508b8808,0,2105.626182522184,1
55f070e31bda,0,5225.147581476512,2
baa827d71323,0,16383.126560371144,3
da3e33e2a09c,0,2053.1592085698135,0
8dec9301c0b3,0,1508.5349263964201,1
8e8e5339a1be,0,1948.9711004025316,0
0a5715dfce79,0,3510.5871032995683,0
da00edaed119,0,9508.316042173998,2
9ace9d7b7df9,0,7109.932298373515,3
8c853239c14a,0,11880.232673814717,3
b0a34f90e1fc,1,5169.159697172933,2
74424a6a0933,0,4353.532717233321,2
2efeb766fb28,0,2112.6862556526403,1
95de261d268d,0,10243.153077421752,2
a6f719a460f4,0,4662.066644395454,2
8b6ce4828d9f,0,3057.1424818016244,1
2b86f246c71c,0,776.0821268437843,0
1b4151ad98c8,1,3066.2895589867626,1
3c56bd566b62,0,1027.7908625288812,0
a2d9d75bc90c,0,1328.5712821427983,1
267a82e6e84d,0,277.3465475981246,0
d1ccf7c84df3,0,2272.157654012816,0
80e9482464e4,1,5547.596024265021,2
6d170f40b3dd,0,5548.555432159556,3
d57cafb7cc18,0,11272.612559376072,3
eae1b9ddecf8,0,2120.840811968722,0
10519eb1bca5,0,6946.589738957145,3
2bc8cbc0cd8e,1,5491.878319196901,2
6600148b32c8,1,5240.09870006589,2
6ef1b436e1c8,0,2223.313504223595,0
f274cd847bca,1,5484.1861776786845,2
3e63b58c3203,0,1453.4846765212562,1
cd84266fcdaa,0,375.28131450010886,0
88ec1089e2c6,1,3752.8564296829145,1
1805fbdbe33c,0,4001.051966670613,2
fdb36bee574b,0,2532.559293819273,1
45d00013d130,0,2037.9662769495735,1
591b801ccb1b,1,2056.440077630396,0
5e5b0b2b74c1,1,1059.283825098858,0
866fc422d43b,0,9765.704423559766,2
f9111de060e9,1,6387.429030618103,3
f1379e88966a,0,2152.194963857967,0
27098dddeb1e,0,15137.177108319567,3
33057488f667,0,25413.79601037971,3
52190cff8dd5,0,2401.300947458815,1
ada4ac688620,0,26765.405532190143,3
e4c976c5ea38,0,2152.065829439127,0
09df95a0604e,1,3516.202830230754,1
9061ded65001,1,8375.057021027093,2
1053b0a9824e,0,4818.815732466295,1
239903d6ebbd,0,2404.3007137249856,2
47af94050c09,0,469.54206932638476,0
2025fb4b1d50,1,4449.531302594131,1
f29bd96752bb,1,2004.4385703974906,2
99af76680c1b,0,7291.060099984543,3
0d5380528530,0,8423.662561313591,3
b8cfee83cf24,0,1203.9825544038445,1
a08779cee51d,1,3172.3949928224943,1
e6166b1166cc,0,2488.00475592257,2
422dc45438da,1,6554.08205571358,2
b5746bbdebf0,0,23067.445345253756,3
e39856704fdc,1,4912.896146263932,2
2f0ddcaeca10,0,3214.9864670504194,1
6018b7c907d8,0,1464.7886021706036,1
91632782f2e1,0,3244.7190511826434,0
33bc6dcee9d3,0,6486.8673395922515,2
db418eb36c68,1,2353.4256773184343,1
919bfe092a70,1,6830.703568257213,2
00a2f844b049,1,25189.48793250997,3
0e6d86748036,1,7276.593727331594,2
84fd0de8d2de,0,1232.7847804567537,1
dbcc8cdad465,0,4388.465392042514,2
3479403c2e0c,0,1853.770891852446,1
bb3c74d3fcd3,1,3651.3418158032605,2
e9161a9b6063,0,10109.75244723467,3
068c392d2863,0,4101.901077352443,1
8fe4d4783e91,1,7186.503963720923,3
cb93e5d5a4ab,1,7529.585610783395,3
b801a7467db0,1,7613.370946267821,3
d786a0275d53,0,8216.149684246597,2
be5d07745838,0,1144.7611334770515,0
482d919f5ed9,1,3357.1872177484406,2
1d6ccecfcf2a,0,2553.4996580230522,1
540f1cab8c82,0,2881.268392907054,0
4a0c5e581a91,0,6409.4082271186535,2
8e77186d3ef6,1,16875.386170744812,3
025dcbe3437a,1,4045.8089657449505,2
80187d91c20b,0,214.4359091942942,0
e932444478ad,1,5044.971686404836,1
a4ab24cb6fd0,0,6027.463693536183,3
ead38027c0f8,1,778.9306979647955,0
11bfa87aa794,0,1181.8685870393408,1
eaa1093c7740,1,17511.844414381998,3
1d93d3966e3f,0,1479.301349618458,0
635802d2e244,0,2112.092663397563,0
6388d60367c3,1,3711.97040080787,1
61709528d3a2,0,12713.91870344039,3
4d313d416125,0,15122.524400522198,3
9a3396e797dd,0,12889.353167934258,3
2d6de7817658,0,1208.727875772593,1
6faa839aeac6,0,6820.282839642763,2
4f883ad54f0a,1,9160.539737935576,2
637f03a690a9,0,625.874266368138,0
037a1daa6f38,0,7832.2251331629595,3
2573c736b39e,0,2090.0882994859035,2
c836b2eccfd8,1,5013.667801473869,2
8e5ee6dec875,0,6439.541916720683,2
821252e4e472,0,6465.857844277932,2
a4bdb77ba7fb,0,12639.67228406316,3
6414013f4cfc,0,2918.907183143441,2
ba2651a604c5,1,18664.068771449405,3
f77bbb442345,0,2776.497298798861,2
08d7f509761f,0,1712.6248071576254,0
f8d403be8352,1,6552.085130184226,2
41003619c8f2,1,1438.011113730418,0
6a7ba33c96bb,1,4159.179146665153,3
6ffe665264b2,0,1232.5291554439414,1
31802a8c2b11,0,2120.9109375007606,0
548a84a1fdad,0,1553.8540888421885,0
aa1f43e99136,1,8713.37752474056,2
23e6c8cc5e79,0,1432.2965342995872,0
e9408cd95273,0,6759.115214363635,1
ff07ea24d46d,1,1747.9707307751557,1
cce802477f81,0,3766.3899409961236,0
a9c1d4b4e273,0,11680.566439764227,3
0d64a8fe6e56,1,2757.7068648175737,0
0f4933e9a009,1,4643.39759852049,2
a43a31599ae2,0,9368.660225014297,3
2f2dded47950,1,3258.312946638343,0
d4de3a6b6848,0,7202.787782260284,3
ceaeabffb6b1,1,3656.035712346344,1
c5ad2ae7a90f,1,1065.594327888043,0
fb5e84803e85,0,6633.573720160478,3
0fd96ddf3ac3,0,1530.7212023984819,0
0fa630a21dff,1,785.4110902848761,0
5e1f3df5e44e,0,3998.6887539250133,1
9ca31d1dc28f,0,9646.560082073094,3
8a694eab2d90,1,5298.204990848214,2
b044a565ccfb,1,4176.73916157421,1
e532aa20b6f4,0,534.9700704206003,1
35b64f7ddd49,0,950.161776644768,0
7ed9d2ba7a22,0,1692.8930659041398,0
1f3ba9f0e51b,0,23749.84903524685,3
8f964b693154,1,7425.665914944959,2
8154784d2817,1,5797.160600753923,1
f35f02463ffa,0,905.3243741091788,1
23d0ef9b4df6,0,7074.364243623782,2
d7a13deff62e,0,5045.564341954231,2
203460aaff34,0,22787.799164574757,3
dd83e424b307,0,2129.4931545767577,0
4768e58375db,0,7078.834856047836,3
76d66ddd746b,0,2371.2619138683194,1
efb3c14036d9,0,3440.736075443374,0
4790e976e9e2,0,3263.4087667260783,2
3546f7893e23,0,3465.6403375240857,0
af778214bb15,0,5715.033636040078,2
1a570d22ec4a,1,8502.290677134688,2
10a2997f2803,0,5083.366555966838,3
02b720eaa4f7,0,3732.1099760350908,2
d0d495add259,0,2919.901693726828,2
1cd27649e19d,0,6476.467254403565,3
399a2c79b64c,0,1321.2589694144592,0
96c7b2ad03a8,0,12278.317616313907,3
18bb5c45e9a8,0,4827.616095374449,2
629f68692604,0,2601.2623809613187,1
136d2a724efe,1,11911.746014306622,3
d23b18ae2da1,0,7712.478478174246,3
a2400db9af9c,1,1961.4337862988386,1
b8e2f517c894,0,941.1347159083784,0
9ef3e6265600,1,14076.111187307495,3
6d29d2839bf4,1,1299.619814809486,1
590737a09a7d,0,2203.502725992909,1
5916b03d7043,1,1570.7923821072063,0
c9ad021f0dcb,0,602.6956208085104,0
46c16ec2a097,0,12089.502935716862,3
16316e72b687,0,6367.945178342955,2
de0580212830,0,3554.766374168312,2
417c3d7ec940,0,9025.68366909733,3
4d6b94f38a43,0,2538.276878864088,1
18851b93a644,1,5884.37466476265,3
ac29602dc39f,0,5170.280414545811,3
3691d869d5ec,0,1419.236225271866,1
3efe202faf22,0,1111.6800541046348,1
edcfe61a4d7d,1,4760.45258273844,2
433da0a23486,0,477.2311103647518,0
9198e75bd4de,0,945.8709877677807,0
dcbd8918a7ce,0,803.6149831887793,0
88fccf6d51ee,0,1490.7514598457242,0
2176383052bc,0,2290.1517938814823,0
944caf622aa8,0,11153.99593355414,3
fce6edcdb64c,0,2421.2271855637737,2
d6cc7b1120b4,0,3714.910987659366,2
9ed02014ea36,0,1970.341978811086,0
a6f1a31bf1ea,0,908.9939734036317,0
70ea8f7e54e2,0,345.6199101826591,0
2cbcb4d1d60c,0,390.05422423044905,0
4657570a2847,1,1023.007186548539,1
9411e4d89c01,0,2404.126161166347,1
c1a4e452e8c1,1,4595.249496214406,1
a35d67507d20,0,17059.501276399915,3
07c56fa9fe4b,1,12135.47209484491,2
ea2491c99a0e,1,15856.124487045572,3
e1154ea021a7,0,6586.411460185028,3
242748fe310e,0,18333.291545592707,3
1a6fc2617e1c,1,1451.3263272185093,0
781bac43625d,1,6485.685503830564,2
f10c90a2e999,0,2037.3403460104535,0
85d9e0fc4418,1,1698.951261214628,0
a83f1d3b49ef,0,11025.803080842581,3
fd2dee67e4bd,0,4117.129228693094,2
dd092035c5af,0,190.196226875753,0
090993289134,0,5863.3665500429115,1
f2b1ecb42041,0,1472.7649312898707,0
be1873f147cf,0,1272.2936495391027,0
2c92995c6cf1,1,11435.796180735397,2
16b515065d8e,0,14886.964241302096,3
83eb820ebf26,0,1841.0614668089288,1
440aa0226c42,0,2825.882368621747,0
da330f206cd6,0,4065.1756008638126,1
2b146659f6f0,0,1662.5560279863014,1
8dfc4aecdc48,0,1573.0073285652181,0
1d379ecbacf4,1,21229.419360102835,3
a748b13fb128,0,24763.18117982523,3
793c46ed3151,0,2165.7903564875273,1
b6d3e88ba93b,1,6744.458564845897,2
39aed223d2fe,1,1710.906391856033,1
ca172b037e87,0,24651.43043012493,3
dc832da6c48a,0,5240.982114215101,3
81cf24635df7,0,2444.2620149348577,0
102412610308,0,1224.7148112433024,0
087a007dc17f,1,6116.1118093239775,2
1a759a0634b3,0,2635.9525222815246,0
620168b73638,0,1160.417103758726,1
830811951ffe,0,10897.065352809968,3
2fe35e0b9f12,0,2204.196176783986,0
b9aa6d0261fe,0,3036.833896839116,0
50e764ef5cc8,0,1838.088891875577,1
a38e4078a71e,0,2525.2451586903403,0
5395de359bde,1,8223.966861659064,3
38823b821b15,0,17942.336173074436,3
ce85b08aa71a,1,9556.39626724171,3
7f202faba3ad,0,1568.6416921394293,0
198fdc351cf0,0,15313.787064993883,3
88bbe43d5ea0,0,686.3624839046792,1
3a0c42837c5f,1,29308.346900868855,3
7638019c1fc7,1,12591.093577000578,3
5691a62b6ffc,1,5134.3163795014225,2
52974873959b,1,2278.32965460274,0
8f89f52c50ac,0,8015.473707906169,2
3b6a18f9a94f,0,384.96078044905113,0
e940ba52f185,0,969.2664793578983,0
2578c50d4b02,0,475.5883703170665,1
0ed0c65fdc1c,1,3623.6914586967764,2
abd807e6660f,1,2422.607216064562,2
1306876f4965,1,18102.754290526627,3
fbc7f461e25c,0,9055.976412714297,3
6bc5a8c0555e,0,2256.1340777386577,2
17accba38f91,1,14825.321508763014,3
61b764fa0fba,1,1729.4652073965472,2
bb11fe099119,0,4300.015559166929,2
f0ce29b744e2,1,2897.8756509110553,2
2807677fb709,1,25730.70274464829,3
801c87e8a960,1,6382.018423334939,2
47307c1095eb,0,7050.737138843837,2
76cb61f3f264,0,632.1542143913351,1
918355fb8e22,1,13397.841891125914,3
9f249b14f88b,1,8374.422279124461,2
00639abeb67a,1,7250.572041726155,2
466e8323867a,0,1326.4727667275702,1
ff4a5261e1e1,0,5069.925618707336,3
ea28aaeb4021,1,1236.3037657316124,1
318b99037933,1,3737.5257617754482,2
a01eed7b07ac,0,613.8800813568727,0
8e550f8433f2,0,9836.71706102431,2
8f812eefd345,0,5643.1737798831155,2
b386202666b1,0,8965.80702663068,3
f6930c2d1f7d,0,402.2143203607927,0
06005f6b325d,0,1205.087205157325,1
15cd66ba7072,0,12331.47007100073,3
5644eea95e70,1,3204.710867216954,1
aba414cf090f,0,1745.2954900005232,0
b50bb7affb05,0,3328.734872898358,1
9beb8f37aacc,0,4366.537570614729,2
888b70d96008,1,2348.6381764853186,0
e13f77799d4d,0,25841.498731384898,3
eeeaae397ac8,0,4074.9510143521416,1
d1b7d0b92e59,0,1850.6181125523722,0
60635ac1f739,0,6734.9038756192485,3
389019ea8346,1,1390.5694348043676,0
871bfde2185f,0,2274.9602678730416,1
ed7c3df4b6ac,0,1768.2237073091703,1
ae3b66673e3d,1,8107.493213018897,2
31749d33b032,0,6077.26145235859,1
e30bea487903,0,1654.2475312640324,2
21d0b1b2fdae,1,2178.1412897941227,0
57c81bd88949,0,5159.560240587499,3
62c5efc74b53,0,3824.2664730328484,2
e76f61e7df90,0,1873.1755291464146,0
d058bdd90883,0,2603.485818000304,0
12c7bd15b015,1,7260.550570810897,1
2d8d5b493a1d,0,1439.8477185426511,0
15edcd8b157c,0,9380.058673914746,3
43150fe3f8a0,1,1260.004759048327,0
d48cc45f7b70,1,3694.097703194556,1
c6eb2b0244c0,0,1034.850724842716,0
cd5a7d9a344c,0,15986.312435573464,3
f1a5538f4e4c,0,9614.966018319355,2
66153f2421e6,0,13304.60360960654,3
86e65b518a2b,0,2073.322828616339,0
e247c900dc10,1,10069.91144574786,3
7f8ef0634e60,1,3735.832403369207,1
122269f80da5,0,13582.246238575157,3
861e14b23cf4,1,1554.1812027733665,0
c34a440670de,0,8984.666076891368,2
66d31ac4d3d2,0,2514.777969568185,0
052325f020c7,0,12153.237040039056,3
9613a6871e65,0,3923.37812228479,2
71f7ac17252a,0,4662.717257700125,2
672404fea4fd,0,545.6056100402858,0
a1d39e38d995,1,3017.576465778504,0
ba1d5144d51f,1,22017.555870553246,3
ea1ea324d45f,1,2015.557565740978,0
d5674749578d,1,2335.800473581857,0
e6a0faf538fb,1,9485.461066275082,2
a9a9cd0c6fd4,1,1251.5180443055797,1
c4c956297f4e,0,3668.073803226714,2
baf3495c9442,1,865.4104181095977,0
1631f412bcb9,0,18752.494998697784,3
77834977029f,0,12669.742676890386,3
87979312f27b,0,945.6874981445691,0
b7fb3495492d,0,16171.807137916745,3
03c832184366,0,1871.9231904385322,0
6e35900dacf1,0,2996.3639199482504,2
f40705bd4113,0,17990.990582296552,3
3c62c6ebaba2,0,5418.41315102936,3
27743d9b3630,1,9631.7852309836,3
5b6a0d492ec8,0,1012.5239911405673,1
103ed9a4114d,1,12525.141073156345,3
c704bb9dd5a4,1,759.1387401329577,0
14d3d506aee4,0,1390.5289536023752,0
484dc077268c,0,3128.7069995547067,1
ba85575c47b5,1,6679.742129716622,2
3b965ef97109,1,3657.5286000218653,2
b9c78ac91a01,1,4781.106251184839,1
c6007ba7de30,0,2220.5678035643746,0
999d5da763ad,1,5173.5170748006485,1
353b03071be3,0,14029.486601796614,3
3a6859581732,0,796.7673734542758,0
30633acc5bc4,0,1178.2258020554389,0
c067e92bfc3a,1,2572.4921315842853,2
7d21e4e2ed45,0,4380.387706877513,1
cbb241773c0c,0,1503.2339631238435,1
689e0bf0f065,0,3366.969374462809,2
3ce5e5bf1cdc,0,2801.376975396179,1
52625bd98007,0,1275.8658387752237,0
836eec2eab67,0,24590.206141574723,3
f6397d25d527,0,929.2469701129952,0
da1f21e7f2d3,1,8323.70477854602,3
ba9a8804d6bd,1,21653.463832642363,3
9e5e8ebe2520,1,613.1640299023044,0
2fe71a8999f1,1,3971.2805761895493,1
8fed0965e017,0,1025.339689715368,0
0a82d862be27,0,1881.286549635206,1
d51f7b09a9c9,1,1771.9079653296862,1
bf0d6392e1c6,0,1162.762747140594,0
b875ef6c3e6e,0,9315.269285790717,3
f82d033fb001,0,3094.740307706349,1
5cf537b8af53,0,1855.8729299698996,1
159d5f2d8415,1,986.1370904155507,0
cbba39201167,1,7173.284615720297,2
d65044bc1f5a,0,779.6507161110071,0
4211a393b675,1,796.6771303744079,0
1af2496528f1,0,4372.883521709856,2
f66fe7cfb2a0,0,5224.48633424792,2
0f266bb904fc,0,743.3404289169357,1
bc75d50b7e7f,0,483.15428797856947,1
b167bd3e1e32,1,1409.1722040741024,0
87acc0d3b8dc,0,833.6764605699648,0
3bf948727fb1,1,18531.25445552299,3
c7607b5dd07b,0,11457.950562150101,3
1c9b60c0866b,1,6254.003178725835,2
e0e7c2745081,1,1155.1146052965285,0
feff16876e68,0,958.7980015272827,0
7f7b4aa65a86,1,1441.6578246887984,0
a4ddfa71ded3,0,2653.2776345211328,1
e61fcc48183f,0,2732.920033144451,2
c1b877de6287,1,1503.605603880236,1
9f9c1fc78a16,0,1992.841394303715,1
47b7d255b691,0,2340.347886827448,2
0fb1a44f9399,0,4675.277590152379,2
35dfefc1d65a,0,1134.2950399373806,0
8e3d5c6fd0e7,0,2683.269316153395,2
6349988aca03,0,16947.98468430964,3
266432a65711,0,1043.62306801863,0
91632f8fd9b7,0,1071.9596733063968,1
9ca14bb626d4,1,4415.6174058565075,1
2bd86f6a31fd,0,8257.736593106705,3
2a8a653cef4e,1,2810.211944840795,1
04f3924fffbd,0,1265.2970615948423,1
81be417a17a1,1,3714.1126462970924,2
61f1e833db6f,1,1265.3517486157643,0
a984ab401bb5,1,1747.6788285772693,0
b696e80f68da,1,3896.919991927581,2
f6b67d341237,0,21285.77610363982,3
6d6214213e46,1,19973.032984323352,3
764ae269bc11,1,7066.246966445831,2
d60872bb5b7e,0,6413.811404058302,2
05d377141567,0,1176.9693827214971,0
6601c5139393,0,2463.217194791221,1
2f8e3e95b295,0,403.15273199230205,0
5421e155edae,0,1636.640920735822,1
fc602cc6b23f,0,6706.462397546422,3
b2da5f341b74,1,6734.444062018787,2
583a5b61f61e,0,914.2133741422673,0
bab415fb763c,0,2681.1160510274412,2
c9f0a9248655,0,2999.4730143306533,2
37df764e2967,0,16517.269511062652,3
bf516f6baaa1,1,3847.8923758055785,1
c3437615315e,0,1695.4499962346067,1
4bd7bc5cac1b,1,1456.0927591085501,0
2d86f48408dd,1,18486.300501726106,3
3338161e37fd,1,9028.936438173692,2
aa1a59f11bab,0,897.6427728964971,0
1b57105ab22e,0,2113.427761583736,1
c3791ac5d2a3,0,1951.1618606890233,0
09860066d229,1,1995.0726420449569,1
89e96152278d,0,2373.5222545445417,0
a0980a5ed192,1,8278.5413514434,2
9b45c968f3ad,0,5444.408819543811,1
53f44874aa9c,0,13812.623246233548,3
2248be5725aa,0,2990.8314102858653,1
706ad58d33fa,0,3164.2264858505864,1
ae5f33be3e9b,0,1445.181001621762,1
a7775fe3b963,0,1737.2027275810744,0
d1bf4332cb3a,1,1638.0547491149937,0
ba474022046b,0,14222.085828892868,3
38c56f9e828a,0,10213.672898119241,2
ec8ada760955,0,10895.019925218969,2
32e817b04427,0,2866.3511009789363,1
7101f912ad0c,1,14163.08745876791,3
19a9a7b06001,0,2110.8554496253546,1
ebcbac22c5f8,0,5540.7585198580655,2
1ece3d159733,0,15135.881454848244,3
efb83a2d028a,0,10729.777420720122,2
49635592e6aa,0,3098.7175067974804,1
988abbd75aeb,0,1531.516198315277,0
53d9a7646283,0,4418.769020091973,3
56176555d19b,0,1681.2999559504967,0
cde70154762f,1,1835.743569678364,0
2581d07ef460,0,2101.6439087025296,0
ababcb2f2a94,0,11185.938114339871,2
3f7c59b8ab7b,1,1598.9431329863917,0
5d76eb9ea55b,1,6064.787017253796,2
8d3a3f43fdd3,1,3107.940254434892,2
05ea7b3617a5,1,2966.8092525358034,1
e80c3c02e009,0,10257.829310580417,3
aafcdc6e2323,0,18504.12773544144,3
41bd78920903,0,3930.5167425314803,1
139d8a94b9a6,0,938.5979016000406,0
abf021b3c196,0,5094.741627037141,2
91f5dbfa1dd6,0,3063.513012566239,1
256ffd8061f9,0,1273.8975009101189,1
0afc1b2e1e5b,1,3874.428362355668,1
98be1c7a8317,0,4707.746327509436,2
c45be40ec77c,0,2371.4117984139784,0
c237312daa18,0,17176.12306906216,3
a2dbd5df2dbc,0,1166.7122847298626,0
24d05880cb45,0,5713.528240504339,3
a6bf0de07ca0,0,1568.499248648544,1
151ee492761c,0,1342.9633699636124,1
1c32156fcdd8,0,11281.387574585968,3
d5db25dfc023,1,14697.540378409965,3
2f574130b338,1,491.36174203824544,0
a6b0a3141f3b,1,5622.50828542849,2
9dd29b5c667f,1,2431.1543068056717,1
2c30092ae5e0,0,3217.2746510234983,2
c0286bcd1aba,0,2384.5407099072,2
8c03da449d1c,0,2439.4737813825923,2
4161c214f252,1,27250.97560077558,3
319cdd857c94,0,2752.3277557398437,2
bdc1d7d89f58,0,487.3329938160413,0
06c5083175f0,0,2793.2125488291867,1
0e2f4b163bf4,1,4523.87653082661,1
36612e6e9909,0,2430.3766877152057,1
2d963f47434d,1,10937.031228804537,3
2b5b6452e5f8,0,2773.196482029008,0
a58cfaf6e61d,1,1767.6266210886508,0
231a583b0463,0,7373.314047413834,2
74fdb37ea476,0,1116.0620829224308,1
9d45dd897da3,0,2402.8304623818635,0
2fb90533fb0e,0,7601.656342124176,3
00bf12e70cce,0,8782.37929894099,2
1d7a43a12c4c,0,13170.64577373813,3
85ea19a3cc29,0,1317.103974399625,1
803e12568420,1,5538.4250752119,2
7b39756db846,1,14023.65819627405,3
f7d37ba1428c,0,7311.905182078854,2
5567d77b710c,1,11724.494501851383,3
f2865e47971c,0,17452.629896611325,3
a240c8394a29,0,11403.827978943413,3
ad3f75738e1a,0,3850.742168488602,1
d9a964396982,0,9589.176973687805,3
9822b6734d40,0,872.1053554826188,0
9b0334bfcc09,0,4729.314805788436,2
b0629943c1e8,1,3586.654537651077,2
95deeb31a8eb,0,2213.2997192381213,1
cae968c7483e,0,1739.9803539814252,0
8b0f165a9c63,1,9238.433121503822,2
6da70f9902f8,1,15071.014447594576,3
b104aeacebc2,0,3531.733034597654,1
98daa039ffb6,1,5270.047675869231,2
a80b3dfb124e,0,3604.835919231331,2
b7679a281abe,0,2294.3107384120544,1
0c0722ba34c2,0,1319.2016191404728,0
4d2a44bbb27e,0,7927.155617209317,2
ce01403bc44f,0,3514.7264050092367,1
758c253915f3,1,8345.346647953158,2
ff09ebc98022,0,766.5172881342281,0
a07f2402c1b7,0,4769.648489341025,2
0e399ef21e9a,1,1750.2502194642313,0
f7095c31d704,0,2303.031933179783,0
ed3e8c04e168,0,628.5423040142224,0
f9d9cf1ad341,1,12453.012109446547,3
8e3b051c1117,0,7913.514559014244,2
78c6eadab10d,0,378.59757112696576,0
a807ab5d4ee4,1,2647.8395693559355,1
e02702735313,0,1482.8069998634146,1
09eead88d19c,0,4382.86144595032,2
d2d32e117a3b,0,6696.536995974761,3
bbaceeed4880,0,23439.42113410319,3
b7eaa54fd890,0,1412.789721425531,1
9f807e417d03,1,1480.6597848399283,1
f655e2dd983e,1,5383.767093564828,2
c2c76b79207f,0,10425.978302068035,2
d7a0c0918618,0,20503.09912740672,3
c93c72df4665,1,801.8352797148746,0
25ae8c92fb31,0,4499.231174786645,1
3cdf3a90d424,0,334.67640260546125,0
b057bd778999,0,1806.5396137054772,1
3dfb73d75b2b,0,4642.611367938128,2
11c96f988961,0,11725.916129408553,2
de2b30b7e874,0,1258.8966992865398,1
3dadbc355486,0,1784.8627857681447,1
70b23b6b9646,1,19455.444680560737,3
154d0dada34c,0,4566.8498231060175,1
daba5f65d708,0,10963.834408481418,3
77ca0dbb7528,0,3310.282612697259,2
d09ebe271f08,1,3783.3364155096956,1
54edd89cc64c,1,3679.0288422118315,2
92c56b21172e,0,5651.189688865074,2
dff2e9aa4f9e,0,939.7847434648597,0
ece0694c89cc,0,1169.9368845739102,0
c30cca67ea7f,0,7629.8421017504215,2
b95589135c99,0,2381.945437368887,1
d1ef543f38bb,1,7498.278010842022,2
9c78835b5011,0,561.3757171060611,0
8e3f85ac6d9b,0,5089.46880779446,2
599a9e375b3e,1,7581.008864168643,2
9ce0a3e1e2d3,0,7337.853766745445,3
c73b4682834f,1,5406.960468070386,2
b07524637865,0,5359.253804084133,1
7317632bffb5,1,2304.043386355063,1
0415acd0b80b,0,806.8418288840475,0
53616e213967,1,1299.9801871622915,0
fa3a24074c33,1,6939.6241568853375,2
cec65e631008,0,10922.483015949008,3
34df255bcbe3,1,3356.4632429195467,2
974fa4b8b98a,0,1577.8837599633266,1
b46658a28f3c,0,7387.391394607281,3
c29fd6380a14,1,4065.1203471512185,1
b53fedb181b1,0,405.1315617839905,0
e003a2a2c304,0,12353.770426737878,3
12b7e18b3f13,0,6247.014649093689,2
44293c24ed77,0,9808.851808449523,3
53a8680be8f9,1,11689.783967586787,3
6d030cc1a4c5,0,4643.743499457641,2
e9e21a97ed40,0,609.344334096891,1
f87a310d9519,0,2681.930067591821,0
b1c300a8845f,1,1838.2370322711197,0
cf1429e53460,0,1344.6639582759885,1
12dd57648db4,0,4706.27317249175,3
dcba6b5c30e2,0,1393.4532041921561,0
d0c977073c93,1,3571.4854415109257,1
00df6eed32ec,1,5387.097953004561,2
53ab4a82fcf3,0,2638.348696072265,0
6f715fcf7103,0,2427.0664587894858,2
1dd5f5e295a6,0,3570.0407920849966,2
b83dffe705af,1,1472.9778038934098,0
e2c0d30471a6,0,9968.183997247019,2
8d9655773f45,1,12843.925661398733,3
9b30b0d78846,0,3659.3377051717066,1
12c6202c3e0a,0,860.1291910535812,0
e4c11cefa8d3,1,4659.199325472656,2
bc319f3aaf1b,0,3479.500427472823,1
1776071d8c10,1,1322.2499608929206,0
ced367deb02f,0,2116.6286484104367,0
af1980c92147,0,1256.5178072785131,0
4d120cfd1317,1,3815.2138559750492,1
1ff93d26c2c1,0,2566.6260469773156,1
9f16f84abc25,0,2724.8760455435377,1
ef517875b2d2,0,1712.6085361861333,0
f6e3e178bba9,1,2420.614747198547,2
aa18cb12a5c1,0,8744.15428636957,3
4cdb49f966ba,1,11161.309636134825,3
f805e0edab2d,1,1681.6904604948447,1
74008c0c85c0,1,4979.316432637297,3
13b9cbe2167b,0,3517.2422330970476,2
32cefa1deba9,0,644.863256225691,0
45e40e8ec3d4,0,15846.707019381585,3
1371a1b30994,0,2211.624198267042,1
07cf779e7232,0,986.1690568020863,1
8a138390b9b1,0,22672.69707370069,3
3db143c12798,1,3725.121363209975,2
96ad0e33745c,0,21795.53629533446,3
5ae9d3a3dcb9,0,5410.38020843113,2
ffe2d8fa3ab9,1,2554.720443652851,0
2e901f0d3dc8,0,3474.289533812489,2
ac5e5a60152a,0,1716.1267234825127,1
6c6c12cc0fcd,0,7166.692888966926,2
bb23123d2169,0,892.9278003591012,1
d1aa7fc6aac5,0,3667.293649249777,0
2a87d6f9fd18,0,7429.23079985141,3
79a7d9f19ff6,0,1008.8876461178241,0
063e5bc58b90,1,1296.9389693914675,0
12d038d22b65,1,3721.078794559451,1
146d025cfc7c,0,6824.093119123006,2
10dc03bb19d4,1,6309.592122769268,2
9b1b2b43184e,0,10667.941963736894,3
10cc873d28be,1,10919.53748761509,3
28f6ecf19d2f,1,8717.84062124323,3
65fade8ee8e1,0,22004.670231364813,3
10e9aa8ebcfb,0,14962.330884870713,3
5a983bc51d61,1,9865.791857571023,3
571d41011a52,0,1108.9406787685402,1
4b761fe8758b,0,1992.0806415579027,0
96b63b349a4e,0,8606.013640374667,2
4cf2a39cff1f,0,1107.0349526079785,0
38c34b0ed776,0,1139.4646149558157,0
ef31ba0a9456,1,4641.185231526625,1
2217d8a74024,1,984.376984238065,0
7f28281fa884,1,2693.2557154742217,1
d028211ce6f7,0,4500.676630003662,3
d6a38e3cc91d,0,5424.488007730605,2
e050eac91e17,0,914.7364041606768,1
d25ee3c26fc0,0,6215.690296242937,2
440304ffeee9,1,19711.816518485564,3
2582b44741eb,0,3000.1844029464514,1
00a713224651,1,12228.358323882512,2
1fdca553c13a,0,1439.9321258595166,1
218d83043903,0,2955.6285923342903,2
aa8e29ec60d6,0,13449.432686829525,3
889d1ea11f4b,0,1995.2705367677809,1
26b022ea1474,0,2420.174835635478,1
2b27d13c8b9c,0,7384.141733800843,3
3daa9f95b967,0,1758.2669461281362,0
a9d1f4bcac50,1,4674.628314384904,1
677a7e6cf205,0,2553.968868377047,1
1587604845a4,1,7725.759025584747,2
8e6d59502198,0,900.6491302153921,0
bf854ea6effd,1,1477.0591468884065,0
534d5a43e3c7,0,4134.686980202976,3
01c04b8a3d07,0,1347.3490985818758,2
75b9f3de91c9,1,6582.530540156231,1
41fc0fd3f61b,1,5392.429353187073,2
228af3c08e59,0,3405.803185243635,2
c8c65e7170ea,0,1893.7784611512704,0
98e0a20c1c76,0,4586.43052709197,3
40ff2a461487,1,25392.203943121665,3
dda1b2ba320c,0,10149.636057692127,3
86a6da05a263,0,1259.0632117083649,0
a0b9e0bc35c2,0,4360.864314492241,2
a86d8bf461c9,1,1273.4084270074834,0
209a4a6bdfbd,0,10259.176335828783,3
667df87b9026,0,4475.072044650926,2
d2f40852620a,0,6666.852512765537,3
e8bf0fb9c4bc,1,10507.078159756606,3
d0747eb6e5c3,0,668.6934596495491,0
f9c70d121f4a,0,940.9213046008308,0
551cac0fa2e6,1,3299.2545281408934,2
524ba64ae0cb,0,3966.553965331111,1
551cdd5199b2,0,3560.6838618411593,2
ca140a94bfd7,1,10893.678619352935,3
d800ea0902ad,0,7495.287848649829,3
0904bb3be127,1,1618.1572163125488,0
6e1dce185008,0,11385.55189886871,3
e5ffe2152be2,0,6861.794329601443,2
9b6f534e43e8,1,2116.7285464354577,1
015144d1543e,1,4025.684913560925,1
e883c1999270,0,1144.5037012501086,1
ec57f7ad1969,0,1037.9890312996981,0
f713b914cadf,1,3543.0263797433518,2
06f4458c07b0,0,616.0411684118924,0
872a4f5ce6e4,0,4256.449405767708,2
d2f56c3f361f,0,3384.8009569802166,2
cf745c3b6cf9,0,2565.7782434257774,1
b0b5e9c42e83,0,2152.729718902859,1
5c59a93ceb54,0,12659.203676038343,3
3591465b5e9c,0,6360.733562243564,2
c4b250242911,0,4108.168711938304,0
c4d65b0e099c,1,6460.6677014044635,2
9e02a8fc0189,1,2403.960097949263,1
38605282aa11,0,3706.0245643327826,2
d5403641cda3,0,7792.832485944193,3
559279b2a650,0,15237.780520732016,3
1d40a06b0b69,0,14258.6529326113,3
de6e6e159940,0,133.73441267391723,0
d9fbafb7d6f9,0,807.9527084579536,0
9110a8a4337a,0,4408.982697640146,2
2b908613badc,0,1110.6331319890983,0
59ebed4631b7,1,1954.7581850570298,0
fca1a35c085d,1,3216.719234077877,0
6cdf8163bdcb,1,3856.065220936365,1
385c2fce15f4,0,3347.3627340487014,2
20a7a6c535bf,1,2500.2309614147694,0
2858b800fdcf,1,3899.252068971421,2
5396556b514a,0,835.7925815102823,0
45f5f02a74bd,1,1165.2935975466455,1
91adbcd185ed,0,15045.241339394279,3
4fb60ad0774e,0,1645.8771301708407,0
b1daf4682f1d,0,912.3560426429582,1
3bf887857685,0,1231.2581060279442,1
692cd2c9d903,1,1529.0768837346432,1
37a40302e332,0,13806.32788845393,3
0b2289eb9d15,0,8451.011968788856,2
39492ad704e2,1,4238.526499032385,1
e34fd71b151c,1,2276.566152739046,1
b45c9705d267,0,6853.091723079974,3
08186d377a90,1,13602.330113357548,3
07e83d2d61ce,0,2180.9415745026245,1
4844c10ab08b,0,5595.692916140927,3
53b496319c49,0,329.12031747662286,0
73abe0de2e25,0,1369.325297616426,1
9c0bebcff375,0,8195.623631664514,3
d651619255ae,0,5816.840130317934,2
17e9ec4d89ef,1,3049.3427847150383,1
da693a4c6f86,0,4925.391000893178,3
dcf89bc7f598,0,1021.8383720734481,0
f1dc319914ff,0,2913.2869164574663,1
6a75a32ada79,0,1738.1289107130062,1
dac97fd4b014,0,7795.320709394933,3
a2cfc1c07cd2,0,3183.0110116655896,0
98eca81feeea,0,1186.0878735088475,0
805b1a703407,0,1733.6458713778916,1
7471b45ca4b5,1,1758.2353879062557,1
c29e1ffbe50b,0,5459.271570768689,2
7ff7fb9d51b5,1,3682.195837925489,2
6176163ee680,1,20240.536954178606,3
cc776cdc9acb,1,28887.527623787137,3
0464279823ad,1,1326.5778039464528,1
423f08669301,0,20834.606709065134,3
a86331bdd0a5,0,15006.14526600204,3
80aad32d3275,0,5889.32182962161,3
829a6ffca64c,0,1099.7981916186552,1
7105f890efcf,1,2414.1165782092266,1
0718f8b3d341,1,2053.983343567213,1
a264e79a1e80,0,1713.1115050432893,0
650114616365,1,1710.4181762220408,0
0085abcff0dc,1,5547.349016444493,3
954546cb82da,0,9261.3683352412,3
4d0183ef1286,1,3131.3338766035017,1
a7160a74f4d0,1,1112.1431959356187,0
4cb78d2db8a3,0,1999.2523874214933,1
ea49642e37da,0,2563.075890510468,1
06e777152921,0,3511.893606533227,2
9df208d33927,0,4454.704406074111,1
9981575f0cf9,0,1037.6383593073717,0
3d71f0d3341d,0,2982.9610824043893,0
1988800a4add,0,29363.006752385238,3
b28afa9d5496,0,12634.281913532539,3
32e4b2e25197,0,5894.0801263155,2
a7d1578c6bd6,1,1752.8871624836518,2
be2133e6e65d,1,1867.0016936595925,2
d4b85b69c70e,0,1401.0588895439616,0
089607af665d,0,8800.804611018251,3
fa207d7767bb,0,4159.9939009027685,2
86846df51a7a,0,1048.6974443141169,0
abdabf769bce,1,2309.2097045845967,0
d80a58fcaa45,0,6888.344579397605,2
d89a51138fef,1,3759.0525101142134,0
70ba8510f81f,1,17617.853151599047,3
6a89a1c134c3,0,4012.822111648682,1
f05bd94dec79,0,582.0302572480434,0
eb5e1e60fb75,0,879.5131530616761,1
7042f0128bd4,1,2932.8363894289664,2
17c27693d2fb,0,2380.4247502772887,0
3f9e8eaa71e9,0,2940.7676754472195,2
5cd3af6141d4,0,6802.134760842461,3
c9b85233b4ae,1,5832.736865848518,2
990fa945f161,0,2630.9670976248253,0
6fc262b00bf6,0,945.951936827804,0
3ca733df6899,1,4473.3783945557625,2
b022459666ea,0,2131.3606654126197,1
cf6877e5127a,1,2598.2157577130783,2
c5d22fa181de,0,2724.882142845995,0
b0cb9f394294,0,270.7307935168364,0
a1938c131c8f,1,3476.8267058243937,1
46e7b564ef98,1,1369.8907681249277,0
657f67919c3f,0,8984.40914624638,3
5af28e0c199d,1,21936.97356672708,3
9ff609fdd8af,0,9792.173862894222,3
8d5d07dfeadf,1,6706.300722982499,2
e52893e51e16,1,2795.84336753913,0
4563753a035b,0,2935.824353244965,2
bb8d84208f6d,0,1677.5434895812898,0
431ac595a086,1,7115.7403214793,3
d41db0b97e68,0,4065.038893762599,2
4a0dfd7ba749,1,3013.512971950166,2
41cc95f1fef7,0,651.6180608903911,1
3d7581277086,0,12582.367318416285,3
476204010a39,0,9257.928131778724,3
0a4489d56c7a,0,5691.8852876230385,2
3defd395604d,0,1755.1592618432658,1
f563ac0bc1bd,1,6219.384102888606,2
b6ef7891109e,0,1609.9294480315602,0
8cbc219f81f2,1,3540.117387399931,2
912fbe275415,0,11362.60149526229,3
d8588746fd4f,1,12717.943967968484,3
617d22e74f79,0,1311.0572335597008,1
358da97167dd,0,8681.347097177844,3
b85e9bac2980,0,18475.440475935702,3
06b0974379ec,0,2537.0652057158145,2
810c0b449194,0,1871.760577585249,1
7cfc039dbd50,1,13981.602654664875,3
0c68f9e5aeb8,1,4569.202127712045,2
cf908d0519af,1,4488.063973862752,1
4ab3dcbe3c8b,0,2969.0022345685557,2
d54fd06fe5cc,0,933.262451433291,0
01e92eae0fa4,0,1161.0318359591697,0
9541bda918fb,1,11637.296328679819,2
4f6ff7f855c4,0,5793.984481675299,3
2ba8c632910a,0,1317.9112741130652,0
e15a23127043,0,5354.143321480298,2
e33a7cbaadc2,1,1112.0251789451402,1
8f63d27bd4d1,0,961.6105987302902,1
9dacbfc78046,0,2172.5431745472997,1
20cf9b2eff7e,0,2744.735522288065,1
f74007b3fa1e,1,5290.20098701159,2
5f9296cd69d3,0,1344.3977204103471,1
f7c4039836fd,0,5235.621386952549,1
f7849e6bdc83,0,3186.6662418981205,1
23812ed0afb2,0,2326.7217441555517,1
84e53273ca95,0,830.8475044042378,0
4cfe0a351ca0,1,796.7874984429035,0
fbea909a62b8,0,1855.825842672789,0
10321a7aab7d,1,3991.689342195758,2
2f6d2801ecb0,0,4448.022550042927,2
7c938e678429,0,4366.480261994964,2
a495125271ba,1,1881.5921703162544,1
5722b12ddbdd,0,928.7431512209565,0
a0e882b56d4c,0,3133.416534030534,2
20f5c9dc6a56,1,4202.9550926062175,1
c15a0276eec1,0,8814.26273884468,2
c5e99a9de3ed,0,14789.06284220102,3
67c9817a7aa6,1,1670.238889719689,1
7391666b11c8,0,14448.192195476551,3
fb98d7e61126,1,4232.6242762067905,1
2ed7c57f95ed,0,7500.756617764073,3
e0e4482290fe,0,2469.96359159021,2
7fd4f6e69348,1,2474.4097622966133,2
63a7cf058b83,0,6435.386712578935,3
af33b6e9b8dc,0,376.52317486714765,0
a5c061e0137c,0,3341.681563986224,1
1d15b0c72d8e,0,2926.2887180252874,1
933d87798e60,1,8604.45651704332,3
4d2f4e66cbc2,1,7539.160857445001,2
11d95f97ea66,1,4913.010153084199,2
d67a9e49486a,1,17763.580881585516,3
b45dadb888bd,0,2880.00794847961,1
8c2bfd622204,0,4381.737599667409,2
9c1af1a28db8,0,1713.8006712889835,1
bc50619940e1,0,877.575917609612,1
7a45bf4a2b57,0,5828.036132953969,3
939c03864c15,0,861.4331537163205,0
040db3e7661c,0,18200.046709904153,3
90316ecd77b0,1,2081.6608696136527,1
ab4d6ace77fb,0,537.0885234329428,0
a3af3f12eb60,1,1218.0410601031463,0
c3c1b9030b89,0,2163.9834161391364,2
66152944b4b6,0,11942.569159441937,3
304942f12a83,0,10361.063413295526,3
bc44effbdacb,0,15154.381345483871,3
ec997d86d042,0,6201.275717347988,3
9e670b8e1c64,1,3974.6703615182178,1
37b99a820ef6,1,612.3073826354876,0
ab9af7f9c531,0,893.8243448458086,0
5e1412ade844,1,759.6116959421611,0
66930f6d5f22,1,5579.405124212938,1
5d4a88733a0c,0,792.4060860120296,0
fa7105df86a2,0,1806.7572515213392,1
bb731c1dc71f,1,20241.867529269864,3
d74baac5403f,0,5757.369400312541,2
34bfc07efd2c,0,6146.780585057926,3
f54dde082cd2,0,1512.8520621295856,1
9e4a5024d21c,1,1463.2630540666823,1
c9385492b5d9,1,3039.492590672188,2
011a940d4c8f,0,1899.2869106811593,1
7f543488d53b,0,3396.9580890703737,0
45a826d5301f,1,6391.98108333311,3
bed410a5365c,0,924.8422230635874,0
3ae06cfece67,0,1280.008745210152,1
5a21f89ba2ac,0,2335.817317723023,1
810edd340280,1,5983.143099231158,2
0cd45280e848,1,3537.117523663843,2
996b16a0a060,0,829.9155111454543,0
465a47d86589,0,4398.993072063837,3
46ad02d97665,0,1814.2743259664478,1
78615fa1a627,1,4352.885402690832,2
0b684ff5a812,0,3426.84827573564,0
09e1288680d5,0,6102.502319716876,2
1ac3423ac53e,1,4203.931878554004,2
3d3507d0b30b,1,1664.647710125121,1
dc58bda086cc,0,4590.982365214304,2
24e73fe29835,0,3154.3470611721714,2
30608d306cf9,0,8021.226138577266,3
0b4ff1347b2f,1,2364.068994730645,1
aa0d83705e87,1,3082.2151391725297,2
82b75f01d7a7,0,755.1092748260273,0
b74cc81d1c16,0,13176.145574843795,3
560439f93c11,1,4367.6270598635465,2
dcf1520adec6,0,658.4559754729898,0
1dc684ccc50c,0,2458.6913064756827,1
7f8b4970f4d2,0,946.2893953106351,1
7d436e12769b,0,4349.054409152149,2
43f937d7b252,1,23661.99267476253,3
8fec850b4383,0,1383.7979149605555,1
8c949c994f5d,0,10220.75272927615,3
75dd4113748f,0,311.7457153833531,1
ca282d078d7d,0,1398.736206980088,1
48fdf4c5d03b,1,3442.4299188211494,1
9f2b025b7ffe,0,2710.361121833758,0
eb82900c67b9,0,911.3342406486853,0
801f9692899a,0,9755.729941144666,3
40d4fcfa0d2e,0,3769.8132726894637,1
6d8bfe16917c,1,8250.53829535677,3
e6073cb36b9d,0,6720.9344315425515,3
69a2a77967e8,0,412.3538979975319,0
71c495fd99ad,0,10123.678974350814,3
e3c8572cc8be,0,6669.090013194967,1
9af17804e25c,0,2462.249547613177,0
c537c6cf1bfc,0,3248.4494138583655,1
916c2acb73ee,0,7754.80815168919,3
fb044551dc1b,0,6911.774865587349,3
8ae4c084087f,1,2320.2343782908174,1
29b121634056,1,6041.789058644151,2
988b3acf70c8,1,14267.917909136639,3
b095065bf0e5,0,7580.215375482569,3
77f7955b9fa0,0,18391.354311161525,3
2ba6e2c13bb5,1,4307.955905651175,2
941e505c4731,0,8747.820120219147,3
9f9db67c6b7d,0,1123.5032238895656,0
ee8ed08ff911,0,5537.460694647719,2
1bc86afa926b,0,951.6327257624598,0
ad7dce38f592,1,3902.2106778283246,2
b93b2b5987db,0,9769.73904884674,3
85ec3a0fac47,1,3648.631410913278,0
7208ea15d42d,0,3537.2215909488013,0
f68c45213c7c,0,2909.4625023830195,2
409cabd02399,0,1527.447913445793,1
23eaa2183a5c,1,9372.178233262784,3
82f8cde64b6d,1,807.8357303698978,0
5f60a68bf118,0,9803.955781083912,3
49613386ba83,1,1391.6275611900378,0
9153fbf38702,0,802.6299625884931,0
6ec1d7378d5d,1,4534.016382262705,2
6d9da2f5b967,1,12285.670911622186,3
93b879198a48,1,3409.858669946488,2
026ca1e5f899,1,11476.717778075908,3
bfcc957954ee,0,1266.0146310319492,1
f2f16d8e26ae,1,8052.43277471289,2
cbeed767daf9,0,6003.643678832323,2
bf976f767a51,0,20180.83597769357,3
8ba74cd77930,0,17162.895525298074,3
b72265bb4089,0,662.2022293591949,0
5970c87a1588,1,4363.903248310585,2
fb33094fc994,0,1403.4365418943337,1
c53f1a7fa3d7,0,12725.795369288124,2
af56b7dc0f96,0,825.957089656298,0
5b2982088069,0,7714.889754854528,2
9093d21cd639,1,2376.7461921726863,2
55c2eabd09ab,1,2352.5936472156286,0
5371ae51e267,1,8228.510123228223,2
f5f91e8721a6,0,2931.9871761113654,2
d3b03aafde6f,0,877.7318933579969,0
b844f5ce14f1,0,881.708880321426,1
dca2c7a80ff1,0,1590.6501484026733,0
f2767dd8ca14,0,9225.605178333011,2
d5e7587596cb,0,763.7229668270278,0
dbf5c2e9010e,0,6066.151274522232,2
ab3a56fc7a85,1,17075.65127605099,3
47dee204e450,0,4569.688849069448,2
c77c54e7809f,1,11924.350911663436,2
fb6f3c67a63e,0,7156.897492205212,2
0879657a4cdf,1,10002.149666886546,2
b35e34454503,0,6650.124631048881,2
974c33b3b2b4,1,5105.540756188816,2
7ef2fce82c6d,0,3202.225766645584,0
910fed0b8090,1,8210.186693244606,2
ee02ca17f241,0,1172.9994784249159,0
b23712b0eb6f,1,2988.281636670345,2
e6ef75d17daa,0,11804.916430823188,3
4c155421f0b9,1,7359.661243062186,2
4461b4319b64,1,3375.6312196558392,2
48df5bea9180,0,1011.6579187102808,1
f6bfd4dee138,0,29268.506936236958,3
81087f58da63,0,1531.7154512662394,0
93b4b13df821,1,6711.555059236698,2
3a3ba1b07734,1,11926.960282326998,3
1425dea616c2,0,1423.2747281043653,0
384c38cbac71,0,4003.2283372762945,1
e7ae10df043e,0,3527.5265523740395,2
4a5ea75c357b,0,1411.9420608248022,0
ec836652658d,0,4418.352251123049,2
5a246c4d3a0b,0,940.7548859502301,0
d1fb8c1dc60e,0,28240.44721323181,3
8899f67baa78,0,2596.0750237764687,1
5fc3df67aa92,1,6938.108561872326,3
cc80c9922cf3,0,2981.7094762276,0
fc4ec0da12c4,1,15233.40536523598,3
8b1dd4de425d,0,6357.1295160449345,2
1c36f9ad49e5,0,730.7551759604066,0
661f4d92d27a,1,1701.1938050292952,0
d890143a7d95,0,23662.79145288591,3
c60a269481d4,0,2547.9327439900985,1
f756362c7583,0,2442.743268700279,2
9f2e28fc0143,1,1636.77641403221,0
4d256e091b67,0,672.4542817051533,1
59931109ea11,0,1262.256538061851,1
925a18f5c35d,1,1719.9211321437315,0
efbafa450470,0,645.6953203988091,0
b79485a39dae,0,24207.492534539015,3
2701a6d12a17,0,1595.564931872988,1
2a2134c2cba1,1,3499.50038191026,2
523902dafa95,0,2068.467169025649,0
6a7c16ec7fa6,1,2150.5090211990464,2
45e26b78d39e,1,1004.0406203021404,0
3ac96979278d,1,11843.439648958112,3
0d955cdfcb29,1,5518.912749784556,2
8b02f090c142,1,2916.633606744842,1
7ebb238e38ea,1,2024.4185157401043,2
b8d59f16ee30,0,773.9249749695342,0
ebe1b2ff07d6,0,3944.6737830827283,2
5631597a8361,0,964.1434043660823,0
d1303cb7e4ea,0,1346.997669463293,0
8b67d4eb9a01,1,1618.516401783653,0
eda7b0de76c8,0,7561.578856417972,3
f98a29a5d6e1,0,689.0889205535898,0
bc3ac96b4251,0,9580.446553654905,3
bbc746bd6523,1,375.3871445154496,0
45199de9d902,1,6530.7967051886,2
db78495a1c71,1,14499.588865668957,3
94fd8962d95f,0,2237.814917602938,2
607a2f72eb83,0,9319.274819184606,2
2162633a2725,0,3972.8370075441985,1
bcc34ac251b1,1,7021.056681176175,2
98122e3f96cf,1,3221.3098861734225,1
3a4d288b72a9,0,3794.3841086914767,1
f3554d26c6b2,0,1023.2562190980316,1
50ad76a76de7,0,885.2020141715462,0
7e04302fa823,0,2987.9584652077856,1
ef47229f261d,1,7812.099772832102,2
a680d1a44e28,0,505.98944254993535,0
3f359dd5c2a3,0,465.7925947261062,0
c1fdaa2f7835,1,703.1157231343733,0
8bf83452e018,0,3505.0527659332456,2
2a4267bb346c,0,10709.317079652936,3
4ea76fd0ad31,1,5666.534103212832,2
bff191932665,1,8539.712816172694,2
b08b9fb00069,1,2799.2210495917316,2
401de48dfaf9,1,4497.69870729669,1
bf9c27fde67e,0,8382.177535706107,3
458d4377fd2f,1,16214.349202110328,3
4a04e40331af,1,1739.8221197788737,0
1f3929d15008,0,11607.99672803894,3
f3e0c9692418,1,3426.8079135489133,2
d93e3bad456a,1,749.6959635558724,0
b09e435cca55,0,9074.007060110845,3
31b5d6c604e9,0,1061.0258962805328,1
43db4ac55a67,1,5064.919223009368,2
61cb97daca18,0,1699.753050961828,0
da43533bd383,0,11553.534819873463,3
ff0915698771,0,5644.330609987697,3
2d2228c88d93,0,8495.080068797215,2
a3738d6eda6f,0,1080.6127668080348,0
882797e27b58,0,2864.802231659033,0
33a28e43e768,0,5039.067416422906,2
89e9351e129b,1,4395.336080324159,1
6abf6b97afcd,1,3171.9400216296535,2
234b2f37753c,1,11120.888972221193,2
64bfa8ba4671,0,1093.142422313903,1
de7c39c40fe0,0,1252.1786727615472,0
a33d3aa82413,0,11891.612861190088,3
21e169095081,0,1295.0796916304985,0
e06549322ebf,0,3263.56154237766,0
20cea176c317,0,11793.136111369155,3
9322078e07c3,0,1881.2237898076426,0
eea45a5ca75e,1,23558.204730729143,3
d40fd3f9b012,0,3438.6281658289085,2
66f25ce734b9,0,759.1856346239713,0
8f141c554edc,0,1438.4169605131349,0
563585c50b32,0,14029.118238877247,3
34085f50c21e,0,12309.681087432373,3
57f4d750d5e9,0,9972.50871356162,3
7eccf4eec920,0,979.1716720926732,1
97be22487d47,0,3332.221918960698,2
4fed14aea4e5,0,5974.552233295684,2
b0c59163aee1,1,11882.141414347934,3
ca16df0b9f5e,0,2247.240630315855,1
3522be57e4c2,0,888.1641789815242,0
08fe12639cfe,0,6579.590705123577,3
d6fb8724b4ec,0,1437.3854514013108,0
04a127748b57,1,1133.65077402685,0
74e457e9a459,0,3327.4285341652594,1
18223dd53991,0,5264.939297694854,2
c5d779ee740c,0,322.119884031188,0
53eca0e72a44,0,4821.695796326374,2
44a7c48ac7cb,0,2665.914687498526,0
ad46dfd283d3,0,2187.7217268110594,0
cbfceb4a44de,0,873.5861658695903,1
ba72db43bd2d,0,1480.3768462002638,1
63028733bbcb,0,5468.860161045095,2
54724ada8b75,0,1177.4852825397782,0
0f11d438fcb3,0,15486.072037447326,3
b66ac5d39ac0,0,18942.980691224777,3
40e4c1f7c3c8,0,2965.5424765548705,0
b82a073d325b,0,2980.9965595650347,2
d69ac5614918,0,2325.9910908165475,0
819235d9ad03,0,25599.084654393304,3
b44a13332fa6,0,740.3602117176797,1
bb6b4de346f2,1,5425.073616258451,2
6565a9dc3aa0,1,20195.37983550062,3
2abf4b9b7e8c,0,2153.5254076725337,0
9d74e1d9d88f,1,762.692227144881,0
662a7fb0f4c4,0,849.8603121368211,1
1daa1b34aa93,0,14373.687797220155,3
974c1afd2261,0,1308.1335800353577,1
3f9ef67a1616,0,2097.426092338564,0
3518639ab413,1,10827.29765705184,2
336ebe4731eb,1,1079.8039448049437,0
d8e192e2ad34,0,1110.0557315776766,1
ccd308530284,1,4302.542691125829,2
66d347b66b83,0,8255.66679248132,3
4c3d433026d4,0,4086.0526425093526,1
3bb4a6fb12ae,0,5688.132870653592,2
3eaf304e873e,0,9099.402378830597,2
515ba7fc6f30,0,2568.6820057427108,1
166e7036e94f,1,1687.103370298652,1
d805fedc9318,0,4295.351994074185,2
842dd0ac1809,0,4671.683405824439,1
e03706221e36,0,32947.50171235864,3
7b3613670446,0,4642.999945785116,1
788d5b511887,0,9561.856817505177,3
e4d2569ac3f5,1,2465.9058000657706,0
85e41ac69df3,1,11389.592898165123,3
f6b0d327be2a,1,1694.4456493782193,0
c82aec94f1fd,0,4824.379696472529,1
25a56a9139ed,0,15532.371157029254,3
71753de83cb1,0,830.8407119289637,0
57911c41359d,0,1526.252318569924,0
919f8cb25e4c,0,14907.888638550228,3
fb8995837b8a,0,6053.191810859976,3
fe5f36ac0584,0,12282.451259863792,3
34360b649cc5,0,2966.2010126960313,0
3f0c3ead3875,0,737.9067644686243,0
aaadac0e2406,0,1466.093484448344,1
1702bb9af3fa,0,5302.171062640373,2
ef368605c58e,0,2964.219948707119,1
f2bb596399b6,0,15461.781861771098,3
164f5167d866,1,4063.029652700498,2
a869e78bfc15,0,6626.513058891658,3
e5285babd53c,0,1020.2973051228959,0
61b7b8095cfb,0,4456.022575331062,2
1a1b42c2f9bc,0,1076.4841069430133,1
2c716c67bb21,1,1319.7699334241872,0
694eb80008ae,0,27404.697016010272,3
9212e3203879,1,1317.2922098424285,1
8e38ccb138f7,1,12670.610216079695,3
2be64d3bd83f,1,13351.611357836495,3
0543a2fa6bb0,1,6304.523999259278,2
e7733f0e3c57,1,4947.95017686981,2
34d4b64dd5ee,0,3665.435156898444,0
a23ce65a3a87,0,4314.413843309994,2
93f4484a3333,0,12502.137955081234,3
949f88e61404,1,1072.64383699383,0
3098360fdec2,1,1675.6310952064846,0
2bfd9e969393,0,8515.116584892634,3
b9f56f8306d3,0,22485.05827006663,3
93790516106a,0,12384.362021721818,3
5f4e84a8f8a7,0,440.1720295880971,0
6ea59d7109d9,1,5521.283719583876,2
f36a62729c25,0,4199.582830844595,2
f39ed9562c04,0,13329.51848791687,3
7d93829d56dd,0,527.1329422645921,0
c7958304cb10,1,1940.6913387203358,2
c9d7c68b1046,1,3195.529325331398,1
30492f9d7e82,0,472.095007252407,0
3c258a8a96d8,0,6676.038756037121,3
47869770920e,0,960.3179967165373,0
7b7a818c781c,0,6224.741921533649,2
c54887b81214,0,4282.55022537727,1
887ea346b90e,0,1712.339739063394,1
eb098a9ee18c,0,1760.0793510938047,1
220f6f605b1c,0,2868.3930617448937,1
9c4a29335d00,0,2798.4226579596602,1
9d2f39a22b01,1,2780.9553701234227,2
288362222757,1,2989.578607204972,2
d82218f9387a,0,2176.1987247007005,2
5c11e820cd07,0,2992.4919609831095,1
0ca4994b8e5f,0,15104.509400846227,3
58677ad6cd2e,0,5184.415806528772,2
e0abbd107031,0,591.436537582523,0
4509aaf729ff,0,4801.202689605231,2
8986e963496c,0,5902.037363541321,3
e7a57b1c20a0,0,763.5120972658442,0
60c758b90b90,1,6874.859603712977,2
e1dcbcc5ddf5,0,2423.365641780419,1
52c486e413cf,0,8990.9141295995,3
80ca4d4e215d,1,5270.093375147539,2
2b0ff6a874be,0,3960.9255700787385,2
d335214ae1e6,0,18711.19639451441,3
9e1885bbd186,1,1304.0242663608753,0
91decd1b82ca,0,5668.780443229382,1
80b827f7754d,0,870.7123405602229,0
7c9713feeebe,0,8543.688562106934,2
aa019d2071e4,0,9774.62110430273,2
ea7d7bde6615,0,12725.201151394866,3
da5ec4f04322,0,10082.49607890901,2
9cbb4e059d65,1,4844.761828711791,2
5aa3995563ce,0,12690.58001003526,3
57fa1f574c0e,0,6159.745029570045,2
48300cec33e1,1,1728.5336032263156,1
b420d51b1e31,0,6681.2181161372255,1
5e2535ca457b,0,5198.789582844467,2
d18ecdf6cc6c,0,4216.416798610781,2
498e4b5b92e0,1,2208.049411000685,1
c45c4de83fbd,0,2817.2634098187896,1
ee4d9b4d9c57,1,11063.014418838524,2
ae2857ff1d83,0,5082.822625715089,1
bd801431d1d1,1,14465.575388738467,3
f0846d1691fe,1,7782.740325088061,2
bb7cf03f94eb,0,20093.777347531326,3
078cb23b721a,0,7903.449706560214,2
5abfd5eae2d0,0,7384.472995788548,2
e1b1577905df,0,7716.430036642363,3
9528d67e79bf,0,6674.074576081826,2
12a21b4e3b3b,0,4816.146810892064,2
6904638adcb1,0,2819.712769990505,1
78bea426cd1a,1,8977.730484516153,2
7fd52332d08a,0,2059.4657487366517,1
708c9d1daed1,0,5454.657401011981,2
8a566cab0e0c,1,2340.3701341194205,1
a715d3dce7f2,0,388.8209759131215,0
663c5816800f,0,9153.080006099359,3
ad4c922f9722,0,6239.927357159512,2
5fc7fbbe52af,1,18635.061904657443,3
657a3da85a42,0,1246.782936574659,0
2f56f31d2bd5,0,939.5367473003712,0
5ca0c3a2be6d,1,1642.6023951784734,0
7534eb3fa63a,0,805.9557438889096,1
4c1f3af7064d,1,3024.4520603177,2
db693a3dc7d7,0,2782.381748350986,0
28ec26020adf,0,388.7088272187244,0
9c5122d26b3e,1,2007.8904357226147,0
d041f7a6fd57,0,6094.62262086546,2
42b2a1f54ccf,0,1149.4207961452603,1
7240eccced2e,0,1537.2448280168614,0
e074297af072,0,8532.843778574812,3
21bfdcbd0228,0,560.4762177248521,0
5882700b3768,1,2133.075913088202,1
610bee269bd8,0,10395.710030997914,3
f41b400e000e,0,12169.096966446165,3
da30975c3be5,0,2214.6507659363833,2
732b649bd623,0,16455.306997789852,3
bf313b223d36,1,935.61276052243,0
42e43516d454,0,18134.523665793527,3
6236f1075b03,0,501.9216641749331,0
c4fe08517567,0,6020.713012576899,3
9fcb30877152,1,13155.580904245942,2
c1ffab9040e2,1,11773.453007261209,3
4b99ff3c28d4,0,1217.8400432044975,1
17c993b3d9b2,1,11932.696328434153,2
503d151fdbf5,1,5066.169056170369,2
ec0b2ae5e92a,1,1707.1625783698914,1
8fcb7b7b7381,1,3403.8631419465382,1
8b40cae4b866,0,6155.49091659377,2
70589f39486a,0,5117.172023843574,1
efd33fa3a8f8,1,5100.2706796355815,1
0f2430e1b9bc,0,6271.049065702359,2
0c29d28196cc,0,1450.4937362375247,1
75960c753fbf,1,6297.769069377347,2
16ec36eb029a,1,1880.4539344166526,0
046eb821ae9d,0,2554.0022918220006,1
650cc9c2ebc6,0,2397.550003124091,1
e5a56f36fe74,0,2037.999751640889,1
d9621eb94e85,1,1587.942751753827,0
98d35d14a0cd,0,4193.7014092656045,2
53e8276768bc,0,1341.9907611680724,0
e5904067c3a1,1,4794.192246432996,2
3a8305f16227,0,1069.6808338617188,0
389056fa5d3e,1,9495.14187662434,3
b30454f191ac,0,868.0829867759538,0
f65d62e7dbe5,0,9548.62193957295,3
7c7628afd450,1,5280.557595047849,1
d6e027c5f2cf,0,4951.564920633386,1
458fc3f5ad5a,1,12565.757041634766,3
c959682092b1,1,5207.328146525174,1
7fe54b67aae7,1,6869.455571002635,3
c5887cf8af58,1,2134.747585697778,2
dbbb1cdaf193,0,3885.329466018349,2
419314cadb4e,0,877.135887289553,0
6006a5cc2a16,0,4361.659427608977,2
1001da388bd6,0,6058.171888114405,2
2c9642b1407a,0,902.9679784377371,0
147bd9bc163a,0,1689.4621887220137,1
e95c3aeaca58,0,4298.698622448142,2
17e10a5ccce1,0,3132.5409854033887,2
e72971bb520c,0,11400.479193461915,3
86356c82b9eb,1,3405.272606524285,0
b669560a243d,0,3859.3977493795906,1
347d39d40451,1,2943.656350328373,0
a0a818a246b6,1,1442.759542569903,0
060d5cf7113d,0,4828.5435267877765,1
f30ab212c2fd,0,3203.7323174301846,1
cde25c9ccc29,0,1245.8680561023564,0
a81a3a99dcca,0,6586.704552628851,3
fb6621156bdc,1,3947.5202325065775,1
de7719a502ec,0,14952.084451005805,3
1dff5f7120eb,0,3756.8750281974726,1
625565dfcfc7,0,15541.593856515803,3
8675b0218dd9,0,1627.2592402331934,0
d2a2229bfb72,0,4375.019015904457,2
b17513b63b1a,0,14377.283868782777,3
b60fd0054db7,0,3776.215115248339,1
78aa688bc9ac,0,1787.3572245826763,1
9ee5ce0a72f9,1,14096.542538449836,3
35a61f9b94d9,0,17738.608501483297,3
14c9d9da8a16,0,23682.968928019727,3
f4efc444d81c,0,6402.035834153277,2
b6ee5d38f565,0,943.8457755286074,0
6a395fa28626,0,3485.5717085596907,1
a92ea16268bb,1,3182.3817193335162,2
8d6775b79fc2,0,15466.060403499461,3
980565aa1ffd,0,17430.77683317565,3
d21663c01a72,0,1886.1726343608448,0
0474201ac28d,1,14569.003448986727,3
89dd573afd51,0,2701.34697886008,0
7db2d9a9cc90,0,1539.514725920817,0
f8474d6ff1b4,0,2468.0777672008403,0
b09c24999a3b,0,10194.847208365723,3
d1588f6d5671,0,1365.7104783001303,0
4439eb7f7c61,0,6240.740888583123,2
792dda42d545,0,18006.790222657473,3
7b4008595068,0,2632.125994109781,2
8e56d9a2efc7,0,1096.6340511251599,0
61ca535f63c2,1,12544.185150897105,3
f05760a07e1b,1,4878.874443627438,1
134942a8216a,0,2236.7856455019687,0
44508c2d9227,0,2474.4622571959726,0
a53310e11b5b,0,3028.0542887201455,2
d97d66c30026,0,13767.16766013207,3
d7d8543b2302,0,18060.87854033387,3
1b8833411e22,0,6332.372225503993,3
ac4a0752c016,0,2962.4122931242464,2
c7cfca316f7e,0,3335.7676671066997,2
afcbd1b58b70,0,1648.8762911423357,2
9a9f61e36c4b,0,3316.059245106736,2
2728f47d579f,0,3891.1243696275055,1
5be3cc467d26,1,767.8235225081979,0
0834fc0fb613,0,9580.954296527441,2
2bac53eb6e0c,1,6627.757266047855,2
9ddb205ea911,1,11919.367544202343,2
6ce29751cae1,1,8572.444926543498,3
802ac27cc357,0,301.2747631369315,0
4dac2c336a51,0,3276.5953011841975,1
4b5b5b437047,0,2332.384362263958,0
c8259a0edc7e,0,16732.171238010356,3
4330bd5d80a3,0,4962.958644697492,0
59c32448d729,0,14201.35349894955,3
9de152a49fb0,1,4103.658647297679,1
19a2e1385a05,1,556.8973292610079,0
d492da48c89f,1,1261.1620167727476,1
5d8875784f5a,0,16260.843381323397,3
dc72a5df7efc,1,1661.7029223411366,1
a3aeb0ccf7bc,0,3320.0255484248473,0
f3089d7760e4,0,1895.4723606538078,2
c5d7f25a77dc,1,8521.67451932248,2
26ec0526530c,0,2944.9019499168953,2
4f6a786a6dfe,0,8781.389281643058,3
c5aa672f8a96,0,7197.291081862886,3
7a6901f0b3b8,0,13477.730290509546,3
e3df69427fbc,0,3688.5315267520937,2
26d4d62d35cf,0,4104.820309145109,2
79f77591fefa,1,4952.836690970483,2
acfc39c0c4d7,0,3146.052453484047,2
2acb72b045d5,0,1028.1694697076819,0
5176ee3b3222,0,10583.51698665648,2
1016146a2368,0,850.7810090487062,1
